feature,class,structuralcategory,functionalcategory,totallength,totaldb,totaloh,fullname,Astrocytes1,Astrocytes2,Astrocytes3,Microglia1,Microglia2,Microglia3,NeuronsDIV101,NeuronsDIV102,NeuronsDIV103,NeuronsDIV161,NeuronsDIV162,NeuronsDIV163,NeuronsDIV51,NeuronsDIV52,NeuronsDIV53,OligodendrocytesDIV11,OligodendrocytesDIV12,OligodendrocytesDIV13,OligodendrocytesDIV251,OligodendrocytesDIV252,OligodendrocytesDIV253,OligodendrocytesDIV41,OligodendrocytesDIV42,OligodendrocytesDIV43
CE 16:0;0,CE,STE,NA,16,0,0,,NA,5.67952013,9.849300385,NA,NA,NA,NA,NA,NA,NA,NA,NA,NA,NA,NA,NA,NA,NA,NA,NA,4.604899883,5.964680195,NA,NA
CE 16:1;0,CE,STE,NA,16,1,0,,NA,NA,11.18080044,NA,NA,NA,NA,NA,NA,NA,NA,NA,NA,NA,NA,NA,NA,NA,NA,NA,NA,8.89511013,NA,NA
CE 18:1;0,CE,STE,NA,18,1,0,,7.740089893,11.54220009,21.38540077,NA,NA,NA,NA,NA,NA,NA,NA,NA,NA,NA,NA,NA,NA,NA,NA,5.752810001,NA,11.81509972,NA,6.655489922
CE 18:2;0,CE,STE,NA,18,2,0,,12.39260006,19.11260033,19.41130066,NA,NA,NA,NA,NA,NA,NA,NA,NA,NA,NA,NA,4.673500061,3.657520056,3.785350084,4.980380058,4.713359833,3.758680105,9.643600464,5.728960037,6.65512991
CE 27:2;0_18:1;0,CE,STE,NA,18,1,0,,0.234753996,NA,2.840240002,NA,NA,NA,NA,NA,NA,NA,NA,NA,NA,NA,NA,NA,NA,NA,NA,NA,NA,NA,NA,NA
Cer 32:1;2,Cer,SL,NA,32,1,2,,0.439179987,0.564191997,0.278443992,NA,NA,NA,0.227421999,NA,0.300309002,NA,NA,0.318677992,0.252620012,0.236065999,0.476489007,NA,NA,NA,NA,NA,NA,NA,NA,NA
Cer 33:1;2,Cer,SL,NA,33,1,2,,1.223639965,1.647269964,0.694733024,NA,NA,0.312373012,0.522346973,0.488081992,0.687646985,0.423233002,0.373681992,0.805164993,0.585054994,0.566603005,0.953831971,NA,NA,NA,NA,NA,NA,NA,NA,NA
Cer 34:1;2,Cer,SL,NA,34,1,2,,26.58729935,32.80519867,24.45129967,6.483560085,5.986100197,5.956369877,8.650320053,8.470760345,12.48480034,7.741779804,7.008820057,14.71430016,8.940320015,9.08382988,15.4375,NA,NA,NA,NA,NA,NA,2.39677,NA,NA
Cer 34:2;2,Cer,SL,NA,34,2,2,,1.668789983,2.202660084,0.712970018,NA,NA,NA,0.155240998,0.145777002,0.258873999,0.150775999,0.135799006,0.242822006,0.195519999,0.208296001,0.421968997,NA,NA,NA,NA,NA,NA,NA,NA,NA
Cer 35:2;2,Cer,SL,NA,35,2,2,,NA,NA,NA,NA,NA,NA,NA,NA,NA,0.101476997,0.0859126,0.149753004,NA,NA,NA,NA,NA,NA,NA,NA,NA,NA,NA,NA
Cer 36:1;2,Cer,SL,NA,36,1,2,,17.11420059,21.57099915,10.94309998,0.488546014,0.364529014,0.412826002,15.82260036,15.37559986,18.89749908,29.11639977,26.89870071,39.95489883,8.648880005,8.651610374,17.77960014,0.885047972,1.391710043,1.988479972,1.680420041,2.060280085,1.457290053,3.954090118,1.930750012,3.088779926
Cer 36:2;2,Cer,SL,NA,36,2,2,,3.492660046,4.434309959,1.251139998,NA,NA,NA,1.979239941,1.811050057,2.711430073,2.07159996,1.994070053,4.112160206,1.158079982,1.226510048,2.842509985,NA,NA,NA,NA,NA,NA,NA,NA,NA
Cer 37:1;2,Cer,SL,NA,37,1,2,,0.409143001,0.582606971,0.214516997,NA,NA,NA,NA,NA,NA,NA,NA,0.225220993,NA,NA,NA,NA,NA,NA,NA,NA,NA,NA,NA,NA
Cer 37:2;2,Cer,SL,NA,37,2,2,,NA,NA,NA,NA,NA,NA,NA,NA,NA,0.072478898,0.085744701,0.124330997,NA,NA,NA,NA,NA,NA,NA,NA,NA,NA,NA,NA
Cer 38:1;2,Cer,SL,NA,38,1,2,,2.987090111,3.502340078,1.80795002,0.206517994,0.174730003,0.171333,0.332846999,0.330045015,0.475576997,0.488669991,0.471886992,0.713096023,0.225457996,0.275925994,0.494872004,NA,NA,0.157113999,NA,0.151354998,NA,0.405452996,0.160757005,0.202761993
Cer 38:2;2,Cer,SL,NA,38,2,2,,1.064090014,1.305879951,0.355096012,NA,NA,NA,NA,NA,NA,0.056009602,0.089960203,0.125093997,NA,NA,NA,NA,NA,NA,NA,NA,NA,NA,NA,NA
Cer 39:1;2,Cer,SL,NA,39,1,2,,0.369978011,0.49849999,0.214992002,NA,NA,NA,NA,NA,NA,NA,NA,NA,NA,NA,NA,NA,NA,NA,NA,NA,NA,NA,NA,NA
Cer 40:1;2,Cer,SL,NA,40,1,2,,5.277719975,6.457240105,2.67185998,1.604949951,1.426139951,1.308210015,0.249764994,0.238067999,0.373403013,NA,0.259050012,0.532604992,NA,NA,0.436531007,NA,0.31725201,0.497011006,0.337808996,0.502542973,0.289499998,1.241520047,0.442759007,0.683887005
Cer 40:2;2,Cer,SL,NA,40,2,2,,2.938299894,3.874900103,1.348420024,0.332412988,0.315133005,0.341793001,NA,NA,NA,0.067069396,0.065176599,0.131836995,NA,NA,NA,NA,NA,NA,NA,NA,NA,NA,NA,NA
Cer 40:3;2,Cer,SL,NA,40,3,2,,0.208682999,0.295789003,NA,NA,NA,NA,NA,NA,NA,NA,NA,NA,NA,NA,NA,NA,NA,NA,NA,NA,NA,NA,NA,NA
Cer 41:1;2,Cer,SL,NA,41,1,2,,1.014989972,1.26335001,0.606706023,0.396907002,0.412703991,0.328384995,NA,NA,NA,NA,NA,NA,NA,NA,NA,NA,NA,NA,NA,NA,NA,0.485215992,NA,0.246219993
Cer 41:2;2,Cer,SL,NA,41,2,2,,1.287230015,1.657199979,0.485251993,0.503840983,0.465734005,0.486512005,NA,NA,NA,NA,NA,NA,NA,NA,NA,NA,NA,NA,NA,NA,NA,NA,NA,NA
Cer 42:1;2,Cer,SL,NA,42,1,2,,3.765120029,4.873429775,1.647709966,3.069789886,2.642440081,2.956779957,NA,NA,NA,NA,NA,0.369673997,NA,NA,0.34502399,NA,0.620321989,0.834078014,0.70499599,0.94720602,0.533196986,2.46833992,0.979821026,1.325909972
Cer 42:2;2,Cer,SL,NA,42,2,2,,18.38330078,22.91449928,8.951899529,5.387599945,5.226419926,4.765089989,0.747296989,0.750349998,0.960969985,0.558560014,0.50049597,1.229390025,0.677146018,0.660354972,1.270149946,0.444469988,0.809395015,0.989674985,0.627129018,1.090219975,NA,3.72871995,1.109740019,1.736629963
Cer 42:3;2,Cer,SL,NA,42,3,2,,3.620569944,4.949930191,0.883762002,0.768785,0.685310006,0.649487019,0.174335003,0.208913997,0.326986015,0.157041997,0.165892005,0.36808601,0.200244993,0.219393,0.394338995,NA,0.110076003,0.141053006,0.078749903,0.107348002,0.0652164,0.349613011,0.082265697,0.085017703
Cer 42:4;2,Cer,SL,NA,42,4,2,,0.280663013,0.392082989,NA,NA,NA,NA,NA,NA,NA,NA,NA,NA,NA,NA,NA,NA,NA,NA,NA,NA,NA,NA,NA,NA
Chol,Chol,STE,NA,27,1,0,,2938.679932,4063.060059,2105.52002,1220.5,1145.579956,1202.72998,1773.660034,1792.319946,2115.02002,1592.22998,1450.650024,2883.899902,1198.339966,1182.52002,2016.060059,416.8259888,679.1749878,843.9199829,911.9699707,1138.300049,666.3129883,2482.48999,1150.780029,1516.609985
DAG 14:0;0_18:0;0,DAG,GL,NA,32,0,0,,NA,NA,NA,NA,NA,NA,0.162766993,0.291621,0.0882283,NA,NA,NA,0.151100993,NA,0.139311999,NA,NA,NA,NA,NA,NA,1.181689978,0.173572004,NA
DAG 14:0;0_18:1;0,DAG,GL,NA,32,1,0,,0.579994977,0.59156698,NA,NA,NA,NA,0.468044013,0.504674017,0.424831986,0.195942998,0.209585994,0.653165996,0.177517995,0.133980006,0.393043995,NA,0.099438399,0.139381006,0.130891994,0.223381996,NA,1.616350055,0.111896999,0.229384005
DAG 16:0;0_16:0;0,DAG,GL,NA,32,0,0,,11.31270027,12.97329998,8.072319984,NA,NA,NA,NA,NA,5.863269806,NA,NA,5.263480186,NA,NA,NA,NA,NA,NA,NA,NA,NA,6.636489868,NA,NA
DAG 16:0;0_16:1;0,DAG,GL,NA,32,1,0,,7.912529945,8.473489761,4.146210194,NA,NA,NA,2.436919928,2.374200106,3.061759949,1.592210054,1.72171998,3.801160097,1.713559985,1.993180037,3.200819969,NA,1.114860058,0.936951995,1.341910005,1.812819958,1.032559991,5.397950172,1.183650017,1.675860047
DAG 16:0;0_17:0;0,DAG,GL,NA,33,0,0,,NA,NA,NA,NA,NA,NA,NA,NA,NA,NA,NA,NA,NA,NA,NA,NA,NA,NA,NA,NA,NA,2.691999912,NA,1.506180048
DAG 16:0;0_18:1;0,DAG,GL,NA,34,1,0,,18.80879974,21.27099991,9.299099922,2.312939882,2.189810038,1.933799982,5.931099892,5.97303009,7.281720161,4.873209953,4.359099865,9.315509796,4.698060036,4.644340038,8.496470451,1.19441998,3.181760073,2.596709967,3.941669941,5.192399979,2.940239906,9.704759598,2.993750095,4.677080154
DAG 16:0;0_18:2;0,DAG,GL,NA,34,2,0,,1.063390017,1.091689944,0.501527011,NA,NA,NA,0.323347986,0.368175,0.578846991,NA,NA,NA,0.45076099,NA,0.920611024,NA,0.317748994,0.445096999,0.618870974,0.575580001,0.474658996,1.048069954,0.236156002,0.277797014
DAG 16:0;0_20:1;0,DAG,GL,NA,36,1,0,,0.200872004,0.425179005,NA,NA,NA,NA,NA,NA,NA,NA,NA,NA,NA,NA,NA,NA,NA,NA,NA,NA,NA,0.938962996,NA,0.41098699
DAG 16:0;0_20:2;0,DAG,GL,NA,36,2,0,,0.387037992,0.509756029,NA,NA,NA,NA,NA,NA,NA,NA,NA,NA,NA,NA,NA,NA,NA,NA,NA,NA,NA,NA,NA,NA
DAG 16:0;0_20:3;0,DAG,GL,NA,36,3,0,,3.220560074,4.169360161,3.439310074,NA,NA,NA,NA,NA,NA,NA,NA,NA,NA,NA,NA,NA,NA,NA,NA,NA,NA,NA,NA,NA
DAG 16:0;0_20:4;0,DAG,GL,NA,36,4,0,,15.38910007,18.65259933,10.14570045,NA,NA,NA,1.83020997,1.685600042,2.830270052,1.495949984,NA,3.643189907,1.518519998,1.483139992,3.391649961,NA,NA,NA,NA,NA,NA,2.907690048,NA,1.036640048
DAG 16:0;0_22:4;0,DAG,GL,NA,38,4,0,,2.050090075,2.662610054,1.042709947,NA,NA,NA,NA,NA,NA,NA,NA,NA,NA,NA,NA,NA,NA,NA,NA,NA,NA,NA,NA,NA
DAG 16:0;0_22:6;0,DAG,GL,NA,38,6,0,,7.239210129,8.551099777,3.192780018,NA,NA,NA,NA,NA,NA,NA,NA,NA,1.183210015,NA,2.389090061,NA,NA,NA,NA,NA,NA,NA,NA,NA
DAG 16:1;0_18:0;0,DAG,GL,NA,34,1,0,,0.683109999,0.93264699,0.213185996,NA,NA,NA,0.735328972,0.68621403,0.747573018,0.531829,0.449043006,1.010849953,0.272810012,0.262598008,0.775759995,NA,NA,NA,NA,NA,NA,0.971584022,NA,0.128730997
DAG 16:1;0_18:1;0,DAG,GL,NA,34,2,0,,3.159440041,3.059570074,1.445989966,NA,NA,NA,0.919939995,1.264960051,1.120110035,NA,NA,NA,0.366786003,NA,0.865329027,NA,0.51304698,0.366293013,0.477614999,0.850606978,0.249356002,3.455579996,0.54262501,0.714363992
DAG 16:1;0_20:4;0,DAG,GL,NA,36,5,0,,1.409180045,2.227740049,NA,NA,NA,NA,NA,NA,NA,NA,NA,NA,NA,NA,NA,NA,NA,NA,NA,NA,NA,NA,NA,NA
DAG 17:0;0_18:0;0,DAG,GL,NA,35,0,0,,NA,NA,NA,NA,NA,NA,NA,NA,NA,NA,NA,NA,NA,NA,NA,NA,NA,NA,NA,NA,NA,1.62519002,NA,1.035959959
DAG 18:0;0_18:1;0,DAG,GL,NA,36,1,0,,3.506570101,4.144639969,1.388710022,NA,NA,NA,2.983839989,2.72935009,3.219749928,2.846519947,2.633719921,4.644239902,1.923290014,1.966760039,3.542459965,NA,NA,NA,1.260579944,1.470829964,1.167750001,3.095089912,1.194790006,1.430670023
DAG 18:0;0_18:2;0,DAG,GL,NA,36,2,0,,0.470714986,0.480396003,0.186410993,0.194947004,0.169044003,0.182938993,0.294966996,0.535938978,0.28481999,NA,0.228348002,0.410932988,NA,NA,NA,NA,NA,NA,NA,NA,NA,NA,NA,NA
DAG 18:0;0_18:3;0,DAG,GL,NA,36,3,0,,0.873962998,1.152400017,1.418670058,NA,NA,NA,NA,NA,NA,NA,NA,NA,NA,NA,NA,NA,NA,NA,NA,NA,NA,NA,NA,NA
DAG 18:0;0_20:3;0,DAG,GL,NA,38,3,0,,13.02770042,17.5802002,10.04759979,NA,NA,NA,1.637969971,NA,1.595810056,NA,NA,NA,NA,NA,NA,NA,NA,NA,NA,NA,NA,NA,NA,NA
DAG 18:0;0_20:4;0,DAG,GL,NA,38,4,0,,58.99480057,79.9253006,33.82830048,1.900020003,1.193699956,NA,14.49380016,13.3512001,21.52129936,10.7361002,10.00570011,22.49670029,11.65270042,11.11219978,23.36510086,1.283040047,2.862459898,2.995460033,2.719209909,4.801350117,2.021430016,18.86420059,3.276979923,4.746590137
DAG 18:0;0_22:4;0,DAG,GL,NA,40,4,0,,1.711470008,2.772490025,NA,NA,NA,NA,1.424280047,1.80182004,2.187210083,1.583119988,NA,2.331099987,0.988287985,NA,1.590160012,NA,NA,NA,NA,NA,NA,NA,NA,NA
DAG 18:0;0_22:5;0,DAG,GL,NA,40,5,0,,2.827879906,3.521909952,NA,NA,NA,NA,NA,NA,NA,NA,NA,NA,NA,NA,NA,NA,NA,NA,NA,NA,NA,1.391579986,NA,0.82190001
DAG 18:0;0_22:6;0,DAG,GL,NA,40,6,0,,3.473180056,3.630120039,NA,NA,NA,NA,5.045979977,4.686329842,6.778590202,3.824909925,3.677330017,10.25450039,4.08781004,4.132150173,NA,NA,NA,NA,NA,NA,NA,NA,NA,NA
DAG 18:1;0_18:1;0,DAG,GL,NA,36,2,0,,3.455699921,4.450920105,2.366950035,1.252920032,1.234269977,1.409819961,1.18840003,1.710759997,1.48901999,1.308990002,0.870491028,1.343369961,NA,NA,NA,NA,0.877839029,1.125769973,1.141039968,1.363150001,1.287780046,4.424320221,0.915329993,2.045550108
DAG 18:1;0_18:2;0,DAG,GL,NA,36,3,0,,0.456182986,0.569535017,NA,NA,NA,NA,NA,NA,NA,NA,NA,NA,NA,NA,NA,NA,NA,NA,NA,NA,NA,NA,NA,NA
DAG 18:1;0_20:3;0,DAG,GL,NA,38,4,0,,1.892140031,2.237270117,1.556849957,NA,NA,NA,0.411963999,NA,0.543128014,NA,NA,NA,NA,NA,NA,NA,NA,NA,NA,NA,NA,NA,NA,NA
DAG 18:1;0_20:4;0,DAG,GL,NA,38,5,0,,14.93029976,20.05430031,8.973199844,NA,NA,NA,2.114850044,1.962569952,2.846120119,NA,NA,NA,NA,NA,NA,NA,NA,NA,NA,NA,NA,6.404119968,NA,1.847849965
DAG 18:1;0_22:4;0,DAG,GL,NA,40,5,0,,1.163040042,1.504359961,NA,NA,NA,NA,NA,NA,NA,NA,NA,NA,NA,NA,NA,NA,NA,NA,NA,NA,NA,NA,NA,NA
DAG 18:1;0_22:5;0,DAG,GL,NA,40,6,0,,2.106559992,2.388659954,NA,NA,NA,NA,NA,NA,NA,NA,NA,NA,NA,NA,NA,NA,NA,NA,NA,NA,NA,NA,NA,NA
HexCer 28:1;2,HexCer,SL,NA,28,1,2,,NA,NA,NA,NA,NA,NA,NA,NA,NA,NA,NA,NA,NA,NA,NA,NA,0.232106999,0.252400011,0.208293006,0.258340001,NA,0.601885974,0.230693996,0.323341995
HexCer 34:1;2,HexCer,SL,NA,34,1,2,,0.889874995,1.022909999,0.791216016,0.334592998,NA,0.502694011,NA,NA,NA,0.251578003,0.227449998,0.32912001,0.251426995,0.410957009,0.676660001,0.562869012,1.153679967,0.943723023,1.514649987,2.408560038,1.196320057,3.355890036,1.406170011,2.600280046
HexCer 35:1;3,HexCer,SL,NA,35,1,3,,NA,NA,NA,NA,NA,NA,NA,NA,NA,NA,NA,NA,NA,NA,NA,NA,NA,NA,NA,NA,NA,0.405084997,NA,0.464067996
HexCer 36:1;2,HexCer,SL,NA,36,1,2,,1.497509956,1.713240027,NA,NA,NA,NA,1.58427,1.600649953,1.613399982,1.089980006,1.03994,2.73390007,1.108739972,1.071849942,1.854210019,3.26887989,7.828100204,8.12250042,13.37049961,17.10460091,11.57719994,47.43669891,20.71459961,33.95759964
HexCer 36:1;3,HexCer,SL,NA,36,1,3,,NA,NA,NA,NA,NA,NA,NA,NA,NA,NA,NA,NA,NA,NA,NA,2.159660101,4.41903019,4.579800129,6.056479931,7.946589947,5.501679897,23.40430069,11.39299965,16.87260056
HexCer 36:2;2,HexCer,SL,NA,36,2,2,,NA,NA,NA,NA,NA,NA,NA,NA,NA,NA,NA,NA,NA,NA,NA,NA,NA,NA,NA,NA,NA,0.507737994,NA,0.286523998
HexCer 38:1;2,HexCer,SL,NA,38,1,2,,NA,NA,NA,NA,NA,NA,NA,NA,NA,NA,NA,NA,NA,NA,NA,0.209493995,0.423860013,0.421599001,0.532392979,0.770861983,0.511262,2.18076992,0.788815022,1.477519989
HexCer 38:1;3,HexCer,SL,NA,38,1,3,,NA,NA,NA,NA,NA,NA,NA,NA,NA,NA,NA,NA,NA,NA,NA,0.383136004,0.764684975,0.954694986,0.967710972,1.24684,0.923582971,3.400490046,1.370499969,2.400880098
HexCer 39:1;3,HexCer,SL,NA,39,1,3,,NA,NA,NA,NA,NA,NA,NA,NA,NA,NA,NA,NA,NA,NA,NA,NA,NA,NA,NA,NA,NA,0.646468997,NA,0.467088997
HexCer 40:1;2,HexCer,SL,NA,40,1,2,,1.351060033,1.626230001,1.73029995,0.67454499,0.668974996,0.767929971,NA,NA,NA,NA,NA,NA,NA,NA,NA,0.733137012,2.057709932,2.042860031,2.652770042,3.725519896,2.245120049,15.2748003,5.299240112,8.161319733
HexCer 40:2;2,HexCer,SL,NA,40,2,2,,NA,NA,NA,NA,NA,NA,NA,NA,NA,NA,NA,NA,NA,NA,NA,NA,NA,NA,NA,NA,NA,1.193089962,0.319252998,0.646869004
HexCer 41:1;2,HexCer,SL,NA,41,1,2,,NA,NA,NA,NA,NA,NA,NA,NA,NA,NA,NA,NA,NA,NA,NA,NA,0.347882003,0.362291008,0.421921015,0.85484302,0.543385983,3.641439915,1.575379968,2.190040112
HexCer 41:1;3,HexCer,SL,NA,41,1,3,,NA,NA,NA,NA,NA,NA,NA,NA,NA,NA,NA,NA,NA,NA,NA,0.162297994,0.564108014,0.481548995,0.898957014,1.302160025,0.764362991,6.909359932,3.152159929,4.137139797
HexCer 41:2;2,HexCer,SL,NA,41,2,2,,NA,NA,NA,NA,NA,NA,NA,NA,NA,NA,NA,NA,NA,NA,NA,NA,NA,NA,NA,NA,NA,1.235640049,0.418915004,0.715072989
HexCer 42:0;3,HexCer,SL,NA,42,0,3,,NA,NA,NA,NA,NA,NA,NA,NA,NA,NA,NA,NA,NA,NA,NA,NA,NA,NA,NA,NA,NA,0.473376989,NA,0.437721997
HexCer 42:1;2,HexCer,SL,NA,42,1,2,,0.855759025,1.070819974,1.494889975,0.803780019,0.749664009,0.774128973,NA,NA,NA,NA,NA,NA,NA,NA,NA,1.111590028,3.699579954,3.375390053,5.539740086,8.435400009,4.397089958,32.26950073,13.37069988,18.36660004
HexCer 42:1;3,HexCer,SL,NA,42,1,3,,NA,NA,NA,NA,NA,NA,NA,NA,NA,NA,NA,NA,NA,NA,NA,1.992130041,5.544569969,6.220910072,8.064510345,11.81200027,7.024400234,49.71310043,21.68619919,33.58890152
HexCer 42:2;2,HexCer,SL,NA,42,2,2,,NA,NA,NA,0.691105008,0.80764699,0.819178998,NA,NA,NA,NA,NA,NA,NA,NA,NA,1.282389998,3.881570101,3.752029896,3.957340002,6.949590206,3.63854003,28.32690048,11.56060028,17.00790024
HexCer 42:3;2,HexCer,SL,NA,42,3,2,,NA,NA,NA,NA,NA,NA,NA,NA,NA,NA,NA,NA,NA,NA,NA,0.208422005,0.260805994,0.439567,0.292773992,0.389546007,0.297452003,0.713218987,NA,0.303364992
LPA 18:0;0,LPA,GPL,NA,18,0,0,,NA,NA,NA,NA,NA,NA,NA,0.308723003,0.349766999,0.406522989,0.312902004,0.464697003,0.274605006,NA,NA,NA,NA,NA,NA,NA,NA,NA,NA,NA
LPA 20:4;0,LPA,GPL,NA,20,4,0,,NA,NA,NA,NA,NA,NA,NA,NA,NA,0.17577,0.072858199,0.344835013,NA,NA,NA,NA,NA,NA,NA,NA,NA,NA,NA,NA
LPA 22:6;0,LPA,GPL,NA,22,6,0,,NA,NA,NA,NA,NA,NA,NA,NA,NA,0.131302997,NA,0.355719,NA,NA,NA,NA,NA,NA,NA,NA,NA,NA,NA,NA
LPC 14:0;0,LPC,GPL,NA,14,0,0,,0.744038999,1.051730037,NA,NA,NA,NA,0.645368993,0.602990985,NA,0.944256008,0.785503983,1.139529943,NA,NA,NA,NA,NA,NA,NA,NA,NA,NA,NA,NA
LPC 15:0;0,LPC,GPL,NA,15,0,0,,0.666750014,1.571939945,NA,NA,NA,NA,NA,NA,NA,0.330435991,0.556589007,1.086120009,NA,NA,NA,NA,NA,NA,NA,NA,NA,0.643721998,NA,0.48606801
LPC 16:0;0,LPC,GPL,NA,16,0,0,,41.36309814,51.2881012,21.79789925,5.000259876,5.680069923,9.233980179,8.427379608,7.859240055,8.995400429,15.85529995,14.80010033,32.45970154,4.23803997,3.855619907,7.089839935,2.444839954,5.247200012,7.674849987,7.691770077,9.059160233,5.495230198,18.26959991,7.233809948,13.60809994
LPC 16:1;0,LPC,GPL,NA,16,1,0,,4.034450054,4.120009899,1.289420009,0.532828987,0.541323006,0.54647702,0.889912009,1.177129984,1.062029958,1.028869987,0.855193973,1.824110031,0.885379016,NA,0.54866302,0.374832988,0.780813992,0.679741025,0.741514981,0.897503972,0.485058993,2.560570002,0.762516975,1.245820045
LPC 18:0;0,LPC,GPL,NA,18,0,0,,5.13711977,7.153079987,3.319099903,1.675979972,1.912170053,2.856960058,3.263259888,2.875449896,3.506390095,8.547869682,7.656270027,14.29240036,1.525050044,1.46152997,3.045360088,1.14636004,1.979079962,5.505219936,3.928159952,3.66937995,3.082560062,7.523069859,5.171450138,7.480130196
LPC 18:1;0,LPC,GPL,NA,18,1,0,,8.182929993,8.400679588,3.804589987,1.599419951,2.182889938,3.214550018,2.503499985,2.486769915,2.389420033,2.801019907,2.712610006,5.014239788,1.023499966,0.701209009,1.208850026,0.814678013,1.798949957,2.18249011,1.882859945,2.647190094,1.293750048,9.660329819,2.506330013,5.227109909
LPC 18:2;0,LPC,GPL,NA,18,2,0,,NA,NA,NA,NA,NA,NA,NA,NA,NA,NA,NA,NA,NA,NA,NA,NA,NA,NA,NA,NA,NA,0.624104023,NA,0.382167995
LPC 20:1;0,LPC,GPL,NA,20,1,0,,NA,NA,NA,NA,NA,NA,NA,NA,NA,NA,NA,NA,NA,NA,NA,NA,NA,NA,NA,NA,NA,0.906871974,NA,0.551814973
LPC 20:4;0,LPC,GPL,NA,20,4,0,,1.27354002,1.335909963,NA,NA,NA,NA,NA,NA,NA,NA,NA,NA,NA,NA,NA,NA,NA,NA,NA,NA,NA,NA,NA,NA
LPC 22:0;0,LPC,GPL,NA,22,0,0,,NA,NA,NA,NA,NA,NA,NA,NA,NA,NA,NA,NA,NA,NA,NA,NA,NA,NA,NA,NA,NA,1.45717001,0.741531014,0.971469998
LPC 22:5;0,LPC,GPL,NA,22,5,0,,0.828880012,0.768646002,NA,NA,NA,NA,NA,NA,NA,NA,NA,NA,NA,NA,NA,NA,NA,NA,NA,NA,NA,NA,NA,NA
LPC O-16:0;0,LPC O-,GPL,NA,16,0,0,,1.048900008,1.473099947,NA,NA,NA,NA,NA,NA,NA,NA,NA,NA,NA,NA,NA,NA,NA,NA,NA,NA,NA,NA,NA,NA
LPC O-16:1;0,LPC O-,GPL,NA,16,1,0,,NA,NA,NA,NA,NA,NA,NA,NA,NA,NA,NA,NA,NA,NA,NA,NA,0.306003004,0.434067011,0.456458986,0.589208007,0.474126995,1.238649964,0.539554,0.935766995
LPC O-16:2;0,LPC O-,GPL,NA,16,2,0,,NA,NA,NA,NA,NA,NA,0.927030027,0.591701984,NA,NA,NA,NA,NA,NA,NA,1.742310047,0.983491004,1.052559972,1.305150032,1.827620029,1.121659994,8.194849968,2.614480019,6.732110023
LPC O-18:2;0,LPC O-,GPL,NA,18,2,0,,NA,NA,NA,NA,NA,NA,NA,NA,NA,NA,NA,NA,NA,NA,NA,0.638018012,0.370503992,0.454495013,0.52076298,0.669291019,0.408051014,2.005739927,0.760043979,1.482910037
LPE 16:0;0,LPE,GPL,NA,16,0,0,,2.115400076,2.424119949,0.723496974,0.164921999,0.208544999,0.132952005,1.266610026,1.170600057,1.548699975,0.654097021,0.572933972,1.260059953,0.417594999,0.309469998,0.547109008,0.092886798,0.155119002,0.193743005,0.191847995,0.276724994,0.254325002,0.535153985,0.187827006,0.403248012
LPE 16:1;0,LPE,GPL,NA,16,1,0,,0.252633989,0.268694997,NA,NA,NA,NA,0.118045002,0.098881401,0.126960993,NA,NA,NA,NA,NA,NA,NA,NA,NA,NA,NA,NA,NA,NA,NA
LPE 18:0;0,LPE,GPL,NA,18,0,0,,2.902849913,3.407140017,1.044049978,0.464055985,0.544842005,0.598993003,4.570059776,4.43035984,4.828660011,3.132400036,2.840549946,4.962619781,1.051059961,0.857416987,1.661190033,NA,0.330859989,0.423348993,0.418673992,0.69689101,0.543196976,1.646499991,0.60856998,1.160959959
LPE 18:1;0,LPE,GPL,NA,18,1,0,,1.744910002,1.907520056,0.852401018,0.187858999,0.25307101,0.288437009,0.796034992,0.733235002,0.819203973,0.311984003,0.284446001,0.610925019,0.166435003,0.156221002,0.270720989,0.126975,0.237948999,0.246069998,0.217037007,0.386815995,0.231382996,1.164790034,0.382759988,0.882604003
LPE 20:1;0,LPE,GPL,NA,20,1,0,,NA,NA,NA,NA,NA,NA,NA,NA,NA,NA,NA,NA,NA,NA,NA,NA,NA,NA,NA,NA,NA,0.297858,0.091414601,0.179165006
LPE 20:3;0,LPE,GPL,NA,20,3,0,,0.372575015,0.404502004,NA,NA,NA,NA,NA,NA,0.132291004,NA,NA,NA,NA,NA,NA,NA,NA,NA,NA,NA,NA,NA,NA,NA
LPE 20:4;0,LPE,GPL,NA,20,4,0,,1.592069983,1.908869982,0.503953993,0.400950015,0.37193501,0.396095991,0.247550994,0.217436001,0.298938006,0.173244998,0.141360998,0.279475987,0.286778986,0.223508,0.291474998,0.102816001,0.124273002,0.188641995,0.132239997,0.141745999,0.146099001,0.298527002,0.136315003,0.222875997
LPE 22:4;0,LPE,GPL,NA,22,4,0,,NA,NA,NA,NA,NA,NA,NA,NA,NA,0.097519398,NA,0.145420998,0.122005001,0.104912996,0.150480002,NA,NA,NA,0.072221503,0.080502301,NA,0.170340002,NA,0.142606005
LPE 22:5;0,LPE,GPL,NA,22,5,0,,0.52027601,0.581444025,NA,0.092166997,0.105144002,0.147358999,NA,NA,NA,NA,NA,NA,NA,NA,NA,0.125193998,0.11569,0.209626004,0.188537002,0.172508001,0.154973999,0.150757998,0.141623005,0.264463991
LPE 22:6;0,LPE,GPL,NA,22,6,0,,1.410349965,1.46765995,0.521520019,0.227282003,0.226852,0.248007998,0.254444987,0.178681999,0.308358014,0.165718004,0.128407001,0.401116014,0.355197012,0.231262997,0.550610006,NA,NA,NA,NA,NA,NA,0.121294998,NA,0.081095599
LPE O-16:0;0,LPE O-,GPL,NA,16,0,0,,0.238167003,0.220054001,0.256722003,NA,NA,NA,NA,NA,NA,NA,NA,NA,NA,NA,NA,NA,NA,NA,NA,NA,NA,NA,NA,NA
LPE O-16:1;0,LPE O-,GPL,NA,16,1,0,,3.15534997,3.739710093,1.753579974,0.410356998,0.47398299,0.673143983,0.311639994,0.330289006,0.374734014,0.221809998,0.242642999,0.436870992,0.097625002,0.117811002,0.161218002,NA,0.227681994,0.229781002,0.325569987,0.452259004,0.28313899,1.231709957,0.508300006,0.80319798
LPE O-18:1;0,LPE O-,GPL,NA,18,1,0,,2.650810003,3.341239929,0.933822989,0.120145999,0.168670997,0.209206998,0.432603002,0.417645007,0.407689005,0.315631986,0.282694012,0.556882024,0.136895001,0.117932998,0.204992995,NA,0.099878401,0.218771994,0.248796999,0.413630992,0.256954014,1.529620051,0.475519001,0.743794024
LPE O-18:2;0,LPE O-,GPL,NA,18,2,0,,1.647690058,1.926679969,0.934723973,0.162691996,0.239224002,0.350457996,0.143013999,0.120437004,0.135493994,NA,NA,NA,NA,NA,NA,NA,0.26561299,0.132809997,0.236028999,0.406684995,0.173446,1.223719954,0.35068199,0.65000701
LPE O-20:1;0,LPE O-,GPL,NA,20,1,0,,0.183896005,0.28005901,NA,NA,NA,NA,NA,NA,NA,NA,NA,NA,NA,NA,NA,NA,NA,NA,NA,NA,NA,NA,NA,NA
LPI 18:0;0,LPI,GPL,NA,18,0,0,,2.333420038,2.05934,NA,NA,NA,NA,1.46273005,1.417160034,1.318840027,NA,NA,NA,NA,NA,NA,NA,NA,NA,NA,NA,NA,1.811910033,NA,1.413830042
LPI 18:1;0,LPI,GPL,NA,18,1,0,,NA,NA,NA,0.171801001,0.178096995,0.210416004,NA,0.245184004,0.184498996,NA,NA,NA,NA,NA,NA,NA,NA,NA,0.049400501,0.094980702,NA,0.270276994,0.078385003,0.202467993
LPI 20:4;0,LPI,GPL,NA,20,4,0,,0.712562978,0.725852013,0.315595001,0.101722002,0.087996401,NA,NA,NA,NA,NA,NA,NA,NA,NA,NA,NA,NA,NA,NA,NA,NA,0.244916007,0.078641802,0.112651996
LPS 16:0;0,LPS,GPL,NA,16,0,0,,NA,NA,NA,NA,NA,NA,NA,NA,NA,0.0470208,NA,0.0673673,NA,NA,NA,NA,NA,NA,NA,NA,NA,NA,NA,NA
LPS 18:0;0,LPS,GPL,NA,18,0,0,,1.134310007,1.053900003,0.674383998,NA,NA,NA,0.793807983,0.839362025,1.067700028,0.905762017,0.685639977,1.482540011,0.668736994,0.657325983,0.780658007,NA,NA,NA,NA,NA,NA,NA,NA,NA
LPS 18:1;0,LPS,GPL,NA,18,1,0,,0.74039799,0.709590018,0.425897986,NA,NA,NA,NA,NA,NA,NA,NA,NA,NA,NA,NA,NA,NA,NA,NA,NA,NA,0.304728001,NA,0.226093993
LPS 20:4;0,LPS,GPL,NA,20,4,0,,NA,0.151748002,0.111795001,0.061389599,0.067190297,NA,NA,NA,NA,NA,NA,NA,NA,NA,NA,NA,NA,NA,NA,NA,NA,NA,NA,NA
LPS 22:6;0,LPS,GPL,NA,22,6,0,,0.340667993,0.348475993,0.173504993,0.065855302,0.081776001,NA,NA,0.152955994,0.192744002,0.117485002,0.0445567,0.257652014,0.099770099,0.096823499,0.077814698,NA,NA,NA,NA,NA,NA,NA,NA,NA
PA 14:0;0_16:0;0,PA,GPL,NA,30,0,0,,0.78293699,0.960107028,0.253818989,0.443076015,0.359948009,0.415434003,NA,NA,NA,0.317687988,0.276776999,0.268608987,NA,NA,NA,0.149828002,0.385802001,0.32635501,0.356065989,0.396609992,0.147861004,0.854236007,0.241986006,0.362264007
PA 14:0;0_18:1;0,PA,GPL,NA,32,1,0,,NA,NA,NA,NA,NA,NA,0.134872004,0.127315,NA,0.062897302,NA,0.087714501,NA,NA,NA,NA,0.143555999,0.151180997,0.0830421,0.097462803,0.051706102,0.469238997,NA,0.138035998
PA 16:0;0_16:0;0,PA,GPL,NA,32,0,0,,2.697190046,3.380239964,NA,1.898790002,NA,NA,NA,NA,NA,NA,NA,NA,NA,NA,NA,NA,NA,NA,NA,NA,NA,2.152369976,NA,NA
PA 16:0;0_16:1;0,PA,GPL,NA,32,1,0,,2.645610094,3.418889999,1.039029956,0.318410993,0.301990002,0.251545995,0.615774989,0.732640028,0.798860013,0.436287999,0.479301989,0.716066003,0.564254999,0.428328007,0.770829976,0.398330986,0.753727019,0.668618023,0.604098976,0.830841005,0.284139007,1.598770022,0.503618002,0.582673013
PA 16:0;0_18:0;0,PA,GPL,NA,34,0,0,,NA,NA,NA,NA,NA,NA,NA,1.798900008,1.736209989,NA,NA,1.750450015,NA,NA,NA,NA,NA,NA,NA,NA,NA,1.922960043,NA,NA
PA 16:0;0_18:1;0,PA,GPL,NA,34,1,0,,6.546589851,7.079229832,2.998990059,1.520539999,NA,1.468919992,1.920590043,1.969079971,1.952069998,1.443920016,NA,2.704879999,1.635370016,NA,2.25612998,NA,2.22961998,2.059870005,1.963009953,2.236540079,NA,5.869110107,1.470270038,1.899559975
PA 16:0;0_18:2;0,PA,GPL,NA,34,2,0,,NA,NA,NA,NA,NA,NA,NA,NA,NA,NA,NA,NA,0.246075004,0.166453004,NA,0.334989011,0.384494007,0.443107992,0.298474997,0.30803901,0.139647007,NA,NA,NA
PA 16:0;0_20:1;0,PA,GPL,NA,36,1,0,,NA,NA,NA,NA,NA,NA,NA,NA,NA,NA,NA,NA,NA,NA,NA,0.069228001,0.186765,0.191671997,0.237020001,0.274872988,NA,0.656108022,NA,0.284013003
PA 16:0;0_20:4;0,PA,GPL,NA,36,4,0,,NA,NA,NA,NA,NA,NA,NA,NA,NA,NA,NA,NA,NA,NA,NA,NA,0.399177998,0.397707999,NA,NA,NA,NA,NA,NA
PA 16:0;0_22:5;0,PA,GPL,NA,38,5,0,,3.362149954,4.165160179,NA,NA,NA,NA,NA,NA,NA,NA,NA,NA,NA,NA,NA,NA,NA,NA,NA,NA,NA,NA,NA,NA
PA 16:1;0_18:0;0,PA,GPL,NA,34,1,0,,1.164199948,1.430600047,0.430566013,NA,NA,NA,0.647997975,0.517265022,0.589442015,0.362551004,0.544167995,0.761584997,0.375781,0.278402001,0.501235008,NA,NA,NA,NA,NA,NA,0.592904985,0.208381996,0.319936991
PA 16:1;0_18:1;0,PA,GPL,NA,34,2,0,,1.416069984,1.79934001,0.555963993,NA,NA,NA,NA,0.486075997,0.488665998,0.284824014,0.245799005,0.484050989,0.121099003,0.059931699,0.454373986,0.062313799,0.186113998,0.153824002,0.064248398,0.161085993,0.025420099,1.14831996,0.264600992,0.319467008
PA 18:0;0_18:1;0,PA,GPL,NA,36,1,0,,3.351550102,4.259940147,NA,NA,NA,NA,1.463510036,1.340409994,1.379130006,1.324800014,1.382619977,2.374690056,1.004529953,NA,1.35781002,NA,NA,NA,NA,NA,NA,1.667369962,NA,NA
PA 18:0;0_18:2;0,PA,GPL,NA,36,2,0,,0.347290993,0.419059008,0.098294199,NA,0.402857989,0.606890976,NA,0.148140997,0.130455002,0.124916002,0.215902999,0.279922992,NA,NA,NA,0.151957005,0.202785,0.229268,0.271427989,0.170654997,NA,0.634617984,0.163789004,0.236815006
PA 18:0;0_20:3;0,PA,GPL,NA,38,3,0,,0.692671001,0.582832992,0.282380015,NA,NA,NA,NA,NA,NA,0.296066999,0.282202989,0.508072019,NA,NA,NA,NA,NA,NA,NA,NA,NA,NA,NA,NA
PA 18:0;0_20:4;0,PA,GPL,NA,38,4,0,,4.895140171,5.569699764,1.429720044,0.452800989,0.426829994,0.528632998,3.905659914,3.513720036,3.640130043,1.869240046,1.759189963,4.571660042,3.14921999,2.350120068,3.955879927,0.402841985,0.565482974,0.671335995,0.549762011,0.739024997,0.399453998,1.536299944,0.550424993,0.567689002
PA 18:0;0_22:4;0,PA,GPL,NA,40,4,0,,NA,NA,NA,NA,NA,NA,NA,0.537974,0.612407982,0.422713995,0.397255987,1.011260033,0.473993003,0.339318007,0.590994,NA,NA,NA,NA,NA,NA,NA,NA,NA
PA 18:0;0_22:5;0,PA,GPL,NA,40,5,0,,1.653290033,2.128880024,NA,NA,NA,NA,NA,NA,NA,NA,NA,NA,NA,NA,NA,NA,NA,NA,NA,NA,NA,NA,NA,NA
PA 18:0;0_22:6;0,PA,GPL,NA,40,6,0,,3.90715003,4.016530037,0.393171996,NA,NA,NA,3.750180006,3.294470072,4.28990984,NA,NA,NA,2.864200115,2.424629927,4.822199821,NA,NA,NA,NA,NA,NA,NA,NA,NA
PA 18:1;0_18:1;0,PA,GPL,NA,36,2,0,,1.662150025,1.813730001,0.449360013,NA,0.21965,0.14903,NA,0.299014986,0.218401,0.099128,0.169237003,0.364825994,NA,NA,NA,0.038679998,0.113824002,0.0846918,0.081526302,0.085294202,NA,0.802203,0.080207199,0.155364007
PA 18:1;0_18:2;0,PA,GPL,NA,36,3,0,,NA,NA,NA,NA,0.196505994,0.293819994,NA,NA,NA,NA,NA,NA,NA,NA,NA,NA,NA,NA,NA,NA,NA,NA,NA,NA
PA 18:1;0_20:2;0,PA,GPL,NA,38,3,0,,0.639508009,0.743987024,NA,NA,NA,NA,NA,NA,NA,NA,NA,NA,NA,NA,NA,NA,NA,NA,NA,NA,NA,NA,NA,NA
PA 18:1;0_20:3;0,PA,GPL,NA,38,4,0,,0.670172989,0.791791975,NA,NA,NA,NA,NA,NA,NA,NA,NA,NA,NA,NA,NA,NA,NA,NA,NA,NA,NA,NA,NA,NA
PA 18:1;0_20:4;0,PA,GPL,NA,38,5,0,,1.073040009,1.157500029,NA,NA,NA,NA,NA,NA,NA,NA,NA,NA,NA,NA,NA,NA,NA,NA,NA,NA,NA,NA,NA,NA
PA 18:2;0_22:4;0,PA,GPL,NA,40,6,0,,NA,NA,NA,NA,NA,NA,NA,NA,NA,NA,NA,NA,0.069809601,0.0359728,NA,NA,NA,NA,NA,NA,NA,NA,NA,NA
PC 12:0;0_16:0;0,PC,GPL,NA,28,0,0,,NA,NA,NA,NA,NA,NA,2.999229908,2.058320045,2.442820072,0.931540012,NA,2.149019957,NA,NA,NA,NA,NA,NA,NA,NA,NA,NA,NA,NA
PC 14:0;0_14:0;0,PC,GPL,NA,28,0,0,,3.487400055,4.496490002,NA,NA,NA,NA,7.760429859,8.288060188,6.994450092,3.288500071,3.416280031,5.96077013,3.080229998,2.6723001,2.852600098,0.28657499,0.558089018,0.90842098,0.612604976,0.843936026,NA,0.859422982,NA,0.626232982
PC 14:0;0_16:0;0,PC,GPL,NA,30,0,0,,149.5390015,202.6790009,32.6147995,18.15600014,15.20590019,17.04089928,169.9920044,178.9570007,195.8869934,83.24780273,68.83580017,205.5299988,106.413002,98.08399963,134.220993,10.72949982,32.50979996,40.97470093,24.16640091,35.5904007,15.45629978,35.35990143,15.5053997,21.05879974
PC 14:0;0_16:1;0,PC,GPL,NA,30,1,0,,7.230989933,9.510210037,5.794119835,8.789010048,7.612140179,6.16065979,25.63680077,29.09370041,22.15789986,19.74729919,18.78919983,16.75510025,8.389610291,9.213580132,5.726550102,21.94179916,29.62109947,12.12409973,24.17309952,28.30209923,18.08139992,21.13260078,23.20689964,21.14380074
PC 14:0;0_16:2;0,PC,GPL,NA,30,2,0,,NA,NA,NA,NA,NA,NA,1.96559,2.146850109,NA,NA,NA,NA,NA,NA,NA,NA,NA,NA,NA,NA,NA,NA,NA,NA
PC 14:0;0_17:0;0,PC,GPL,NA,31,0,0,,0.940739989,1.249619961,NA,0.789116979,0.731595993,0.685992002,0.704397023,0.748587012,0.721958995,0.63764298,0.518305004,0.995279014,0.633230984,0.581862986,0.581598997,0.180228993,0.442380995,0.528020978,0.239033997,0.607330024,0.133442998,0.63805002,0.918842971,0.163389996
PC 14:0;0_17:1;0,PC,GPL,NA,31,1,0,,NA,NA,NA,NA,NA,NA,0.956842005,0.959915996,NA,0.753621995,NA,1.382869959,NA,NA,NA,NA,NA,NA,NA,NA,NA,NA,NA,NA
PC 14:0;0_18:0;0,PC,GPL,NA,32,0,0,,36.00220108,48.46979904,8.830750465,13.78569984,10.65680027,11.26280022,24.73329926,24.05050087,26.10110092,14.87660027,10.94760036,41.75130081,19.92449951,16.02759933,26.46969986,6.825620174,15.74090004,18.48959923,11.64509964,13.83959961,6.899069786,13.87080002,7.355140209,8.611109734
PC 14:0;0_18:1;0,PC,GPL,NA,32,1,0,,51.08420181,67.50589752,14.5163002,10.33409977,8.857110023,10.0614996,36.93239975,39.0265007,42.44620132,17.60519981,15.37250042,41.23350143,22.09199905,20.29820061,27.07530022,7.711170197,18.10289955,21.01930046,9.817310333,16.40159988,5.506490231,21.63929939,7.805339813,12.01710033
PC 14:0;0_18:2;0,PC,GPL,NA,32,2,0,,2.657449961,4.415110111,NA,7.650459766,5.407460213,6.38338995,1.385750055,1.689229965,1.989949942,0.994400978,0.839918017,2.481209993,2.902570009,2.605040073,5.255710125,2.181900024,4.176760197,2.945499897,3.937299967,5.410880089,3.289099932,7.612840176,5.076879978,4.624060154
PC 14:0;0_18:3;0,PC,GPL,NA,32,3,0,,NA,NA,NA,NA,NA,NA,NA,NA,NA,NA,NA,NA,0.446532011,NA,1.110380054,3.036339998,7.426189899,3.298779964,NA,NA,NA,NA,NA,NA
PC 14:0;0_20:0;0,PC,GPL,NA,34,0,0,,NA,NA,NA,NA,NA,NA,NA,NA,NA,NA,NA,NA,NA,NA,NA,NA,0.469825,0.424333006,NA,NA,NA,0.904772997,NA,0.417351991
PC 14:0;0_20:1;0,PC,GPL,NA,34,1,0,,NA,NA,NA,NA,NA,NA,NA,1.20491004,0.688144028,NA,NA,NA,NA,NA,NA,0.43868801,1.094550014,1.359459996,0.939415991,1.165339947,0.299825013,2.042740107,0.46360901,1.13301003
PC 14:0;0_20:2;0,PC,GPL,NA,34,2,0,,0.901579022,1.246960044,NA,NA,NA,NA,0.615526974,0.377067,NA,NA,NA,NA,NA,NA,NA,NA,NA,NA,NA,NA,NA,NA,NA,NA
PC 14:0;0_20:3;0,PC,GPL,NA,34,3,0,,0.867286026,1.490779996,NA,0.430747002,NA,0.398081988,0.543447971,0.376253009,NA,NA,NA,NA,NA,NA,NA,NA,0.593201995,0.650556982,NA,NA,NA,NA,NA,NA
PC 14:0;0_20:4;0,PC,GPL,NA,34,4,0,,8.692399979,12.91730022,3.274729967,6.253560066,5.407720089,5.233399868,3.257070065,NA,8.668419838,4.17468977,NA,6.806499958,1.719200015,2.447700024,2.442339897,1.366160035,1.163509965,1.341799974,1.323500037,1.920899987,NA,8.402629852,4.065999985,5.170249939
PC 14:0;0_22:4;0,PC,GPL,NA,36,4,0,,3.089970112,4.368589878,NA,NA,NA,NA,NA,NA,NA,NA,NA,NA,0.294970989,0.424834013,0.789333999,NA,NA,NA,NA,NA,NA,NA,NA,NA
PC 14:0;0_22:5;0,PC,GPL,NA,36,5,0,,3.989820004,6.580140114,NA,NA,NA,NA,NA,NA,NA,NA,NA,NA,NA,NA,NA,NA,NA,NA,0.243257999,0.382366002,NA,0.920266986,0.236358002,NA
PC 14:0;0_22:6;0,PC,GPL,NA,36,6,0,,18.58259964,29.25399971,NA,NA,NA,NA,NA,NA,NA,NA,NA,NA,NA,NA,NA,NA,NA,NA,NA,NA,NA,NA,NA,NA
PC 14:1;0_16:0;0,PC,GPL,NA,30,1,0,,17.88389969,23.01819992,NA,NA,NA,NA,17.66720009,18.49780083,22.59819984,18.4810009,15.67590046,29.42919922,18.66110039,17.58340073,26.64620018,NA,NA,NA,NA,NA,NA,NA,NA,NA
PC 14:1;0_16:1;0,PC,GPL,NA,30,2,0,,NA,NA,NA,NA,NA,NA,3.540019989,5.188399792,NA,NA,NA,NA,NA,NA,NA,NA,NA,NA,NA,NA,NA,NA,NA,NA
PC 14:1;0_18:0;0,PC,GPL,NA,32,1,0,,NA,NA,NA,NA,NA,NA,29.60090065,30.49790001,NA,NA,NA,NA,NA,NA,NA,NA,NA,NA,NA,NA,NA,NA,NA,NA
PC 14:1;0_18:1;0,PC,GPL,NA,32,2,0,,NA,NA,NA,NA,NA,NA,8.367739677,9.357199669,11.22939968,NA,NA,NA,NA,NA,NA,NA,NA,NA,NA,NA,NA,NA,NA,NA
PC 14:3;0_18:0;0,PC,GPL,NA,32,3,0,,NA,NA,NA,NA,NA,NA,NA,NA,NA,1.255650043,NA,2.467420101,NA,NA,NA,NA,NA,NA,4.988589764,8.774040222,NA,NA,NA,NA
PC 15:0;0_15:0;0,PC,GPL,NA,30,0,0,,0.845380008,0.921953976,0.191591993,0.55172497,0.471747994,0.681608975,NA,0.180353001,0.296748996,0.137796,NA,0.441044003,NA,NA,NA,NA,NA,NA,NA,NA,NA,0.141464993,0.0559856,0.095755003
PC 15:0;0_16:0;0,PC,GPL,NA,31,0,0,,31.87540054,41.10990143,12.06680012,14.99940014,11.97500038,12.92140007,12.34889984,12.6882,18.10129929,9.497670174,7.436560154,35.32509995,9.763420105,9.882040024,15.19659996,3.06317997,6.268839836,5.987259865,3.710119963,8.054650307,2.907069921,5.248360157,4.573870182,2.794759989
PC 15:0;0_16:1;0,PC,GPL,NA,31,1,0,,9.552960396,10.71710014,6.895989895,NA,NA,NA,3.431900024,3.830169916,4.548810005,3.05189991,3.604670048,9.237890244,3.562999964,NA,4.19299984,1.409360051,2.608259916,1.550289989,1.541409969,2.969980001,1.201930046,NA,NA,NA
PC 15:0;0_17:0;0,PC,GPL,NA,32,0,0,,NA,NA,NA,1.182540059,0.896306992,1.089269996,NA,NA,NA,NA,NA,NA,NA,NA,NA,NA,NA,NA,NA,NA,NA,0.851513982,0.574447989,0.537023008
PC 15:0;0_17:1;0,PC,GPL,NA,32,1,0,,NA,NA,NA,0.723182023,0.574930012,0.69146198,NA,NA,NA,NA,NA,NA,NA,NA,NA,NA,NA,NA,NA,NA,NA,0.494695008,NA,0.258552998
PC 15:0;0_18:0;0,PC,GPL,NA,33,0,0,,NA,NA,NA,12.57019997,10.31879997,11.05980015,9.182720184,10.08500004,9.636930466,11.11590004,8.696660042,22.26989937,7.611070156,7.720540047,10.15229988,7.285459995,9.227919579,10.01099968,6.999959946,7.919750214,NA,7.639090061,5.628479958,5.486959934
PC 15:0;0_18:1;0,PC,GPL,NA,33,1,0,,47.14229965,56.75159836,19.83959961,10.53489971,8.801039696,10.06239986,10.94589996,11.40530014,13.07310009,7.260210037,6.176889896,23.30949974,6.732130051,5.997960091,10.29759979,2.539920092,6.334740162,6.346960068,NA,7.969180107,3.581010103,15.23219967,4.948349953,8.162460327
PC 15:0;0_18:2;0,PC,GPL,NA,33,2,0,,NA,NA,NA,3.209189892,2.425760031,3.293639898,NA,NA,NA,NA,NA,NA,NA,2.805229902,5.607759953,1.224889994,1.503350019,NA,NA,NA,NA,NA,NA,NA
PC 15:0;0_20:1;0,PC,GPL,NA,35,1,0,,0.696434021,1.045969963,NA,NA,NA,NA,NA,NA,NA,NA,NA,NA,NA,NA,NA,NA,NA,NA,NA,NA,NA,1.243960023,NA,0.756760001
PC 15:0;0_20:2;0,PC,GPL,NA,35,2,0,,NA,NA,NA,0.588043988,0.396521002,0.498955995,NA,NA,NA,NA,NA,NA,NA,NA,NA,NA,NA,NA,NA,NA,NA,NA,NA,NA
PC 15:0;0_20:3;0,PC,GPL,NA,35,3,0,,NA,NA,NA,1.510220051,3.528620005,1.174350023,NA,NA,NA,NA,NA,NA,NA,NA,NA,NA,NA,NA,NA,NA,NA,NA,NA,NA
PC 15:0;0_20:4;0,PC,GPL,NA,35,4,0,,14.51589966,15.29199982,NA,5.168670177,3.983710051,3.90012002,NA,NA,NA,NA,NA,NA,NA,NA,NA,NA,NA,NA,NA,NA,NA,NA,NA,NA
PC 15:0;0_22:5;0,PC,GPL,NA,37,5,0,,13.43959999,15.21809959,NA,0.531288981,0.462653011,NA,NA,NA,NA,NA,NA,NA,NA,NA,NA,NA,NA,NA,NA,NA,NA,3.198960066,NA,1.415879965
PC 15:0;0_22:6;0,PC,GPL,NA,37,6,0,,5.41174984,7.333479881,NA,NA,NA,NA,NA,NA,NA,NA,NA,NA,NA,NA,NA,NA,NA,NA,NA,NA,NA,NA,NA,NA
PC 15:1;0_16:0;0,PC,GPL,NA,31,1,0,,11.46619987,12.96510029,NA,NA,NA,NA,3.135699987,3.104939938,4.13022995,NA,NA,NA,NA,NA,NA,NA,NA,NA,NA,NA,NA,NA,NA,NA
PC 15:4;0_17:0;0,PC,GPL,NA,32,4,0,,NA,NA,NA,0.667113006,0.719250023,NA,NA,NA,NA,0.632646024,0.605114996,NA,0.975902021,NA,1.181849957,0.750521004,1.132539988,NA,0.758324981,0.931807995,NA,NA,NA,NA
PC 16:0;0_16:0;0,PC,GPL,NA,32,0,0,,644.3909912,860.7449951,352.428009,139.2899933,107.8259964,111.0569992,370.0469971,344.8930054,470.2730103,229.6609955,186.7169952,715.2369995,330.4830017,318.6600037,497.9389954,71.51309967,155.4889984,164.6349945,106.5759964,144.8350067,81.11990356,116.4639969,56.88729858,73.63150024
PC 16:0;0_16:1;0,PC,GPL,NA,32,1,0,,858.5479736,1098.51001,367.4760132,49.74160004,43.99560165,48.31869888,266.5390015,279.07901,360.7269897,148.746994,126.5680008,437.9349976,190.7050018,180.1660004,255.4850006,45.7881012,138.9129944,121.0019989,93.96700287,155.3029938,52.20740128,177.3009949,61.82020187,110.3550034
PC 16:0;0_16:2;0,PC,GPL,NA,32,2,0,,32.80749893,48.2030983,8.645059586,7.079090118,7.351659775,5.751289845,10.24059963,11.69769955,11.98880005,8.908100128,6.842820168,21.63870049,9.865169525,8.927350044,15.83030033,2.049479961,8.001059532,3.448250055,7.284279823,12.65310001,4.354819775,25.29140091,11.81509972,16.40299988
PC 16:0;0_16:3;0,PC,GPL,NA,32,3,0,,NA,NA,NA,NA,NA,NA,3.625119925,4.415979862,4.373650074,0.80458498,1.839229941,2.028110027,4.867199898,4.760670185,5.285480022,NA,NA,NA,NA,NA,NA,NA,NA,NA
PC 16:0;0_17:1;0,PC,GPL,NA,33,1,0,,45.26269913,53.89160156,15.89480019,16.48270035,13.85340023,15.47570038,15.98709965,16.47050095,19.35740089,10.49510002,8.389940262,31.97410011,11.26749992,11.7201004,17.81150055,5.178150177,11.88580036,12.08670044,12.98260021,12.07380009,5.50330019,16.78190041,6.212560177,9.374329567
PC 16:0;0_18:0;0,PC,GPL,NA,34,0,0,,NA,NA,NA,24.4423008,23.56399918,23.17090034,81.1934967,82.08300018,99.69909668,53.82429886,47.64390182,108.0009995,77.09950256,72.06269836,109.6669998,17.26849937,27.55690002,34.87009811,NA,NA,NA,NA,NA,NA
PC 16:0;0_18:1;0,PC,GPL,NA,34,1,0,,2014.01001,2568.090088,1039.319946,372.4179993,303.4049988,332.6579895,691.9299927,731.7269897,888.0410156,434.2539978,360.3670044,1215.069946,556.5490112,531.4810181,837.3189697,158.2319946,418.7669983,424.3510132,308.3349915,471.8710022,184.3699951,705.3460083,262.32901,422.8699951
PC 16:0;0_18:2;0,PC,GPL,NA,34,2,0,,72.6140976,98.70670319,29.33419991,75.1207962,58.67139816,66.51909637,40.03789902,40.36149979,54.60549927,24.16460037,20.53820038,66.72059631,50.98479843,49.17409897,92.68139648,31.88299942,53.92599869,65.57510376,40.14960098,50.14210129,25.47410011,47.81200027,26.31679916,29.16080093
PC 16:0;0_18:3;0,PC,GPL,NA,34,3,0,,6.628630161,9.493720055,3.013959885,1.187579989,1.076979995,1.070520043,4.154930115,3.832060099,4.53249979,2.742310047,3.232719898,6.297210217,8.578100204,10.03250027,14.18529987,7.967919827,11.30949974,11.59679985,6.599329948,8.887020111,3.952529907,4.046629906,2.932849884,2.491060019
PC 16:0;0_18:4;0,PC,GPL,NA,34,4,0,,NA,NA,NA,NA,NA,NA,NA,NA,NA,NA,NA,NA,1.858780026,1.75375998,2.68005991,2.993580103,4.521749973,2.864049911,1.432240009,3.305929899,3.723649979,NA,NA,NA
PC 16:0;0_19:1;0,PC,GPL,NA,35,1,0,,4.956289768,6.558040142,1.187669992,3.985470057,3.182450056,3.394340038,1.176699996,1.428339958,1.390259981,NA,NA,NA,NA,NA,NA,0.418687999,1.191769958,1.319790006,0.658629,1.196409941,NA,1.754590034,0.758328974,NA
PC 16:0;0_19:2;0,PC,GPL,NA,35,2,0,,2.388109922,2.985019922,NA,1.740880013,1.097869992,1.652729988,NA,NA,NA,NA,NA,NA,NA,NA,NA,NA,NA,NA,NA,NA,NA,NA,NA,NA
PC 16:0;0_19:3;0,PC,GPL,NA,35,3,0,,5.799489975,3.878149986,NA,NA,NA,NA,NA,NA,NA,NA,NA,NA,NA,NA,NA,NA,NA,NA,NA,NA,NA,NA,NA,NA
PC 16:0;0_20:0;0,PC,GPL,NA,36,0,0,,NA,NA,NA,NA,NA,NA,NA,NA,NA,NA,NA,NA,NA,NA,NA,0.384344995,0.890205979,1.263929963,0.944882989,1.079509974,0.599825025,NA,NA,NA
PC 16:0;0_20:1;0,PC,GPL,NA,36,1,0,,23.38199997,30.40180016,10.55210018,6.707230091,5.136809826,6.143670082,10.33710003,10.76469994,13.20370007,7.636390209,6.673279762,20.85219955,6.513199806,5.871580124,10.17310047,4.602069855,14.39770031,14.61559963,9.345009804,15.76080036,6.059400082,26.29210091,9.64523983,13.98849964
PC 16:0;0_20:2;0,PC,GPL,NA,36,2,0,,32.79700089,41.17869949,14.04590034,14.02130032,11.0994997,10.69349957,7.130549908,7.34717989,8.404540062,3.613840103,3.385529995,10.48040009,5.310919762,4.812129974,7.495689869,3.689059973,7.850230217,9.726070404,4.260479927,6.106820107,2.440999985,6.862380028,2.816950083,3.587749958
PC 16:0;0_20:3;0,PC,GPL,NA,36,3,0,,60.23749924,80.48419952,30.5904007,20.17429924,14.40130043,14.74250031,6.762390137,6.924640179,7.664209843,4.954269886,3.815589905,12.49279976,6.945710182,6.063509941,9.557970047,5.658740044,11.5298996,12.34780025,6.900809765,11.0678997,4.59980011,10.84090042,4.725470066,6.406219959
PC 16:0;0_20:4;0,PC,GPL,NA,36,4,0,,310.1839905,415.493988,165.798996,77.84359741,56.60359955,59.4029007,21.65749931,22.62080002,35.45159912,25.22509956,20.53849983,81.56390381,51.94029999,49.61380005,80.82350159,20.65810013,42.43180084,66.87120056,33.28020096,43.28839874,23.84630013,31.19120026,18.5135994,22.27109909
PC 16:0;0_20:5;0,PC,GPL,NA,36,5,0,,12.43690014,18.60989952,2.807919979,2.614049911,2.701790094,2.46104002,NA,NA,NA,NA,NA,NA,NA,5.915579796,10.1267004,10.6257,22.27039909,20.59589958,16.98940086,21.78470039,10.7208004,15.6573,8.76445961,NA
PC 16:0;0_21:3;0,PC,GPL,NA,37,3,0,,4.335120201,7.060569763,1.307289958,0.845656991,0.445634007,0.540941,NA,NA,NA,NA,NA,NA,NA,NA,NA,NA,NA,NA,NA,NA,NA,NA,NA,NA
PC 16:0;0_22:0;0,PC,GPL,NA,38,0,0,,NA,NA,NA,NA,NA,NA,NA,NA,NA,NA,NA,NA,NA,NA,NA,NA,0.51316601,0.623969018,0.39655301,0.687126994,0.414478004,NA,0.35957399,0.323994994
PC 16:0;0_22:1;0,PC,GPL,NA,38,1,0,,1.812160015,2.470720053,NA,1.038079977,0.306818008,0.419636995,NA,NA,NA,0.347306013,NA,1.086590052,NA,NA,NA,0.50742197,2.075609922,1.849720001,1.038689971,1.772510052,0.811788976,2.193170071,0.859719992,1.398059964
PC 16:0;0_22:2;0,PC,GPL,NA,38,2,0,,2.306610107,3.060159922,NA,0.470743001,0.463744015,0.515806019,NA,NA,NA,NA,NA,NA,NA,NA,NA,0.443946987,1.281530023,1.379680037,0.752897978,1.221779943,0.423319995,1.233119965,0.42592299,0.698065996
PC 16:0;0_22:3;0,PC,GPL,NA,38,3,0,,27.36860085,33.13800049,14.31900024,3.073390007,2.805229902,2.576359987,0.911158979,0.961448014,1.156450033,0.802121997,NA,2.98277998,0.594986022,0.318715006,0.948771,0.610734999,1.217869997,1.438920021,0.756249011,1.334450006,0.362809002,1.843359947,0.509572983,0.977890015
PC 16:0;0_22:4;0,PC,GPL,NA,38,4,0,,74.31060028,99.01789856,33.17399979,11.75179958,8.852069855,9.334580421,3.780489922,4.177360058,6.262720108,4.827139854,3.835489988,15.04959965,7.890500069,8.015729904,14.93200016,3.023509979,6.628620148,9.013719559,4.235089779,6.197410107,2.917700052,5.914500237,3.137439966,3.418600082
PC 16:0;0_22:5;0,PC,GPL,NA,38,5,0,,172.5610046,241.2700043,33.65449905,19.80279922,14.25419998,14.66119957,3.245559931,3.193239927,4.886499882,2.832050085,2.146800041,10.22049999,6.912950039,5.322629929,7.380119801,6.334889889,11.74160004,18.3260994,9.298629761,13.00450039,7.167739868,15.23260021,7.551620007,8.610630035
PC 16:0;0_22:6;0,PC,GPL,NA,38,6,0,,146.6600037,172.147995,58.53689957,20.34499931,16.49410057,18.00760078,9.123370171,10.70460033,16.66889954,5.259990215,3.915169954,28.40550041,15.70330048,15.48089981,32.42110062,0.935685992,2.129849911,NA,NA,NA,NA,3.113399982,NA,1.046169996
PC 16:1;0_16:1;0,PC,GPL,NA,32,2,0,,88.18060303,112.8339996,26.04150009,9.78979969,7.971210003,7.823740005,16.44659996,18.31189919,17.73279953,7.937300205,6.846819878,18.95210075,10.07489967,10.14350033,12.82139969,4.977509975,17.79240036,8.432769775,15.94219971,29.45289993,9.449850082,72.28679657,29.6439991,43.39500046
PC 16:1;0_16:2;0,PC,GPL,NA,32,3,0,,8.799229622,12.85000038,NA,NA,NA,NA,1.581920028,2.188129902,1.993129969,NA,NA,NA,NA,NA,NA,NA,NA,NA,NA,NA,NA,NA,NA,NA
PC 16:1;0_17:0;0,PC,GPL,NA,33,1,0,,3.854300022,5.981040001,NA,0.891300976,0.838936985,0.900011003,1.640709996,1.649420023,2.305680037,1.155220032,0.796562016,3.662240028,0.57742101,0.574154973,0.968581021,0.306499004,0.412241995,0.807272017,0.870477974,0.866944015,0.314595997,1.799640059,0.53302902,1.028740048
PC 16:1;0_17:1;0,PC,GPL,NA,33,2,0,,13.95330048,16.1310997,NA,1.160830021,0.961266994,1.463389993,4.389229774,4.894309998,5.618879795,2.038640022,2.355809927,6.257510185,NA,NA,NA,0.811604977,1.371889949,3.730129957,NA,NA,NA,4.409259796,1.555719972,2.315069914
PC 16:1;0_18:0;0,PC,GPL,NA,34,1,0,,15.6079998,20.30139923,6.147580147,6.446109772,2.954619884,6.105120182,26.38380051,27.44490051,29.96489906,23.00049973,19.61639977,57.24670029,16.10560036,14.05760002,24.67609978,2.394279957,6.553190231,8.208999634,5.958399773,8.039839745,3.386559963,15.26159954,6.161129951,12.43770027
PC 16:1;0_18:1;0,PC,GPL,NA,34,2,0,,175.1269989,225.8280029,57.99890137,27.58209991,24.89609909,28.91020012,56.05870056,63.66009903,60.44440079,19.10910034,16.32209969,50.207901,32.37789917,29.67519951,39.6753006,16.92560005,46.73929977,39.96210098,24.9197998,46.27199936,13.1729002,72.44809723,22.81999969,40.60380173
PC 16:1;0_18:2;0,PC,GPL,NA,34,3,0,,7.481200218,9.563650131,2.686860085,3.990129948,3.704979897,4.131869793,2.356159925,2.752409935,2.041870117,0.580057979,NA,1.984619975,2.182729959,1.527420044,2.799380064,2.824990034,5.342790127,4.681650162,3.292819977,4.936120033,2.073529959,5.216380119,2.324860096,2.662499905
PC 16:1;0_18:3;0,PC,GPL,NA,34,4,0,,NA,NA,NA,NA,NA,NA,NA,NA,NA,NA,NA,NA,0.973479986,1.192980051,1.795240045,1.969519973,4.586979866,1.803560019,2.676879883,3.941080093,NA,NA,NA,NA
PC 16:1;0_19:1;0,PC,GPL,NA,35,2,0,,0.622596025,1.000480056,NA,0.222433999,NA,0.192503005,NA,NA,NA,NA,NA,NA,NA,NA,NA,NA,NA,NA,NA,NA,NA,NA,NA,NA
PC 16:1;0_20:0;0,PC,GPL,NA,36,1,0,,0.743579984,1.126199961,NA,NA,NA,NA,NA,NA,NA,NA,NA,NA,NA,NA,NA,0.341803998,1.302839994,1.369809985,1.035410047,1.828979969,0.676429987,3.973619938,1.256299973,1.81735003
PC 16:1;0_20:1;0,PC,GPL,NA,36,2,0,,4.992300034,5.938580036,1.700690031,0.596261024,0.728604972,0.675800025,1.884660006,2.029589891,1.753280044,0.412212998,0.591489971,1.378309965,0.418518007,0.316819012,0.553386986,0.963428974,3.28963995,2.822580099,1.589980006,3.617889881,0.940832019,8.610870361,2.293800116,4.458650112
PC 16:1;0_20:2;0,PC,GPL,NA,36,3,0,,4.244820118,5.54805994,1.199990034,0.892046988,0.629769027,0.885657012,0.575316012,0.906073987,0.804395974,NA,NA,NA,0.175451994,NA,0.291514993,0.518471003,0.95747298,0.972365022,0.419371009,1.005869985,NA,1.074360013,0.334208995,0.562693
PC 16:1;0_20:3;0,PC,GPL,NA,36,4,0,,9.959910393,10.7439003,4.534070015,1.767799973,1.471510053,1.672469974,1.293449998,1.16226995,1.108540058,0.614293993,NA,0.592510998,1.005439997,0.791288972,0.890040994,1.239449978,2.682039976,2.279690027,1.166180015,2.236550093,0.321952999,2.069420099,0.498750001,1.180150032
PC 16:1;0_20:4;0,PC,GPL,NA,36,5,0,,24.35510063,39.36759949,10.29419994,7.420430183,6.020589828,5.592579842,17.28809929,22.28689957,25.83180046,14.35849953,10.42840004,32.73749924,16.65889931,11.07089996,18.03989983,5.438789845,11.2347002,9.017729759,4.697629929,7.593639851,2.923919916,8.439929962,4.58810997,15.88370037
PC 16:1;0_20:5;0,PC,GPL,NA,36,6,0,,NA,NA,NA,NA,NA,NA,NA,NA,NA,NA,NA,NA,NA,NA,NA,14.02659988,NA,12.94680023,NA,NA,NA,NA,NA,NA
PC 16:1;0_22:0;0,PC,GPL,NA,38,1,0,,NA,NA,NA,NA,NA,NA,NA,NA,NA,NA,NA,NA,NA,NA,NA,NA,NA,NA,0.287463009,0.457356006,NA,1.954259992,0.555163026,0.760756016
PC 16:1;0_22:1;0,PC,GPL,NA,38,2,0,,NA,NA,NA,NA,NA,NA,NA,NA,NA,NA,NA,NA,NA,NA,NA,0.110684998,0.640011013,0.497189999,0.318338007,0.648859978,NA,1.483459949,0.398743004,0.956523001
PC 16:1;0_22:3;0,PC,GPL,NA,38,4,0,,4.678009987,5.56196022,1.020069957,NA,NA,NA,NA,NA,NA,NA,NA,NA,NA,NA,NA,NA,NA,NA,NA,NA,NA,NA,NA,NA
PC 16:1;0_22:4;0,PC,GPL,NA,38,5,0,,9.620070457,11.64659977,2.264400005,0.573040009,0.661046028,0.633176029,NA,NA,NA,NA,NA,NA,1.073959947,0.407678992,1.571939945,0.920759976,1.620669961,1.912700057,0.455361992,0.674616992,NA,1.268869996,0.319768012,0.29302299
PC 16:1;0_22:5;0,PC,GPL,NA,38,6,0,,26.24559975,35.61849976,4.274960041,0.720561028,0.99733901,1.098930001,NA,NA,NA,NA,NA,NA,NA,NA,NA,0.722522974,1.61748004,3.035520077,0.625725985,2.328180075,NA,2.432699919,0.837289989,0.773826003
PC 16:1;0_22:6;0,PC,GPL,NA,38,7,0,,14.33580017,18.01009941,NA,NA,NA,NA,NA,NA,NA,NA,NA,NA,NA,NA,NA,NA,NA,NA,NA,NA,NA,NA,NA,NA
PC 16:2;0_18:0;0,PC,GPL,NA,34,2,0,,0.669363976,1.304270029,NA,NA,NA,NA,1.711019993,1.775320053,1.998710036,1.045619965,0.936025023,2.133749962,0.734206975,0.647953987,1.346670032,NA,NA,NA,NA,NA,NA,NA,NA,NA
PC 16:2;0_18:1;0,PC,GPL,NA,34,3,0,,3.907789946,5.271550179,1.001680017,0.861922026,0.73982197,0.63163197,2.408580065,2.51218009,2.102570057,NA,NA,NA,0.941830993,NA,1.057479978,0.399605989,1.302150011,0.785269022,NA,NA,NA,3.135839939,NA,1.848399997
PC 16:3;0_18:0;0,PC,GPL,NA,34,3,0,,NA,NA,NA,NA,NA,NA,NA,1.347759962,1.130460024,NA,NA,NA,0.773958027,NA,1.130130053,NA,NA,NA,NA,NA,NA,NA,NA,NA
PC 16:3;0_18:1;0,PC,GPL,NA,34,4,0,,NA,NA,NA,NA,NA,NA,5.052380085,10.40869999,NA,NA,NA,NA,1.148030043,NA,0.891819,NA,NA,NA,NA,NA,NA,NA,NA,NA
PC 17:0;0_18:0;0,PC,GPL,NA,35,0,0,,NA,NA,NA,NA,NA,NA,NA,NA,NA,1.092229962,NA,1.55411005,NA,NA,NA,NA,1.601930022,1.639240026,0.951668024,6.260250092,NA,8.332429886,7.001790047,1.926360011
PC 17:0;0_18:1;0,PC,GPL,NA,35,1,0,,15.9218998,19.67110062,4.019390106,9.788599968,7.783130169,8.708569527,5.941430092,7.570360184,6.528560162,6.650780201,6.154119968,17.01460075,5.022409916,6.017409801,6.801929951,NA,NA,NA,NA,4.08423996,NA,9.765910149,3.975349903,6.154349804
PC 17:0;0_18:2;0,PC,GPL,NA,35,2,0,,NA,NA,NA,2.764270067,2.296819925,2.445849895,1.242089987,1.587939978,2.12154007,4.167160034,1.357750058,3.786230087,4.965839863,2.042929888,3.483910084,NA,0.947831988,1.16940999,0.785489976,0.937744975,NA,1.537799954,0.741743028,0.870589972
PC 17:0;0_20:0;0,PC,GPL,NA,37,0,0,,NA,NA,NA,NA,NA,NA,NA,NA,NA,NA,NA,NA,NA,NA,NA,0.462929994,1.832270026,0.617016017,NA,NA,NA,6.606969833,7.88932991,1.965160012
PC 17:0;0_20:1;0,PC,GPL,NA,37,1,0,,NA,NA,NA,NA,NA,NA,NA,NA,NA,NA,NA,NA,NA,NA,NA,NA,1.256489992,0.846708,NA,NA,NA,NA,0.505967021,0.319642007
PC 17:0;0_20:2;0,PC,GPL,NA,37,2,0,,NA,NA,NA,0.356043011,0.179216996,0.284759998,NA,NA,NA,NA,NA,NA,NA,NA,NA,NA,NA,NA,NA,NA,NA,NA,NA,NA
PC 17:0;0_20:3;0,PC,GPL,NA,37,3,0,,NA,2.114459991,0.37529099,1.003749967,0.508953989,0.571990013,NA,NA,NA,NA,NA,NA,NA,NA,NA,NA,NA,NA,NA,NA,NA,NA,NA,NA
PC 17:0;0_20:4;0,PC,GPL,NA,37,4,0,,10.39900017,12.18939972,3.769200087,5.628339767,4.151450157,4.752130032,NA,NA,NA,NA,NA,NA,NA,NA,NA,NA,1.728060007,2.783529997,1.406299949,1.79132998,NA,1.767660022,1.209100008,1.305340052
PC 17:0;0_22:4;0,PC,GPL,NA,39,4,0,,NA,NA,NA,0.531089008,1.252580047,0.574127018,NA,NA,NA,0.646357,0.765892982,1.370100021,NA,NA,NA,NA,NA,NA,NA,NA,NA,NA,NA,NA
PC 17:0;0_22:5;0,PC,GPL,NA,39,5,0,,6.890590191,9.633060455,NA,1.415809989,2.262779951,1.103710055,NA,NA,NA,NA,NA,NA,NA,NA,NA,NA,1.775969982,2.119859934,NA,NA,NA,2.916879892,1.301530004,NA
PC 17:1;0_17:1;0,PC,GPL,NA,34,2,0,,NA,NA,NA,0.160148993,0.108662002,0.134386003,NA,NA,NA,NA,NA,NA,NA,NA,NA,NA,NA,NA,NA,NA,NA,NA,NA,NA
PC 17:1;0_18:0;0,PC,GPL,NA,35,1,0,,1.562739968,2.33333993,0.630807996,1.482519984,1.05084002,1.206040025,1.302670002,1.70054996,1.552620053,1.336750031,NA,4.39549017,1.214900017,NA,1.515990019,NA,0.511920989,0.537810981,0.388871998,0.721068978,NA,1.922520041,0.692398012,1.20599997
PC 17:1;0_18:1;0,PC,GPL,NA,35,2,0,,14.27029991,20.06290054,NA,9.629920006,8.181779861,10.08269978,5.657479763,6.484459877,6.28426981,NA,2.742980003,8.563540459,NA,2.839489937,4.104169846,2.684380054,4.880259991,4.916250229,3.089930058,4.856019974,2.268980026,9.845849991,3.237279892,5.987380028
PC 17:1;0_18:2;0,PC,GPL,NA,35,3,0,,NA,NA,NA,2.786590099,NA,3.072439909,NA,NA,NA,NA,NA,NA,NA,NA,NA,NA,NA,NA,NA,NA,NA,NA,NA,NA
PC 17:1;0_20:1;0,PC,GPL,NA,37,2,0,,NA,NA,NA,NA,NA,NA,NA,NA,NA,NA,NA,NA,NA,NA,NA,NA,NA,NA,NA,NA,NA,1.04508996,0.289485008,0.443313003
PC 17:1;0_20:4;0,PC,GPL,NA,37,5,0,,NA,NA,NA,2.76135993,2.53105998,NA,NA,NA,NA,NA,NA,NA,NA,NA,NA,1.342049956,NA,3.027149916,NA,NA,NA,NA,NA,NA
PC 18:0;0_18:0;0,PC,GPL,NA,36,0,0,,NA,NA,NA,NA,NA,NA,NA,NA,NA,NA,NA,NA,NA,NA,NA,0.322955012,0.576472998,0.780318022,0.571476996,0.671186984,0.339585006,NA,NA,NA
PC 18:0;0_18:1;0,PC,GPL,NA,36,1,0,,109.1389999,140.0010071,40.93909836,44.55239868,35.08269882,41.17670059,115.5920029,123.0960007,148.2460022,107.2850037,91.93139648,269.3819885,93.90190125,82.27469635,140.8529968,12.38799953,32.86899948,39.08349991,24.15460014,46.14390182,21.19519997,145.4329987,54.09170151,84.16699982
PC 18:0;0_18:2;0,PC,GPL,NA,36,2,0,,18.60210037,28.75349998,9.624830246,29.30150032,21.13380051,25.19129944,22.81110001,22.42219925,30.33009911,18.87739944,15.60649967,47.13819885,23.39990044,22.52960014,45.41889954,7.540530205,15.05620003,21.02359962,11.60359955,15.93879986,9.611590385,32.5367012,17.05109978,19.11039925
PC 18:0;0_18:3;0,PC,GPL,NA,36,3,0,,1.915930033,3.367059946,1.140490055,0.124302,0.233743995,NA,1.726259947,2.059859991,2.770709991,NA,1.066599965,3.030430079,1.940379977,2.117749929,3.832930088,1.014700055,2.185630083,1.855059981,1.036209941,1.531909943,0.877045989,2.048209906,0.94334501,0.929265022
PC 18:0;0_19:1;0,PC,GPL,NA,37,1,0,,2.019979954,2.40831995,NA,NA,NA,NA,NA,NA,NA,NA,NA,NA,NA,NA,NA,NA,NA,NA,NA,NA,NA,NA,NA,NA
PC 18:0;0_19:2;0,PC,GPL,NA,37,2,0,,NA,NA,NA,0.285991013,NA,0.295859993,NA,NA,NA,NA,NA,NA,NA,NA,NA,NA,NA,NA,NA,NA,NA,NA,NA,NA
PC 18:0;0_19:3;0,PC,GPL,NA,37,3,0,,0.841219008,1.467839956,NA,NA,NA,NA,NA,NA,NA,NA,NA,NA,NA,NA,NA,NA,NA,NA,NA,NA,NA,NA,NA,NA
PC 18:0;0_20:0;0,PC,GPL,NA,38,0,0,,NA,NA,NA,NA,NA,NA,NA,NA,NA,NA,NA,NA,NA,NA,NA,NA,0.369293988,0.455597013,0.215970993,0.282923013,0.203486994,NA,0.248976007,0.270696014
PC 18:0;0_20:1;0,PC,GPL,NA,38,1,0,,NA,NA,NA,NA,0.315504014,0.346094012,NA,1.18482995,1.276950002,0.393085003,0.980453014,1.194120049,0.866474986,0.831475973,1.368289948,0.385639012,1.266729951,1.336339951,0.874840021,1.532310009,0.838665009,5.554890156,1.714540005,2.890779972
PC 18:0;0_20:2;0,PC,GPL,NA,38,2,0,,2.623929977,3.692159891,1.127210021,1.591249943,1.313269973,1.492650032,1.634320021,1.835950017,1.362269998,1.371659994,1.056800008,2.941090107,0.77452898,0.441579014,0.799331009,0.395476013,1.263149977,1.124379992,0.579958022,0.861288011,0.070941702,1.945530057,0.514545977,1.034190059
PC 18:0;0_20:3;0,PC,GPL,NA,38,3,0,,18.4192009,22.82430077,9.468400002,6.279870033,5.034430027,5.139289856,3.632359982,3.441590071,3.221090078,2.644350052,3.442780018,6.640779972,1.733739972,2.254849911,2.346649885,0.996270001,2.251610041,2.326639891,1.376449943,2.573489904,1.768890023,6.555480003,2.368230104,3.351609945
PC 18:0;0_20:4;0,PC,GPL,NA,38,4,0,,65.41470337,94.23020172,26.0659008,26.0970993,19.07150078,20.21120071,17.93519974,18.07150078,25.53079987,24.71890068,20.15740013,76.4885025,32.09280014,33.28879929,55.04809952,8.370059967,14.8696003,26.94039917,10.9914999,14.44279957,10.76130009,17.24200058,10.53050041,11.29740047
PC 18:0;0_20:5;0,PC,GPL,NA,38,5,0,,1.945490003,2.341289997,NA,NA,NA,NA,NA,NA,NA,NA,NA,NA,NA,1.242509961,2.5615201,1.832470059,3.903850079,4.96807003,2.70588994,3.658819914,2.374079943,4.762489796,2.341449976,2.893369913
PC 18:0;0_22:1;0,PC,GPL,NA,40,1,0,,NA,NA,NA,NA,NA,NA,NA,NA,NA,NA,NA,NA,NA,NA,NA,NA,0.371482015,0.500563025,0.316464007,0.552011013,NA,1.095800042,0.316071987,0.612716973
PC 18:0;0_22:2;0,PC,GPL,NA,40,2,0,,NA,NA,NA,NA,NA,NA,NA,NA,NA,NA,NA,NA,NA,NA,NA,NA,NA,NA,NA,NA,NA,0.602144003,NA,0.134577006
PC 18:0;0_22:3;0,PC,GPL,NA,40,3,0,,6.538939953,7.239830017,NA,1.827880025,NA,0.676582992,NA,NA,NA,NA,NA,NA,NA,NA,NA,NA,0.302809,0.468672991,NA,NA,NA,0.604368985,0.182570994,0.255024999
PC 18:0;0_22:4;0,PC,GPL,NA,40,4,0,,9.69546032,12.87069988,2.366529942,3.183569908,2.127979994,2.497639894,2.112129927,NA,2.760970116,2.555020094,1.943120003,9.757120132,3.796060085,3.103559971,5.665450096,1.161569953,2.230669975,2.898449898,2.122859955,2.184149981,1.087260008,2.458990097,1.744699955,1.413190007
PC 18:0;0_22:5;0,PC,GPL,NA,40,5,0,,16.80069923,24.1406002,2.682620049,6.609230042,4.676159859,4.70761013,3.096319914,2.880460024,3.130820036,2.125969887,3.475130081,5.735010147,4.895030022,4.458509922,6.124829769,1.878610015,2.616990089,5.092309952,2.55753994,2.982599974,1.784829974,5.558599949,2.56772995,3.012880087
PC 18:0;0_22:6;0,PC,GPL,NA,40,6,0,,14.94509983,17.80750084,4.435269833,NA,3.659790039,4.069600105,7.126949787,7.155970097,10.83199978,6.843510151,NA,22.69639969,10.0152998,11.11779976,17.48060036,NA,NA,NA,NA,NA,NA,NA,NA,NA
PC 18:1;0_18:1;0,PC,GPL,NA,36,2,0,,179.4680023,224.0789948,80.74079895,130.5070038,113.7819977,128.0709991,76.81020355,83.87950134,73.00330353,27.06430054,23.57069969,61.88880157,32.3266983,30.58810043,45.05160141,19.29649925,57.74100113,54.58720016,35.04579926,67.6710968,20.07559967,136.6799927,41.65850067,76.50740051
PC 18:1;0_18:2;0,PC,GPL,NA,36,3,0,,17.05739975,22.38170052,7.780379772,47.0381012,40.45819855,46.10689926,7.975470066,8.225669861,8.02396965,3.973089933,2.492640018,7.685259819,7.523169994,7.274990082,14.01869965,9.41024971,18.00909996,19.64760017,11.41950035,15.42479992,7.921199799,21.53930092,9.189200401,12.48110008
PC 18:1;0_18:3;0,PC,GPL,NA,36,4,0,,3.174590111,3.709419966,NA,1.280179977,0.995576024,1.047000051,1.822260022,1.880859971,2.072809935,NA,NA,NA,2.295840025,2.099129915,3.973579884,4.173749924,5.852149963,5.828979969,3.027800083,4.421599865,1.574609995,2.634910107,1.282459974,1.413069963
PC 18:1;0_19:0;0,PC,GPL,NA,37,1,0,,NA,NA,NA,NA,NA,NA,NA,NA,NA,NA,NA,NA,NA,NA,NA,NA,NA,NA,NA,NA,NA,3.793230057,1.789309978,1.313639998
PC 18:1;0_19:1;0,PC,GPL,NA,37,2,0,,1.609689951,2.330830097,NA,2.521640062,2.751189947,2.966890097,NA,NA,NA,NA,NA,NA,NA,NA,NA,NA,NA,NA,NA,NA,NA,2.404489994,0.904663026,1.576400042
PC 18:1;0_19:2;0,PC,GPL,NA,37,3,0,,NA,NA,NA,1.483929992,0.928677022,1.384310007,NA,NA,NA,NA,NA,NA,NA,NA,NA,NA,NA,NA,NA,NA,NA,NA,NA,NA
PC 18:1;0_20:0;0,PC,GPL,NA,38,1,0,,1.422510028,2.011780024,NA,NA,NA,NA,NA,NA,NA,NA,NA,NA,NA,NA,NA,0.387189001,1.776579976,1.566730022,1.177299976,2.304270029,1.180369973,7.204219818,2.087120056,3.714129925
PC 18:1;0_20:1;0,PC,GPL,NA,38,2,0,,4.960800171,6.484889984,3.115449905,3.370170116,2.655400038,3.320640087,2.954370022,3.219589949,1.846089959,1.472679973,1.25364995,2.778239965,0.644643009,0.718406022,0.623068988,1.073570013,5.66644001,3.883549929,3.346090078,6.596970081,3.337090015,22.90049934,7.033569813,12.39929962
PC 18:1;0_20:2;0,PC,GPL,NA,38,3,0,,8.138859749,9.271960258,3.616209984,6.257420063,5.593289852,6.121469975,1.998160005,2.164690018,1.691830039,0.608505011,NA,1.805410028,0.54747498,NA,0.886425018,1.103170037,2.467570066,2.287640095,1.306100011,2.45697999,0.946425021,3.72626996,1.066789985,1.847030044
PC 18:1;0_20:3;0,PC,GPL,NA,38,4,0,,17.8798008,21.39229965,11.14550018,14.95619965,11.49380016,12.4907999,4.20389986,4.255970001,4.4165802,2.034179926,1.503630042,3.681740046,2.33543992,2.068120003,3.058069944,2.653069973,6.341209888,6.207749844,3.307980061,6.616010189,2.212009907,7.246039867,2.909029961,3.635390043
PC 18:1;0_20:4;0,PC,GPL,NA,38,5,0,,54.06259918,72.82219696,27.31369972,30.89119911,24.43600082,24.20969963,6.866270065,7.536709785,8.641249657,5.964240074,4.254209995,18.46100044,12.7166996,11.44089985,16.54100037,11.13560009,21.74920082,29.92070007,10.35210037,17.19910049,6.797709942,15.65009975,8.306710243,9.538379669
PC 18:1;0_20:5;0,PC,GPL,NA,38,6,0,,NA,NA,NA,NA,NA,NA,NA,NA,NA,NA,NA,NA,NA,NA,NA,1.734249949,4.705200195,7.246900082,3.399199963,4.692420006,1.798889995,3.07001996,1.66900003,1.378749967
PC 18:1;0_21:3;0,PC,GPL,NA,39,4,0,,NA,NA,NA,0.372880012,NA,0.673241973,NA,NA,NA,NA,NA,NA,NA,NA,NA,NA,NA,NA,NA,NA,NA,NA,NA,NA
PC 18:1;0_22:0;0,PC,GPL,NA,40,1,0,,NA,NA,NA,NA,NA,NA,NA,NA,NA,NA,NA,NA,NA,NA,NA,NA,1.403890014,1.628440022,1.087309957,2.163759947,1.296689987,8.13064003,2.919500113,4.106790066
PC 18:1;0_22:1;0,PC,GPL,NA,40,2,0,,NA,NA,NA,NA,NA,NA,NA,NA,NA,NA,NA,NA,NA,NA,NA,0.689217985,2.218080044,1.896029949,1.198240042,2.370820045,0.965592027,4.839580059,2.009449959,2.709500074
PC 18:1;0_22:2;0,PC,GPL,NA,40,3,0,,NA,NA,NA,NA,NA,NA,NA,NA,NA,NA,NA,NA,NA,NA,NA,NA,0.460851014,1.118160009,NA,NA,NA,0.455523014,0.205862001,0.189806998
PC 18:1;0_22:3;0,PC,GPL,NA,40,4,0,,6.557869911,7.495679855,2.395499945,2.535739899,1.619809985,1.864470005,NA,NA,NA,NA,NA,NA,NA,NA,NA,0.333546013,0.662135005,0.41622901,NA,0.489178002,0.200837001,0.892157018,NA,0.481388986
PC 18:1;0_22:4;0,PC,GPL,NA,40,5,0,,14.34910011,16.33169937,4.247079849,4.483099937,3.775209904,3.884340048,1.86748004,2.419549942,2.936609983,1.430140018,NA,3.780149937,2.024990082,2.209000111,4.166520119,1.501129985,2.493129969,3.077330112,1.176130056,1.743430018,0.194949999,1.498129964,0.927281022,1.00999999
PC 18:1;0_22:5;0,PC,GPL,NA,40,6,0,,27.06579971,35.7242012,6.499639988,13.56649971,6.24326992,7.421700001,NA,NA,NA,NA,NA,NA,1.730380058,NA,1.627889991,3.230429888,8.300869942,8.116550446,4.064519882,5.580629826,2.636759996,6.629089832,3.515350103,4.040929794
PC 18:1;0_22:6;0,PC,GPL,NA,40,7,0,,21.51519966,27.9939003,8.247540474,11.11680031,8.42648983,9.385450363,NA,NA,NA,NA,NA,NA,4.092140198,NA,6.525360107,NA,NA,NA,NA,NA,NA,NA,NA,NA
PC 18:2;0_18:2;0,PC,GPL,NA,36,4,0,,1.254019976,2.692970037,0.775617003,4.318590164,3.281790018,3.738300085,1.314030051,1.206680059,1.736240029,0.899743021,0.783751011,1.046010017,2.367239952,2.169029951,5.687660217,2.570369959,4.435780048,4.468289852,2.838500023,3.265039921,2.158080101,2.440079927,1.50782001,2.059849977
PC 18:2;0_18:3;0,PC,GPL,NA,36,5,0,,NA,NA,NA,NA,NA,NA,NA,NA,NA,NA,NA,NA,1.601629972,1.551939964,5.994120121,2.146379948,3.198319912,2.746510029,2.065740108,3.64744997,0.868048012,NA,NA,NA
PC 18:2;0_19:1;0,PC,GPL,NA,37,3,0,,NA,NA,NA,0.775327027,0.378441006,0.562283993,NA,NA,NA,NA,NA,NA,NA,NA,NA,NA,NA,NA,NA,NA,NA,NA,NA,NA
PC 18:2;0_20:0;0,PC,GPL,NA,38,2,0,,NA,NA,NA,NA,NA,NA,NA,NA,NA,NA,NA,NA,NA,NA,NA,0.191712007,0.457060009,0.641131997,0.298299015,0.570298016,NA,1.112939954,0.418776006,0.554045022
PC 18:2;0_20:1;0,PC,GPL,NA,38,3,0,,NA,NA,NA,1.345319986,1.190490007,1.240700006,NA,NA,NA,NA,NA,NA,NA,NA,NA,0.435101002,1.138319969,1.139179945,0.950102985,1.388910055,0.272727996,3.05189991,1.32664001,1.426390052
PC 18:2;0_20:2;0,PC,GPL,NA,38,4,0,,NA,NA,NA,2.694259882,1.69382,1.882339954,NA,NA,NA,NA,NA,NA,NA,NA,NA,0.619257987,0.738223016,0.963886023,0.383444011,0.443230003,NA,0.326312989,0.215185001,NA
PC 18:2;0_20:3;0,PC,GPL,NA,38,5,0,,NA,NA,NA,1.947610021,2.456370115,1.894240022,NA,NA,NA,NA,NA,NA,NA,NA,NA,0.816406012,1.33415997,0.910772979,0.315474987,0.462908,NA,NA,NA,NA
PC 18:2;0_20:4;0,PC,GPL,NA,38,6,0,,3.900929928,4.136970043,1.838199973,3.737449884,2.935100079,3.214930058,NA,NA,NA,NA,NA,NA,1.300269961,1.985599995,4.004720211,1.649209976,2.795320034,3.928920031,1.154590011,2.152270079,0.732264996,NA,0.511391997,0.194261
PC 18:2;0_22:0;0,PC,GPL,NA,40,2,0,,NA,NA,NA,NA,NA,NA,NA,NA,NA,NA,NA,NA,NA,NA,NA,NA,NA,NA,NA,NA,NA,0.604309022,NA,0.180776998
PC 18:2;0_22:1;0,PC,GPL,NA,40,3,0,,NA,NA,NA,NA,NA,NA,NA,NA,NA,NA,NA,NA,NA,NA,NA,NA,NA,NA,NA,NA,NA,0.460085988,0.137399003,0.115930997
PC 18:2;0_22:4;0,PC,GPL,NA,40,6,0,,NA,NA,NA,NA,0.366290003,0.291444987,NA,NA,NA,NA,NA,NA,NA,NA,NA,NA,NA,NA,NA,NA,NA,NA,NA,NA
PC 18:2;0_22:5;0,PC,GPL,NA,40,7,0,,NA,NA,NA,NA,0.476817995,0.733947992,NA,NA,NA,NA,NA,NA,NA,NA,NA,1.527590036,3.151170015,3.582669973,NA,NA,NA,NA,NA,NA
PC 18:3;0_20:4;0,PC,GPL,NA,38,7,0,,NA,NA,NA,NA,NA,NA,NA,NA,NA,NA,NA,NA,NA,NA,NA,2.147819996,NA,2.977200031,NA,NA,NA,NA,NA,NA
PC 19:1;0_20:4;0,PC,GPL,NA,39,5,0,,NA,NA,NA,1.598469973,NA,1.350469947,NA,NA,NA,NA,NA,NA,NA,NA,NA,NA,NA,NA,NA,NA,NA,NA,NA,NA
PC 20:0;0_20:1;0,PC,GPL,NA,40,1,0,,NA,NA,NA,NA,NA,NA,NA,NA,NA,NA,NA,NA,NA,NA,NA,NA,NA,NA,NA,NA,NA,0.513455987,NA,0.185103998
PC 20:0;0_20:4;0,PC,GPL,NA,40,4,0,,NA,NA,NA,NA,NA,NA,NA,NA,NA,NA,NA,NA,NA,NA,NA,NA,0.435294002,0.407795995,NA,0.697228014,0.258644015,0.574716985,NA,0.417778999
PC 20:1;0_20:1;0,PC,GPL,NA,40,2,0,,NA,NA,NA,NA,NA,NA,NA,NA,NA,NA,NA,NA,NA,NA,NA,NA,NA,NA,0.076106399,0.168192998,NA,1.115800023,0.322539985,0.37628001
PC 20:1;0_20:3;0,PC,GPL,NA,40,4,0,,NA,NA,NA,NA,0.280653,0.184801996,NA,NA,NA,NA,NA,NA,NA,NA,NA,NA,0.308991998,0.39626199,NA,NA,NA,0.966799974,0.271733999,0.411850989
PC 20:1;0_20:4;0,PC,GPL,NA,40,5,0,,3.308769941,4.109240055,1.024019957,1.329929948,1.147600055,1.167260051,NA,NA,NA,0.726888001,NA,2.177860022,NA,NA,NA,0.830817997,2.26432991,3.266109943,1.521029949,2.289489985,0.990100026,2.501699924,1.144099951,1.610170007
PC 20:2;0_20:4;0,PC,GPL,NA,40,6,0,,1.319769979,3.119970083,NA,1.633209944,0.688230991,0.567412972,NA,NA,NA,NA,NA,NA,NA,NA,NA,0.972018003,NA,1.772650003,0.583591998,1.069219947,NA,NA,NA,NA
PC 20:3;0_20:3;0,PC,GPL,NA,40,6,0,,NA,NA,NA,0.303133994,0.171237007,0.091594003,NA,NA,NA,NA,NA,NA,NA,NA,NA,NA,NA,NA,NA,NA,NA,NA,NA,NA
PC 20:3;0_20:4;0,PC,GPL,NA,40,7,0,,0.915078998,NA,1.078410029,1.399420023,1.068230033,1.011309981,NA,NA,NA,NA,NA,NA,NA,NA,NA,NA,NA,NA,NA,NA,NA,NA,NA,NA
PC 20:4;0_20:4;0,PC,GPL,NA,40,8,0,,NA,NA,NA,1.994629979,1.353129983,1.781949997,NA,NA,NA,NA,NA,NA,NA,NA,NA,NA,1.185850024,1.06882,NA,NA,NA,NA,NA,NA
PC 20:4;0_22:1;0,PC,GPL,NA,42,5,0,,NA,NA,NA,NA,NA,NA,NA,NA,NA,NA,NA,NA,NA,NA,NA,NA,NA,NA,NA,NA,NA,0.793877006,0.507088006,NA
PC O-14:0;0/16:0;0,PC O-,GPL,NA,30,0,0,,NA,NA,NA,NA,0.931154013,0.974146008,1.863579988,3.032809973,2.041399956,NA,2.316809893,4.622900009,1.232859969,NA,0.955501974,NA,1.00601995,0.528295994,NA,NA,NA,NA,NA,NA
PC O-14:1;0/18:0;0,PC O-,GPL,NA,32,1,0,,NA,NA,NA,NA,NA,NA,NA,1.00059998,1.024889946,0.819715977,0.699697971,NA,0.372245997,0.416483998,0.676824987,NA,NA,NA,NA,NA,NA,1.896540046,0.924228013,1.490730047
PC O-14:1;0/18:1;0,PC O-,GPL,NA,32,2,0,,NA,NA,NA,NA,NA,NA,NA,NA,NA,NA,NA,NA,NA,NA,NA,NA,NA,NA,NA,NA,NA,1.65892005,0.606948018,0.806599975
PC O-15:1;0/16:0;0,PC O-,GPL,NA,31,1,0,,NA,NA,NA,NA,NA,NA,NA,NA,NA,NA,NA,NA,NA,NA,NA,NA,NA,NA,NA,NA,NA,9.6042099,9.847080231,NA
PC O-16:0;0/16:0;0,PC O-,GPL,NA,32,0,0,,6.796209812,8.004190445,16.53470039,4.551650047,3.733210087,4.108449936,3.177139997,3.737380028,3.708460093,3.322249889,2.892940044,7.702799797,2.319420099,2.135149956,NA,0.860095024,2.106839895,2.34645009,NA,NA,NA,2.560110092,NA,1.578369975
PC O-16:0;0/18:2;0,PC O-,GPL,NA,34,2,0,,NA,NA,NA,NA,2.943690062,3.788239956,NA,NA,NA,NA,NA,NA,NA,NA,NA,NA,NA,NA,NA,NA,NA,NA,NA,NA
PC O-16:0;0/20:3;0,PC O-,GPL,NA,36,3,0,,4.692220211,NA,4.362170219,NA,0.876936972,0.904233992,NA,NA,NA,NA,NA,NA,NA,NA,NA,NA,NA,NA,NA,NA,NA,NA,NA,NA
PC O-16:0;0/20:4;0,PC O-,GPL,NA,36,4,0,,15.93050003,21.45809937,20.76609993,9.752860069,6.95043993,7.202630043,NA,NA,NA,NA,NA,NA,NA,NA,NA,1.081210017,2.452759981,3.135240078,1.910439968,2.364779949,1.672700047,2.845910072,1.565070033,1.83544004
PC O-16:0;0/22:5;0,PC O-,GPL,NA,38,5,0,,10.9083004,14.93599987,3.713370085,2.487149954,1.934380054,2.126539946,NA,NA,NA,NA,NA,NA,NA,NA,NA,NA,NA,NA,NA,NA,NA,NA,NA,NA
PC O-16:0;0/22:6;0,PC O-,GPL,NA,38,6,0,,6.332129955,6.806469917,11.41670036,NA,3.962480068,3.601370096,NA,NA,NA,NA,NA,NA,NA,NA,NA,NA,NA,NA,NA,NA,NA,NA,NA,NA
PC O-16:1;0/16:0;0,PC O-,GPL,NA,32,1,0,,30.38380051,37.25960159,25.87520027,4.049210072,3.685780048,3.887559891,3.623239994,3.461889982,3.859719992,2.648309946,2.286190033,7.252299786,1.943169951,1.965739965,3.42730999,1.03294003,3.323679924,3.071180105,3.105969906,4.708109856,2.038110018,6.572939873,2.482739925,4.017509937
PC O-16:1;0/16:1;0,PC O-,GPL,NA,32,2,0,,7.698379993,9.013179779,4.015170097,NA,NA,NA,NA,NA,NA,NA,NA,NA,NA,NA,NA,NA,NA,NA,0.181998,0.227497995,0.065751903,0.156082004,0.049376801,0.066439301
PC O-16:1;0/18:0;0,PC O-,GPL,NA,34,1,0,,NA,NA,NA,NA,NA,NA,1.945199966,1.120200038,2.294219971,0.849270999,0.669852018,1.683259964,0.683934987,0.473978013,1.115509987,NA,NA,NA,NA,NA,NA,NA,NA,NA
PC O-16:1;0/18:1;0,PC O-,GPL,NA,34,2,0,,19.89500046,27.23880005,11.99050045,NA,NA,NA,0.661547005,1.539199948,2.378030062,NA,1.380290031,4.068490028,2.088769913,1.805920005,3.503520012,NA,2.289819956,1.659070015,NA,NA,NA,3.581439972,1.214939952,1.972440004
PC O-16:1;0/20:4;0,PC O-,GPL,NA,36,5,0,,22.03619957,28.62039948,9.727379799,5.611549854,3.79185009,4.365300179,NA,NA,NA,NA,NA,NA,NA,NA,NA,NA,NA,NA,NA,NA,NA,3.501349926,1.694839954,2.768640041
PC O-16:1;0/22:5;0,PC O-,GPL,NA,38,6,0,,13.7517004,22.14349937,NA,NA,NA,NA,NA,NA,NA,NA,NA,NA,NA,NA,NA,NA,NA,NA,NA,NA,NA,NA,NA,NA
PC O-16:1;0/22:6;0,PC O-,GPL,NA,38,7,0,,10.93379974,11.42399979,2.959089994,NA,NA,NA,NA,NA,NA,NA,NA,NA,NA,NA,NA,NA,NA,NA,NA,NA,NA,NA,NA,NA
PC O-16:2;0/16:0;0,PC O-,GPL,NA,32,2,0,,2.896460056,4.386760235,1.581760049,NA,NA,NA,NA,NA,NA,NA,NA,NA,NA,NA,NA,NA,NA,NA,0.336080998,0.535411,0.273200989,0.205066994,0.098014101,0.082589
PC O-16:2;0/18:0;0,PC O-,GPL,NA,34,2,0,,NA,NA,NA,NA,NA,NA,1.485990047,0.755877972,NA,NA,NA,NA,NA,NA,NA,NA,NA,NA,NA,NA,NA,NA,NA,NA
PC O-18:0;0/16:0;0,PC O-,GPL,NA,34,0,0,,NA,NA,NA,NA,NA,NA,NA,NA,NA,NA,NA,NA,0.778630018,NA,1.189450026,NA,NA,NA,NA,NA,NA,NA,NA,NA
PC O-18:0;0/20:4;0,PC O-,GPL,NA,38,4,0,,NA,NA,NA,2.33333993,1.703760028,NA,NA,NA,NA,NA,NA,NA,NA,NA,NA,NA,NA,NA,NA,NA,NA,NA,NA,NA
PC O-18:1;0/16:0;0,PC O-,GPL,NA,34,1,0,,24.68519974,28.36160088,20.73069954,17.43090057,14.37339973,16.05620003,10.45559978,12.72700024,13.28919983,9.14659977,7.468160152,21.26009941,10.9939003,10.67500019,16.64100075,4.533510208,12.60410023,12.47789955,9.985639572,15.3217001,5.494800091,24.31690025,10.43910027,15.34850025
PC O-18:1;0/18:1;0,PC O-,GPL,NA,36,2,0,,3.762079954,NA,1.988270044,NA,2.161799908,3.054539919,NA,NA,NA,NA,NA,NA,NA,NA,NA,NA,NA,NA,NA,NA,NA,NA,NA,NA
PC O-18:1;0/18:2;0,PC O-,GPL,NA,36,3,0,,NA,NA,NA,NA,2.03470993,2.199939966,NA,NA,NA,NA,NA,NA,NA,NA,NA,NA,NA,NA,NA,NA,NA,NA,NA,NA
PC O-18:1;0/20:3;0,PC O-,GPL,NA,38,4,0,,NA,NA,NA,2.188030005,1.656219959,3.62274003,NA,NA,NA,NA,NA,NA,NA,NA,NA,NA,NA,NA,NA,NA,NA,NA,NA,NA
PC O-18:1;0/20:4;0,PC O-,GPL,NA,38,5,0,,12.00469971,14.5788002,12.36299992,14.40699959,11.13630009,11.30990028,NA,NA,NA,NA,NA,NA,NA,NA,NA,NA,NA,NA,NA,NA,NA,NA,NA,NA
PC O-18:1;0/22:5;0,PC O-,GPL,NA,40,6,0,,5.349070072,7.124650002,NA,3.187999964,2.307440042,2.425420046,NA,NA,NA,NA,NA,NA,NA,NA,NA,NA,NA,NA,NA,NA,NA,NA,NA,NA
PC O-18:1;0/22:6;0,PC O-,GPL,NA,40,7,0,,NA,NA,NA,3.724410057,3.071209908,3.269350052,NA,NA,NA,NA,NA,NA,NA,NA,NA,NA,NA,NA,NA,NA,NA,NA,NA,NA
PE 14:0;0_18:0;0,PE,GPL,NA,32,0,0,,NA,NA,NA,NA,NA,NA,2.783489943,2.960020065,3.751209974,4.362420082,2.720489979,5.217939854,2.636320114,1.885699987,4.298409939,NA,NA,NA,NA,NA,NA,NA,NA,NA
PE 14:0;0_18:1;0,PE,GPL,NA,32,1,0,,NA,NA,NA,NA,NA,NA,4.401790142,3.884010077,2.967020035,1.164389968,0.549494982,0.943982005,0.724572003,0.529137015,0.865607023,NA,NA,NA,NA,NA,NA,0.690339983,0.304576993,0.684266984
PE 16:0;0_16:0;0,PE,GPL,NA,32,0,0,,3.734960079,3.456480026,1.026749969,1.508769989,0.745422006,1.231729984,21.86580086,20.72299957,34.17259979,31.5692997,18.83839989,49.53689957,21.57819939,17.66580009,38.55590057,0.408374995,1.322950006,1.269909978,NA,NA,NA,0.634989977,0.922259986,0.761533976
PE 16:0;0_16:1;0,PE,GPL,NA,32,1,0,,19.1215992,23.01530075,7.519330025,2.581820011,1.819839954,2.826910019,19.2534008,15.4357996,17.63599968,6.110410213,4.241139889,8.230609894,5.360280037,4.164299965,6.881420135,NA,NA,NA,3.180030107,3.863070011,1.661679983,3.504120111,2.106990099,3.005700111
PE 16:0;0_16:2;0,PE,GPL,NA,32,2,0,,NA,NA,NA,NA,NA,NA,0.860341012,0.414375007,0.541173995,NA,NA,NA,NA,NA,NA,NA,NA,NA,NA,NA,NA,NA,NA,NA
PE 16:0;0_17:0;0,PE,GPL,NA,33,0,0,,NA,NA,NA,NA,NA,NA,NA,NA,NA,0.934300005,0.553768992,1.371790051,NA,NA,NA,NA,NA,NA,NA,NA,NA,NA,NA,NA
PE 16:0;0_18:0;0,PE,GPL,NA,34,0,0,,NA,NA,NA,2.399780035,0.972091973,1.694280028,39.78770065,37.97499847,61.77289963,69.43579865,41.90169907,104.0550003,44.97740173,27.1291008,80.20899963,1.655419946,3.220220089,2.685830116,2.019340038,1.506360054,0.725423992,1.279549956,1.923040032,1.07881999
PE 16:0;0_18:1;0,PE,GPL,NA,34,1,0,,117.8440018,144.6519928,46.26839828,27.51009941,16.99189949,27.14839935,101.3580017,80.10250092,99.44180298,43.1780014,27.31710052,70.53980255,52.06850052,40.49959946,62.56299973,9.312820435,21.21360016,19.62380028,26.22340012,29.75650024,13.6086998,43.2560997,23.89249992,33.66120148
PE 16:0;0_18:2;0,PE,GPL,NA,34,2,0,,3.032710075,3.092370033,1.39210999,5.200270176,3.183909893,5.266210079,4.009399891,3.057549953,3.546119928,1.291610003,0.748270988,1.340000033,NA,NA,NA,1.590909958,1.907649994,2.482820034,1.832020044,1.548480034,1.233139992,1.403049946,1.157220006,0.699918985
PE 16:0;0_18:3;0,PE,GPL,NA,34,3,0,,NA,NA,NA,NA,NA,NA,NA,NA,NA,NA,NA,NA,0.442101002,0.322890997,0.291703999,NA,NA,NA,NA,NA,NA,NA,NA,NA
PE 16:0;0_20:1;0,PE,GPL,NA,36,1,0,,NA,NA,NA,NA,NA,NA,3.120270014,2.288039923,2.8557899,2.028800011,0.982098997,2.251460075,1.618409991,0.962029994,1.274919987,0.795204997,2.554409981,2.092720032,1.878280044,2.967809916,1.565950036,6.739699841,3.556119919,4.250380039
PE 16:0;0_20:2;0,PE,GPL,NA,36,2,0,,2.416919947,3.382090092,0.942079008,NA,NA,NA,2.634299994,2.439009905,2.790189981,1.38496995,1.028270006,1.876019955,1.467440009,0.737065971,0.575582027,0.700076997,0.601737976,1.284170032,0.651785016,0.826512992,0.317499012,1.227090001,0.844241023,0.791767001
PE 16:0;0_20:3;0,PE,GPL,NA,36,3,0,,NA,NA,NA,2.264019966,1.559460044,2.20904994,7.575630188,6.033309937,5.945859909,3.777019978,2.364799976,4.654200077,3.138900042,2.168159962,2.521330118,1.329650044,2.172450066,1.874050021,1.315440059,2.106760025,1.095350027,1.952370048,1.437039971,1.477300048
PE 16:0;0_20:4;0,PE,GPL,NA,36,4,0,,80.2519989,97.25119781,45.12390137,18.8397007,10.7191,15.30679989,29.38940048,22.8192997,31.90299988,11.39260006,8.325139999,21.98360062,22.49720001,16.84880066,27.92670059,2.475349903,9.609089851,8.737730026,7.828509808,7.987770081,4.85804987,12.04669952,6.656579971,7.991559982
PE 16:0;0_22:3;0,PE,GPL,NA,38,3,0,,12.81900024,30.01250076,7.57212019,NA,NA,NA,8.328069687,6.551700115,7.697889805,3.198169947,2.215440035,4.992869854,3.734709978,1.928959966,3.817389965,NA,NA,NA,NA,NA,NA,NA,NA,NA
PE 16:0;0_22:4;0,PE,GPL,NA,38,4,0,,28.41690063,43.73500061,15.27830029,2.771049976,2.657880068,3.754260063,16.95770073,12.77330017,18.37859917,7.337309837,5.766129971,18.26989937,23.59350014,15.75209999,21.6685009,NA,NA,NA,4.16328001,7.214230061,5.375770092,6.197879791,4.388339996,3.672990084
PE 16:0;0_22:5;0,PE,GPL,NA,38,5,0,,108.7490005,139.2689972,31.72940063,17.8689003,10.15960026,14.65810013,27.35160065,22.68560028,27.0583992,10.13829994,6.327429771,20.6140995,26.09280014,19.20540047,24.17079926,9.091500282,15.84459972,20.05970001,16.62630081,18.61249924,11.07590008,24.77059937,16.88069916,17.26070023
PE 16:0;0_22:6;0,PE,GPL,NA,38,6,0,,106.7929993,126.7310028,53.64649963,NA,NA,NA,29.16180038,22.15559959,42.72660065,NA,NA,NA,47.53099823,36.98389816,62.77629852,NA,NA,NA,NA,NA,NA,NA,NA,NA
PE 16:1;0_16:1;0,PE,GPL,NA,32,2,0,,2.888669968,3.625720024,0.89834398,NA,NA,NA,1.646229982,1.423349977,1.292899966,NA,NA,NA,NA,NA,NA,NA,NA,NA,NA,NA,NA,NA,NA,NA
PE 16:1;0_18:0;0,PE,GPL,NA,34,1,0,,9.308819771,11.67990017,4.09939003,4.236120224,2.391330004,4.375830173,20.77440071,16.92379951,17.88619995,9.930560112,7.406020164,13.89019966,8.972240448,6.631770134,11.22949982,0.851233006,1.971099973,2.180360079,2.771320105,3.431499958,1.408349991,6.351510048,3.52064991,4.945549965
PE 16:1;0_18:1;0,PE,GPL,NA,34,2,0,,26.72769928,32.95610046,11.5685997,3.922889948,2.753489971,3.737540007,12.95289993,10.79109955,11.49740028,3.095190048,2.131959915,3.838759899,NA,NA,NA,1.307639956,3.186880112,2.764960051,2.919830084,4.32791996,1.815919995,8.215979576,3.775439978,6.362070084
PE 16:1;0_18:2;0,PE,GPL,NA,34,3,0,,NA,NA,NA,NA,NA,NA,1.675500035,1.361299992,1.292979956,NA,NA,NA,0.904501021,0.558329999,0.577143013,NA,NA,NA,NA,NA,NA,NA,NA,NA
PE 16:1;0_20:3;0,PE,GPL,NA,36,4,0,,2.176500082,3.940490007,1.842869997,NA,NA,NA,NA,NA,NA,NA,NA,NA,NA,NA,NA,NA,NA,NA,NA,NA,NA,NA,NA,NA
PE 16:1;0_20:4;0,PE,GPL,NA,36,5,0,,15.29590034,19.8348999,7.706120014,NA,NA,NA,1.867980003,1.526090026,1.689710021,NA,NA,NA,NA,NA,NA,NA,NA,NA,NA,NA,NA,2.525350094,1.682430029,1.749410033
PE 16:1;0_22:4;0,PE,GPL,NA,38,5,0,,3.34017992,6.293429852,0.423339009,NA,NA,NA,NA,NA,NA,NA,NA,NA,NA,NA,NA,NA,NA,NA,NA,NA,NA,NA,NA,NA
PE 16:1;0_22:5;0,PE,GPL,NA,38,6,0,,35.2983017,46.14709854,9.219499588,18.83069992,11.1899004,14.62360001,NA,NA,NA,NA,NA,NA,NA,NA,NA,NA,NA,NA,NA,NA,NA,9.138669968,6.066380024,6.171209812
PE 16:2;0_18:0;0,PE,GPL,NA,34,2,0,,NA,NA,NA,NA,NA,NA,1.074239969,0.53690201,0.463176996,NA,NA,NA,NA,NA,NA,NA,NA,NA,NA,NA,NA,NA,NA,NA
PE 16:3;0_18:0;0,PE,GPL,NA,34,3,0,,NA,NA,NA,NA,NA,NA,1.044810057,0.856194973,0.468181014,NA,NA,NA,NA,NA,NA,NA,NA,NA,NA,NA,NA,NA,NA,NA
PE 17:0;0_18:1;0,PE,GPL,NA,35,1,0,,NA,NA,NA,NA,NA,NA,NA,NA,NA,NA,NA,NA,NA,NA,NA,NA,NA,NA,0.386907011,0.623631001,0.660035014,2.361730099,1.178550005,1.251109958
PE 17:0;0_20:3;0,PE,GPL,NA,37,3,0,,1.480509996,2.247040033,0.703059018,NA,NA,NA,NA,NA,NA,NA,NA,NA,NA,NA,NA,NA,NA,NA,NA,NA,NA,NA,NA,NA
PE 17:0;0_20:4;0,PE,GPL,NA,37,4,0,,4.790229797,6.231520176,1.390110016,2.663089991,1.478469968,2.200880051,NA,NA,NA,NA,NA,NA,NA,NA,NA,NA,NA,NA,NA,NA,NA,1.062459946,0.699339986,0.686080992
PE 17:0;0_22:5;0,PE,GPL,NA,39,5,0,,NA,NA,NA,1.366840005,0.696322024,1.270939946,NA,NA,NA,NA,NA,NA,NA,NA,NA,NA,NA,NA,NA,NA,NA,NA,NA,NA
PE 18:0;0_18:0;0,PE,GPL,NA,36,0,0,,NA,NA,NA,NA,NA,NA,13.49610043,15.04909992,23.64710045,32.49069977,21.20339966,45.57460022,15.38360023,13.25909996,15.09309959,0.373272985,0.826578021,0.352741003,0.548924983,0.508422017,0.289153993,NA,NA,NA
PE 18:0;0_18:1;0,PE,GPL,NA,36,1,0,,85.15879822,103.0739975,27.99090004,42.6413002,28.0583992,39.62519836,69.73709869,54.75899887,63.2358017,41.92050171,28.60479927,63.76449966,43.13759995,33.01129913,49.28509903,6.811870098,14.52900028,16.19379997,24.36230087,27.82579994,17.85239983,69.89409637,35.74729919,47.01869965
PE 18:0;0_18:2;0,PE,GPL,NA,36,2,0,,3.929759979,4.183829784,2.450350046,18.16530037,11.79500008,17.20509911,5.776740074,5.019249916,4.464700222,2.256069899,1.679119945,3.119930029,3.5338099,2.59032011,4.453239918,2.552129984,1.239420056,4.136680126,3.631360054,2.985470057,2.214190006,5.691730022,3.979229927,3.228950024
PE 18:0;0_18:3;0,PE,GPL,NA,36,3,0,,NA,NA,NA,NA,NA,NA,2.199310064,1.794589996,1.608860016,0.886574984,0.715313017,0.575760007,NA,NA,NA,NA,NA,NA,NA,NA,NA,NA,NA,NA
PE 18:0;0_20:1;0,PE,GPL,NA,38,1,0,,NA,NA,NA,NA,NA,NA,1.467419982,1.247290015,1.360810041,1.320490003,0.934859991,1.499549985,0.828993022,0.581714988,0.464457989,NA,NA,NA,1.416489959,1.872779965,1.047330022,6.601220131,2.544080019,3.284169912
PE 18:0;0_20:2;0,PE,GPL,NA,38,2,0,,3.334350109,3.900909901,1.329630017,1.766180038,0.707957983,1.018470049,4.329909801,3.789839983,2.890160084,2.825920105,1.679669976,2.486929893,1.065919995,0.714838028,1.550430059,1.084089994,1.078199983,1.159759998,0.716149986,1.16347003,1.082900047,2.07682991,0.794375002,1.297070026
PE 18:0;0_20:3;0,PE,GPL,NA,38,3,0,,39.48749924,32.47579956,30.19149971,17.60969925,11.24199963,15.81599998,36.04309845,27.42099953,22.26409912,11.66819954,7.831439972,13.76609993,2.22465992,2.821350098,4.675389767,NA,NA,NA,5.239329815,4.736959934,1.819759965,6.769139767,5.065229893,6.378260136
PE 18:0;0_20:4;0,PE,GPL,NA,38,4,0,,334.7160034,397.2619934,134.7149963,83.23660278,45.28239822,65.31559753,197.348999,154.5130005,194.1569977,82.67140198,53.88199997,154.6820068,165.9859924,126.2770004,151.0379944,NA,NA,NA,42.63579941,41.90010071,28.67259979,73.99960327,48.71979904,52.10300064
PE 18:0;0_20:5;0,PE,GPL,NA,38,5,0,,NA,NA,NA,NA,NA,NA,NA,NA,NA,NA,NA,NA,NA,NA,NA,1.817170024,3.235330105,3.916369915,2.715049982,2.547689915,1.460510015,2.528059959,2.042659998,2.000230074
PE 18:0;0_22:1;0,PE,GPL,NA,40,1,0,,NA,NA,NA,NA,NA,NA,NA,NA,NA,NA,NA,NA,NA,NA,NA,NA,NA,NA,NA,NA,NA,1.879789948,0.530600011,0.765133977
PE 18:0;0_22:2;0,PE,GPL,NA,40,2,0,,NA,NA,NA,NA,NA,NA,NA,NA,NA,NA,NA,NA,NA,NA,NA,NA,NA,NA,NA,NA,NA,0.797594011,0.164092004,0.270141006
PE 18:0;0_22:3;0,PE,GPL,NA,40,3,0,,9.530819893,12.15100002,6.622839928,3.681210041,2.071069956,3.018249989,3.50999999,2.809999943,2.917690039,2.742229939,1.536929965,4.73664999,1.484449983,1.00237,1.850229979,NA,NA,NA,1.182119966,1.683259964,0.869624972,3.702270031,1.221320033,2.093719959
PE 18:0;0_22:4;0,PE,GPL,NA,40,4,0,,21.21689987,12.13189983,8.31387043,11.7840004,6.828939915,9.58891964,16.09180069,12.92280006,19.64389992,14.99380016,9.509960175,31.96859932,23.23360062,17.66900063,24.80629921,NA,NA,NA,10.50189972,11.55459976,8.197440147,10.84630013,7.165860176,5.768270016
PE 18:0;0_22:5;0,PE,GPL,NA,40,5,0,,51.44440079,63.75600052,10.53629971,27.09079933,15.42300034,19.54080009,20.90810013,15.80560017,20.73080063,13.60149956,7.121789932,24.80680084,19.87739944,15.16429996,20.23040009,10.58380032,13.97789955,21.40640068,19.90539932,18.7996006,11.78680038,20.04730034,14.71450043,14.5607996
PE 18:0;0_22:6;0,PE,GPL,NA,40,6,0,,43.39519882,46.56340027,14.13370037,28.98839951,14.34370041,22.46260071,73.77210236,57.03580093,86.69580078,39.79299927,22.85470009,99.36859894,79.61329651,59.88209915,101.3899994,NA,NA,NA,NA,NA,NA,NA,NA,NA
PE 18:1;0_18:1;0,PE,GPL,NA,36,2,0,,70.4253006,81.20259857,33.74160004,34.1283989,23.07410049,38.15100098,23.26569939,18.59199905,20.8859005,7.084410191,4.783889771,12.16720009,8.149539948,6.366529942,9.839929581,5.992450237,5.916100025,10.66020012,12.77620029,17.85330009,7.275660038,50.40019989,21.30410004,35.83309937
PE 18:1;0_18:2;0,PE,GPL,NA,36,3,0,,NA,NA,NA,9.557649612,6.117269993,9.41767025,3.882889986,3.148699999,2.972009897,NA,NA,NA,1.168930054,0.867254972,1.867759943,2.44423008,2.650209904,3.985929966,3.281460047,3.212779999,2.139159918,6.929460049,3.866280079,4.111569881
PE 18:1;0_20:0;0,PE,GPL,NA,38,1,0,,NA,NA,NA,NA,NA,NA,NA,NA,NA,NA,NA,NA,NA,NA,NA,NA,NA,NA,1.382650018,1.331740022,0.893410981,4.255869865,2.073390007,2.536449909
PE 18:1;0_20:1;0,PE,GPL,NA,38,2,0,,1.781270027,2.499059916,1.178760052,1.757019997,1.426849961,2.258069992,1.069360018,0.771966994,0.819252014,NA,NA,NA,NA,NA,NA,0.528262019,2.07682991,2.201659918,2.640399933,3.467149973,2.149329901,12.70349979,5.695990086,8.082960129
PE 18:1;0_20:2;0,PE,GPL,NA,38,3,0,,2.939889908,3.110820055,2.367280006,3.298190117,1.920840025,2.889990091,2.282219887,1.828500032,1.760239959,NA,NA,NA,NA,NA,NA,NA,NA,NA,0.602312028,1.793259978,0.512567997,1.914989948,1.330850005,1.754830003
PE 18:1;0_20:3;0,PE,GPL,NA,38,4,0,,14.78929996,9.181639671,11.71759987,6.525720119,3.166500092,6.573420048,13.91919994,10.32579994,9.994990349,1.396639943,0.75029403,4.001319885,NA,NA,NA,NA,NA,NA,1.705629945,3.791409969,2.492389917,5.919650078,3.566050053,4.008259773
PE 18:1;0_20:4;0,PE,GPL,NA,38,5,0,,57.99399948,69.06610107,41.3431015,10.58850002,6.561279774,9.107850075,4.356800079,3.544260025,4.002470016,1.062950015,0.590794027,2.61500001,3.295919895,2.092070103,3.446209908,3.664109945,7.404009819,8.2230196,6.570360184,6.658390045,2.615859985,11.40279961,6.656209946,8.525210381
PE 18:1;0_22:0;0,PE,GPL,NA,40,1,0,,NA,NA,NA,NA,NA,NA,NA,NA,NA,NA,NA,NA,NA,NA,NA,NA,NA,NA,1.400429964,1.474740028,1.220989943,3.115370035,1.325680017,1.617720008
PE 18:1;0_22:1;0,PE,GPL,NA,40,2,0,,NA,NA,NA,NA,NA,NA,NA,NA,NA,NA,NA,NA,NA,NA,NA,NA,NA,NA,NA,NA,NA,2.426520109,1.159510016,1.697180033
PE 18:1;0_22:3;0,PE,GPL,NA,40,4,0,,14.8132,32.98960114,8.393589973,NA,NA,NA,7.460609913,6.31923008,7.299819946,NA,NA,NA,NA,NA,NA,NA,NA,NA,NA,NA,NA,5.944950104,3.050640106,4.762380123
PE 18:1;0_22:4;0,PE,GPL,NA,40,5,0,,19.64970016,31.78860092,9.10103035,3.84732008,2.564500093,4.775720119,3.869529963,3.226690054,3.844619989,NA,NA,NA,4.036600113,2.774490118,4.817070007,3.343250036,6.451399803,7.000710011,3.773600101,5.54861021,2.728300095,6.224309921,3.592639923,4.704589844
PE 18:1;0_22:5;0,PE,GPL,NA,40,6,0,,61.82419968,76.15720367,17.19949913,18.00320053,12.9048996,16.24819946,NA,NA,NA,NA,NA,NA,NA,NA,NA,10.85239983,15.42450047,18.51519966,11.4041996,13.31239986,7.025229931,18.87849998,12.42660046,12.13189983
PE 18:1;0_22:6;0,PE,GPL,NA,40,7,0,,82.67849731,95.66100311,36.61360168,NA,NA,NA,NA,NA,NA,NA,NA,NA,NA,NA,NA,NA,NA,NA,NA,NA,NA,NA,NA,NA
PE 18:2;0_18:2;0,PE,GPL,NA,36,4,0,,NA,NA,NA,NA,NA,NA,NA,NA,NA,NA,NA,NA,NA,NA,NA,NA,NA,NA,0.294988006,0.330495,0.329501987,0.493238002,0.374767005,0.357125014
PE 20:1;0_20:1;0,PE,GPL,NA,40,2,0,,NA,NA,NA,NA,NA,NA,NA,NA,NA,NA,NA,NA,NA,NA,NA,NA,NA,NA,NA,NA,NA,0.755373001,0.134458005,0.412802994
PE 20:1;0_20:4;0,PE,GPL,NA,40,5,0,,NA,NA,NA,NA,NA,NA,NA,NA,NA,NA,NA,NA,NA,NA,NA,NA,NA,NA,NA,NA,NA,2.265100002,1.302729964,1.82288003
PE O-16:0;0/22:4;0,PE O-,GPL,NA,38,4,0,,NA,NA,NA,NA,NA,NA,NA,NA,NA,NA,NA,NA,6.129930019,4.916500092,7.307869911,NA,NA,NA,NA,NA,NA,NA,NA,NA
PE O-16:0;0/22:5;0,PE O-,GPL,NA,38,5,0,,14.5802002,22.23699951,10.21259975,NA,NA,NA,NA,NA,NA,NA,NA,NA,NA,NA,NA,NA,NA,NA,NA,NA,NA,NA,NA,NA
PE O-16:1;0/16:0;0,PE O-,GPL,NA,32,1,0,,NA,NA,NA,NA,NA,NA,17.31609917,17.00279999,26.50989914,NA,NA,NA,NA,NA,NA,NA,NA,NA,NA,NA,NA,NA,NA,NA
PE O-16:1;0/18:1;0,PE O-,GPL,NA,34,2,0,,95.73400116,117.3550034,84.26319885,24.61059952,16.30900002,27.7364006,31.35950089,25.14279938,25.13540077,NA,NA,NA,NA,NA,NA,NA,NA,NA,14.46259975,22.39710045,10.17109966,114.2409973,50.93510056,68.75969696
PE O-16:1;0/20:1;0,PE O-,GPL,NA,36,2,0,,NA,NA,NA,NA,NA,NA,NA,NA,NA,NA,NA,NA,NA,NA,NA,NA,NA,NA,NA,NA,NA,36.75149918,16.59830093,22.1826992
PE O-16:1;0/20:3;0,PE O-,GPL,NA,36,4,0,,NA,NA,NA,18.15579987,11.25819969,16.60110092,NA,NA,NA,NA,NA,NA,NA,NA,NA,NA,NA,NA,NA,NA,NA,18.8696003,8.407099724,9.726730347
PE O-16:1;0/20:4;0,PE O-,GPL,NA,36,5,0,,195.1369934,255.6840057,111.6959991,176.8289948,102.4420013,136.2599945,37.84180069,29.65559959,40.92649841,18.35449982,13.53590012,35.4659996,NA,NA,NA,9.593899727,18.30179977,18.73929977,19.33209991,22.08209991,18.72920036,42.62279892,29.93379974,28.58119965
PE O-16:1;0/22:4;0,PE O-,GPL,NA,38,5,0,,50.28070068,64.02899933,34.80649948,24.55439949,15.09869957,20.95750046,35.83069992,27.2071991,36.55580139,NA,NA,NA,22.40130043,18.42329979,15.14220047,NA,NA,NA,30,29.1257,20.19939995,67.13809967,35.04589844,43.37490082
PE O-16:1;0/22:5;0,PE O-,GPL,NA,38,6,0,,91.08480072,115.7210007,25.84410095,55.52610016,37.28939819,48.12070084,18.77890015,15.50520039,17.03350067,7.200079918,6.331130028,14.80659962,14.15569973,11.34070015,7.759950161,NA,NA,NA,44.65719986,41.04679871,35.29729843,98.13659668,55.20759964,61.02209854
PE O-16:1;0/22:6;0,PE O-,GPL,NA,38,7,0,,196.8309937,227.5939941,103.6780014,80.87239838,46.70500183,63.19430161,46.38040161,35.8708992,62.61830139,25.12820053,17.23950005,71.01319885,53.91999817,42.3572998,70.58860016,NA,NA,NA,NA,NA,NA,NA,NA,NA
PE O-18:0;0/22:4;0,PE O-,GPL,NA,40,4,0,,NA,NA,NA,NA,NA,NA,NA,NA,NA,4.453710079,2.816309929,6.523290157,NA,NA,NA,NA,NA,NA,NA,NA,NA,NA,NA,NA
PE O-18:0;0/22:5;0,PE O-,GPL,NA,40,5,0,,2.285670042,0.357930005,2.508680105,6.241980076,4.039820194,5.728610039,NA,NA,NA,NA,NA,NA,NA,NA,NA,NA,NA,NA,NA,NA,NA,2.170269966,1.685690045,1.341070056
PE O-18:1;0/16:0;0,PE O-,GPL,NA,34,1,0,,NA,NA,NA,NA,NA,NA,27.68969917,27.18470001,37.01610184,NA,NA,NA,NA,NA,NA,NA,NA,NA,NA,NA,NA,NA,NA,NA
PE O-18:1;0/18:1;0,PE O-,GPL,NA,36,2,0,,NA,NA,NA,NA,NA,NA,18.05360031,15.52980042,14.96780014,NA,NA,NA,NA,NA,NA,NA,NA,NA,9.419540405,15.05249977,7.391749859,34.21340179,14.86489964,20.18969917
PE O-18:1;0/20:1;0,PE O-,GPL,NA,38,2,0,,NA,NA,NA,NA,NA,NA,NA,NA,NA,NA,NA,NA,NA,NA,NA,NA,NA,NA,NA,NA,NA,30.29120064,12.37020016,16.67550087
PE O-18:1;0/20:4;0,PE O-,GPL,NA,38,5,0,,115.3359985,148.1000061,38.10879898,29.65839958,16.32699966,22.36720085,24.99099922,20.70929909,24.85740089,35.48929977,23.20669937,63.73609924,21.29540062,15.48419952,12.36880016,NA,NA,NA,10.88969994,11.39309978,10.33030033,25.70759964,15.81070042,14.14700031
PE O-18:1;0/22:4;0,PE O-,GPL,NA,40,5,0,,10.2737999,15.07250023,7.32174015,NA,NA,NA,17.11330032,13.67269993,17.77659988,13.94250011,7.581570148,19.83110046,11.72420025,8.893400192,8.768529892,NA,NA,NA,10.81219959,12.81799984,8.949500084,27.67009926,13.83230019,15.72439957
PE O-18:1;0/22:5;0,PE O-,GPL,NA,40,6,0,,43.35409927,59.62049866,5.695559978,20.50180054,11.72379971,14.58010006,36.56100082,28.35779953,36.59590149,10.60690022,12.17959976,31.64279938,23.14570045,18.14100075,12.7823,NA,NA,NA,16.19309998,16.25749969,13.41090012,39.73460007,23.76569939,23.66290092
PE O-18:1;0/22:6;0,PE O-,GPL,NA,40,7,0,,69.88040161,93.53220367,17.69750023,NA,NA,NA,42.76839828,34.12110138,51.25450134,23.1609993,15.9861002,54.32450104,NA,NA,NA,NA,NA,NA,NA,NA,NA,NA,NA,NA
PE O-18:2;0/16:0;0,PE O-,GPL,NA,34,2,0,,NA,NA,NA,NA,NA,NA,18.74869919,16.17589951,21.1928997,NA,NA,NA,NA,NA,NA,NA,NA,NA,11.4392004,14.45170021,6.098189831,20.46430016,11.70919991,15.21790028
PE O-18:2;0/18:1;0,PE O-,GPL,NA,36,3,0,,36.34410095,46.09700012,51.84230042,NA,NA,NA,NA,NA,NA,NA,NA,NA,NA,NA,NA,NA,NA,NA,NA,NA,NA,64.80110168,25.67650032,37.4701004
PE O-18:2;0/20:1;0,PE O-,GPL,NA,38,3,0,,NA,NA,NA,NA,NA,NA,NA,NA,NA,NA,NA,NA,NA,NA,NA,NA,NA,NA,NA,NA,NA,25.46619987,9.671689987,14.20569992
PE O-18:2;0/20:3;0,PE O-,GPL,NA,38,5,0,,17.44070053,20.94400024,13.71440029,12.89649963,7.755440235,10.40909958,NA,NA,NA,NA,NA,NA,NA,NA,NA,NA,NA,NA,NA,NA,NA,NA,NA,NA
PE O-18:2;0/20:4;0,PE O-,GPL,NA,38,6,0,,163.9329987,214.9190063,117.0530014,103.6869965,55.47480011,75.19660187,17.53619957,12.72280025,19.71109962,9.407569885,5.624010086,17.78160095,15.35340023,11.36190033,8.837280273,NA,NA,NA,13.28979969,18.91930008,12.65719986,41.24079895,22.18479919,24.04879951
PE O-18:2;0/22:4;0,PE O-,GPL,NA,40,6,0,,19.81629944,27.15060043,5.339650154,NA,NA,NA,NA,NA,NA,NA,NA,NA,NA,NA,NA,NA,NA,NA,15.61499977,14.48130035,10.15100002,31.65800095,13.23499966,19.61759949
PE O-18:2;0/22:5;0,PE O-,GPL,NA,40,7,0,,70.62539673,81.89459991,22.53129959,NA,NA,NA,NA,NA,NA,NA,NA,NA,NA,NA,NA,NA,NA,NA,22.29019928,22.40250015,14.76420021,50.61380005,22.00200081,28.37380028
PE O-18:2;0/22:6;0,PE O-,GPL,NA,40,8,0,,116.5159988,139.2949982,62.31740189,NA,NA,NA,11.91829967,9.395019531,15.79800034,NA,NA,NA,NA,NA,NA,NA,NA,NA,NA,NA,NA,NA,NA,NA
PG 16:0;0_18:0;0,PG,GPL,NA,34,0,0,,NA,NA,NA,NA,NA,0.63350898,0.743274987,1.089849949,0.814713001,0.788977027,NA,0.799151003,NA,NA,0.766637981,NA,0.673330009,0.701175988,0.677680016,0.784963012,NA,0.781166971,NA,0.696220994
PG 16:0;0_18:1;0,PG,GPL,NA,34,1,0,,10.16779995,10.69099998,NA,4.954040051,4.110770226,6.75924015,4.139870167,5.114709854,4.415929794,1.038619995,0.834671021,1.198559999,2.061269999,1.449100018,2.082819939,0.943216026,2.417929888,2.059859991,2.503930092,4.249989986,1.11353004,7.964459896,3.324609995,6.471139908
PG 16:0;0_18:2;0,PG,GPL,NA,34,2,0,,0.118303001,0.00320017,NA,1.154199958,1.140009999,1.480450034,0.241254002,0.200387999,NA,0.181147993,NA,0.0419784,NA,0.146426007,0.080090299,0.124638997,0.169773996,0.126499996,0.240928993,0.316749007,0.093196601,0.093140498,0.229343995,0.437180996
PG 16:0;0_19:1;0,PG,GPL,NA,35,1,0,,NA,NA,NA,0.0522228,0.373441011,0.070551403,NA,NA,NA,NA,NA,NA,NA,NA,NA,NA,NA,NA,NA,NA,NA,NA,NA,NA
PG 16:0;0_20:1;0,PG,GPL,NA,36,1,0,,NA,NA,NA,0.40476799,0.196985006,1.00928998,NA,NA,NA,NA,NA,NA,NA,NA,NA,NA,NA,NA,NA,NA,NA,NA,0.496257007,1.099110007
PG 16:0;0_20:2;0,PG,GPL,NA,36,2,0,,NA,NA,NA,0.496728987,0.735256016,0.835768998,NA,NA,0.0151179,0.0157982,NA,0.0112364,NA,NA,NA,NA,0.058581401,0.138872996,0.080939002,0.175159007,0.073042601,0.51492399,0.227333993,0.397872001
PG 16:0;0_20:3;0,PG,GPL,NA,36,3,0,,NA,NA,NA,0.49327901,0.588594973,0.697679996,NA,NA,NA,NA,NA,NA,NA,NA,NA,NA,NA,0.030786199,0.335153997,0.015659301,0.034324002,0.111809,0.0165249,0.059893701
PG 16:0;0_20:4;0,PG,GPL,NA,36,4,0,,0.26848799,0.608785987,0.711256981,0.210407004,0.227405995,0.406224996,0.83228898,1.407850027,0.89142698,0.332964987,0.104512997,0.443504989,0.569544971,0.540597022,0.499348015,0.081762202,0.077798799,0.224363998,0.389398009,0.215145007,0.124728002,NA,NA,NA
PG 16:1;0_18:0;0,PG,GPL,NA,34,1,0,,NA,NA,NA,NA,NA,0.107686996,0.227467,0.243101001,0.086558998,0.065364897,0.073211499,0.0479973,NA,NA,NA,0.019378999,0.029118299,0.00408446,0.115195997,0.082220301,NA,0.252765,NA,0.434913009
PG 16:1;0_18:1;0,PG,GPL,NA,34,2,0,,3.0183599,3.61055994,1.464190006,3.386420012,3.386759996,5.163640022,1.216169953,1.539510012,NA,0.425379008,0.485740006,0.637561977,0.522252023,0.399939001,0.785757005,0.157576993,0.764406979,0.419851989,1.206619978,2.832040071,0.693615973,8.297969818,3.119390011,7.103050232
PG 16:1;0_18:2;0,PG,GPL,NA,34,3,0,,0.968685985,1.209419966,0.700263023,0.792611003,0.91771102,1.005869985,NA,NA,NA,NA,NA,NA,NA,NA,NA,0.091484398,0.261768997,0.255948007,0.482852012,0.775277972,0.365294009,0.735328972,0.464336008,0.623853981
PG 16:1;0_20:1;0,PG,GPL,NA,36,2,0,,NA,NA,NA,0.041864101,0.062897302,0.0175294,0.0068821,0.046030302,0.00829175,NA,NA,NA,NA,NA,NA,NA,NA,0.043903001,0.0442602,0.152069002,0.00606263,0.393067002,0.138672993,0.271001011
PG 16:1;0_20:2;0,PG,GPL,NA,36,3,0,,0.072312601,NA,0.00998506,0.496668994,0.500615001,0.680987,NA,NA,NA,NA,NA,NA,NA,NA,NA,NA,NA,NA,0.076471597,0.068173103,NA,0.151738003,0.085939698,0.059108
PG 16:1;0_20:3;0,PG,GPL,NA,36,4,0,,1.237079978,1.084560037,0.501598001,0.810899973,0.468566,0.537513018,0.355672985,NA,NA,NA,0.171184003,0.077388801,NA,NA,NA,NA,0.054604899,0.068497904,0.100082003,0.180593997,NA,0.067453697,NA,0.201921999
PG 16:1;0_20:4;0,PG,GPL,NA,36,5,0,,1.125910044,1.117380023,1.249539971,0.39617601,0.628874004,0.520933986,NA,NA,NA,NA,NA,NA,NA,NA,NA,0.0668367,0.0971734,0.109136999,0.528244019,0.662468016,0.339895993,0.333166003,0.281630009,0.29648599
PG 16:2;0_18:1;0,PG,GPL,NA,34,3,0,,0.202331007,0.459405988,NA,0.380692005,0.369235009,0.572372019,NA,NA,NA,NA,NA,NA,NA,NA,NA,NA,NA,NA,NA,NA,NA,0.236184001,NA,0.128615007
PG 16:2;0_20:3;0,PG,GPL,NA,36,5,0,,NA,NA,NA,0.199447006,NA,0.103147,NA,NA,NA,NA,NA,NA,NA,NA,NA,NA,NA,NA,NA,NA,NA,NA,NA,NA
PG 17:0;0_18:1;0,PG,GPL,NA,35,1,0,,NA,NA,NA,0.367799014,NA,0.475425988,NA,NA,NA,NA,NA,NA,NA,NA,NA,NA,NA,NA,NA,NA,NA,NA,NA,NA
PG 17:1;0_18:1;0,PG,GPL,NA,35,2,0,,NA,NA,NA,1.148090005,1.142750025,1.56092,NA,NA,NA,NA,NA,NA,NA,NA,NA,NA,NA,NA,NA,NA,NA,0.464569002,0.213717997,0.352730006
PG 17:1;0_18:2;0,PG,GPL,NA,35,3,0,,NA,NA,NA,NA,0.240665004,0.249529004,NA,NA,NA,NA,NA,NA,NA,NA,NA,NA,NA,NA,NA,NA,NA,NA,NA,NA
PG 17:1;0_20:2;0,PG,GPL,NA,37,3,0,,NA,NA,NA,0.095275998,NA,0.085910097,NA,NA,NA,NA,NA,NA,NA,NA,NA,NA,NA,NA,NA,NA,NA,NA,NA,NA
PG 17:1;0_20:3;0,PG,GPL,NA,37,4,0,,NA,NA,NA,0.544305027,0.478047997,0.403750002,NA,NA,NA,NA,NA,NA,NA,NA,NA,NA,NA,NA,NA,NA,NA,NA,NA,NA
PG 18:0;0_18:1;0,PG,GPL,NA,36,1,0,,NA,NA,NA,4.911089897,5.030360222,6.575530052,NA,NA,NA,NA,NA,NA,NA,NA,NA,NA,NA,NA,NA,NA,NA,NA,0.598945975,1.247149944
PG 18:0;0_18:2;0,PG,GPL,NA,36,2,0,,NA,NA,NA,0.369787991,0.307530999,0.408724993,0.029412899,0.100863002,0.112777002,0.082395002,NA,0.0781698,NA,NA,NA,0.0284006,NA,0.043765999,0.131988004,0.0101318,NA,NA,0.074889302,NA
PG 18:0;0_20:2;0,PG,GPL,NA,38,2,0,,NA,NA,NA,0.161904007,0.219069004,0.278623015,NA,NA,NA,NA,NA,NA,NA,NA,NA,NA,NA,NA,NA,NA,NA,NA,NA,NA
PG 18:0;0_20:3;0,PG,GPL,NA,38,3,0,,NA,NA,NA,0.281453013,0.239436999,0.209849998,0.777316988,0.533217013,0.336623013,0.129737005,0.150364995,0.146047994,NA,NA,NA,NA,NA,NA,0.241758004,0.0203577,NA,0.107226998,0.168547004,0.062983699
PG 18:0;0_20:4;0,PG,GPL,NA,38,4,0,,0.029363001,0.057122301,0.097924501,0.0185959,NA,NA,4.610249996,5.807980061,4.225679874,0.986322999,0.877605021,2.055569887,1.698740005,1.468729973,1.044610023,NA,0.253426999,0.320086986,0.456174999,0.529735982,NA,0.157372996,NA,0.00522037
PG 18:1;0_18:1;0,PG,GPL,NA,36,2,0,,NA,NA,NA,47.61539841,50.04140091,70.45069885,2.709130049,3.38993001,1.764539957,0.398285002,0.544520974,0.737526,NA,NA,NA,0.265197009,1.305539966,0.937693,1.782140017,4.780759811,1.402009964,28.65229988,11.37380028,24.48789978
PG 18:1;0_18:2;0,PG,GPL,NA,36,3,0,,2.560930014,3.015290022,1.778650045,15.41409969,14.81970024,18.30109978,1.042670012,1.078680038,1.081779957,0.202612996,0.200062007,0.34631899,NA,NA,NA,0.565316021,1.088439941,1.01722002,1.514109969,2.420180082,1.255220056,4.682400227,2.709000111,3.648960114
PG 18:1;0_18:3;0,PG,GPL,NA,36,4,0,,NA,NA,NA,NA,0.529555976,0.723869026,NA,NA,NA,NA,NA,NA,NA,NA,NA,0.140688002,0.278411001,0.215620995,0.384276986,0.420735002,0.212548003,0.208618,0.323074013,0.215242997
PG 18:1;0_19:1;0,PG,GPL,NA,37,2,0,,NA,NA,NA,1.499029994,1.545220017,2.081389904,NA,NA,NA,NA,NA,NA,NA,NA,NA,NA,NA,NA,NA,NA,NA,NA,NA,NA
PG 18:1;0_19:2;0,PG,GPL,NA,37,3,0,,NA,NA,NA,0.466959,0.569786012,0.671697974,NA,NA,NA,NA,NA,NA,NA,NA,NA,NA,NA,NA,NA,NA,NA,NA,NA,NA
PG 18:1;0_19:3;0,PG,GPL,NA,37,4,0,,NA,NA,NA,NA,0.135385007,0.163661003,NA,NA,NA,NA,NA,NA,NA,NA,NA,NA,NA,NA,NA,NA,NA,NA,NA,NA
PG 18:1;0_20:1;0,PG,GPL,NA,38,2,0,,NA,NA,NA,2.860919952,3.20126009,4.220330238,NA,NA,NA,NA,NA,NA,NA,NA,NA,NA,NA,NA,0.163046002,0.423413992,0.136681005,3.37293005,1.156020045,2.127429962
PG 18:1;0_20:2;0,PG,GPL,NA,38,3,0,,1.66576004,2.095459938,NA,11.31840038,10.99090004,14.10229969,0.305804998,0.551609993,0.347579002,0.061467201,0.054210901,0.130215004,NA,NA,NA,NA,0.103776,0.092958003,0.071899801,0.356918991,0.141173005,1.905740023,0.455787987,1.262079954
PG 18:1;0_20:3;0,PG,GPL,NA,38,4,0,,3.321219921,3.695240021,2.456419945,15.4197998,14.14089966,16.20540047,0.598973989,0.762254,0.573144019,0.125395998,0.142821997,0.162423,NA,NA,NA,0.334080011,0.609808981,0.464565009,0.541842997,0.806699991,0.646108985,1.972239971,1.318009973,1.816130042
PG 18:1;0_20:4;0,PG,GPL,NA,38,5,0,,4.239550114,4.750589848,6.695610046,11.3192997,10.34749985,12.10830021,NA,1.283499956,0.92474997,0.181039006,0.237268999,0.494520992,0.456856012,0.398732007,0.300816,0.38261801,0.788985014,1.144029975,1.437980056,1.638620019,0.972285986,2.294610023,1.359599948,2.022190094
PG 18:1;0_20:5;0,PG,GPL,NA,38,6,0,,NA,NA,NA,1.245059967,1.109490037,1.106400013,NA,NA,NA,NA,NA,NA,NA,NA,NA,NA,NA,NA,0.553126991,0.453292012,NA,NA,NA,NA
PG 18:2;0_18:2;0,PG,GPL,NA,36,4,0,,0.548207998,0.666153014,0.126489997,1.789019942,1.407520056,1.448930025,0.160143003,0.107449003,0.147644997,NA,NA,NA,NA,NA,NA,0.288316011,0.479573995,0.44886899,0.427520007,0.559951007,0.417874992,0.626591027,0.485487014,0.376976997
PG 18:2;0_18:3;0,PG,GPL,NA,36,5,0,,NA,NA,NA,NA,NA,NA,NA,NA,NA,NA,NA,NA,NA,NA,NA,0.137936994,0.231880993,0.277258992,NA,NA,NA,NA,NA,NA
PG 18:2;0_19:1;0,PG,GPL,NA,37,3,0,,NA,NA,NA,0.266335994,0.27649501,0.304365009,NA,NA,NA,NA,NA,NA,NA,NA,NA,NA,NA,NA,NA,NA,NA,NA,NA,NA
PG 18:2;0_20:1;0,PG,GPL,NA,38,3,0,,NA,NA,NA,0.401964992,0.520331025,0.557385981,NA,NA,NA,NA,NA,NA,NA,NA,NA,NA,0.058132101,0.052461699,0.043419398,0.084899597,NA,0.192935005,0.137384996,0.169951007
PG 18:2;0_20:2;0,PG,GPL,NA,38,4,0,,1.137109995,0.385120988,0.197823003,2.266289949,2.293410063,2.770200014,NA,NA,NA,NA,NA,NA,NA,NA,NA,NA,NA,NA,0.116475999,0.218882993,NA,0.334830999,0.109994002,0.184873
PG 18:2;0_20:3;0,PG,GPL,NA,38,5,0,,1.380959988,1.241709948,0.788613975,3.390579939,2.900039911,3.45968008,NA,NA,NA,NA,NA,NA,NA,NA,NA,0.165659994,0.383908004,0.196176007,0.292147011,0.547429025,0.216388002,0.312503994,0.178913996,0.099540003
PG 18:2;0_20:4;0,PG,GPL,NA,38,6,0,,3.138469934,3.59243989,2.0963099,2.973769903,2.698210001,2.981630087,NA,NA,NA,NA,NA,NA,NA,NA,NA,0.436246008,0.839570999,0.920638978,0.619754016,0.837594986,0.922719002,1.165799975,0.932282984,0.962972999
PI 14:0;0_18:0;0,PI,GPL,NA,32,0,0,,NA,NA,NA,NA,NA,NA,0.34039101,0.522379994,0.510779977,0.172493994,0.269930005,0.282501996,0.319662988,0.0946863,0.288336009,NA,NA,NA,NA,NA,NA,NA,NA,NA
PI 14:0;0_18:1;0,PI,GPL,NA,32,1,0,,NA,NA,NA,0.0193145,0.047112498,NA,NA,NA,NA,NA,NA,NA,NA,NA,NA,NA,NA,NA,NA,NA,NA,NA,NA,NA
PI 16:0;0_16:1;0,PI,GPL,NA,32,1,0,,NA,NA,NA,0.201184005,0.194725007,0.402521014,NA,NA,NA,NA,NA,NA,NA,NA,NA,NA,NA,NA,NA,NA,NA,NA,NA,NA
PI 16:0;0_18:1;0,PI,GPL,NA,34,1,0,,NA,NA,NA,NA,4.102069855,4.098790169,NA,NA,NA,NA,NA,NA,NA,NA,NA,NA,NA,NA,NA,NA,NA,NA,NA,NA
PI 16:0;0_18:2;0,PI,GPL,NA,34,2,0,,0.469202012,NA,0.188780993,0.976240993,1.031219959,1.175320029,NA,0.222268999,0.191311002,NA,NA,NA,NA,NA,NA,0.075115703,NA,0.090452597,0.069594704,0.105544001,0.055401299,0.307689995,0.101834998,0.223970994
PI 16:0;0_20:1;0,PI,GPL,NA,36,1,0,,NA,NA,NA,NA,NA,NA,NA,0.141590998,0.0551266,NA,NA,NA,NA,NA,NA,NA,0.0624706,0.072359398,0.0474707,0.114743002,0.0429268,0.354883999,0.061314099,0.149951994
PI 16:0;0_20:2;0,PI,GPL,NA,36,2,0,,0.499642998,0.605839014,0.268413007,0.664653003,0.556361973,0.480275989,0.199410006,0.131096005,0.111550003,NA,0.0248545,0.0485874,NA,NA,NA,0.014877,0.0424967,NA,NA,NA,NA,0.319193989,0.0875303,0.160421997
PI 16:0;0_20:3;0,PI,GPL,NA,36,3,0,,20.65360069,16.62719917,7.738319874,1.342910051,1.27196002,1.420940042,0.747711003,0.629206002,0.652806997,0.518472016,0.497164994,0.771378994,0.411543995,NA,0.179772004,0.363186002,0.424914986,0.501103997,0.340938985,0.667877972,0.340476006,1.948469996,0.659547985,1.127709985
PI 16:0;0_20:4;0,PI,GPL,NA,36,4,0,,90.70760345,116.0770035,33.08269882,NA,5.919129848,6.083489895,6.934639931,6.626699924,8.431139946,NA,NA,6.20923996,NA,NA,8.038310051,NA,NA,NA,NA,NA,NA,9.958259583,NA,6.26680994
PI 16:0;0_20:5;0,PI,GPL,NA,36,5,0,,2.218909979,2.443190098,NA,NA,NA,NA,NA,NA,NA,NA,NA,NA,NA,NA,NA,0.408775985,0.481878012,0.775672972,0.902851999,0.921989977,0.651426971,NA,NA,NA
PI 16:0;0_22:3;0,PI,GPL,NA,38,3,0,,1.510489941,2.318650007,0.442290992,NA,NA,NA,0.093951702,NA,0.038331501,NA,NA,NA,NA,NA,NA,NA,NA,NA,NA,NA,NA,NA,NA,NA
PI 16:0;0_22:4;0,PI,GPL,NA,38,4,0,,5.936339855,7.147890091,2.651839972,0.810328007,0.845497012,0.902647972,0.410474986,0.381606013,0.501334012,0.266790003,NA,0.379803985,0.592622995,0.422468007,0.646925986,0.219570994,0.287633985,0.430761009,0.314148009,0.573319018,0.341706991,NA,0.320549995,0.452693999
PI 16:0;0_22:5;0,PI,GPL,NA,38,5,0,,9.042409897,12.68859959,2.196749926,1.905069947,1.637529969,1.920799971,NA,NA,NA,NA,NA,NA,NA,NA,NA,NA,0.502182007,0.607850015,0.608639002,0.833530009,0.443515003,1.633579969,0.699523985,0.707556009
PI 16:0;0_22:6;0,PI,GPL,NA,38,6,0,,4.262979984,NA,1.657989979,NA,NA,NA,NA,NA,NA,NA,NA,NA,NA,NA,NA,NA,NA,NA,NA,NA,NA,NA,NA,NA
PI 16:1;0_18:0;0,PI,GPL,NA,34,1,0,,NA,NA,NA,0.447232008,0.681078017,0.884024024,NA,NA,NA,NA,NA,NA,NA,NA,NA,NA,NA,NA,0.088096999,NA,0.087198399,0.316774994,0.117008001,0.280764014
PI 16:1;0_20:1;0,PI,GPL,NA,36,2,0,,NA,NA,NA,NA,NA,NA,NA,NA,NA,NA,NA,NA,NA,NA,NA,NA,NA,NA,NA,NA,NA,0.0345909,NA,0.048566598
PI 16:1;0_20:2;0,PI,GPL,NA,36,3,0,,NA,NA,NA,NA,NA,NA,0.078813598,NA,0.068977602,NA,NA,NA,NA,NA,NA,NA,NA,NA,NA,NA,NA,NA,NA,NA
PI 16:1;0_20:3;0,PI,GPL,NA,36,4,0,,1.293480039,1.671689987,0.759576976,NA,NA,NA,NA,NA,NA,NA,NA,NA,NA,NA,NA,NA,NA,NA,NA,NA,NA,NA,NA,NA
PI 16:1;0_20:4;0,PI,GPL,NA,36,5,0,,2.777669907,2.473550081,1.088590026,NA,NA,NA,NA,0.425574988,0.443197012,NA,NA,NA,0.363379002,0.284220994,0.335763007,0.091944098,0.252756,0.193792999,0.155827001,0.276477009,0.079156898,1.725510001,0.892489016,1.135750055
PI 16:1;0_22:5;0,PI,GPL,NA,38,6,0,,0.487167001,2.110029936,NA,NA,NA,NA,NA,NA,NA,NA,NA,NA,NA,NA,NA,NA,NA,NA,NA,NA,NA,NA,NA,NA
PI 17:0;0_20:3;0,PI,GPL,NA,37,3,0,,0.192748994,0.336389989,0.071640402,0.33810699,0.105365999,0.105742998,NA,NA,NA,NA,NA,NA,NA,NA,NA,NA,NA,NA,NA,NA,NA,NA,NA,NA
PI 17:0;0_20:4;0,PI,GPL,NA,37,4,0,,3.340719938,3.943429947,0.63242197,1.019140005,1.045819998,1.113059998,NA,0.310104012,0.431181997,0.134316996,NA,0.488077998,NA,NA,NA,0.141709,0.201276004,0.294263989,0.235281006,0.287665009,0.244946003,0.799472988,0.378331006,0.509706974
PI 18:0;0_18:1;0,PI,GPL,NA,36,1,0,,NA,NA,NA,3.384589911,3.870419979,4.191939831,NA,NA,NA,NA,NA,NA,NA,NA,NA,NA,NA,NA,NA,NA,NA,NA,NA,NA
PI 18:0;0_18:2;0,PI,GPL,NA,36,2,0,,NA,NA,NA,NA,2.902179956,3.074510098,NA,NA,NA,NA,NA,NA,NA,NA,NA,NA,NA,NA,NA,NA,NA,NA,NA,NA
PI 18:0;0_18:3;0,PI,GPL,NA,36,3,0,,NA,6.814149857,3.932070017,NA,NA,NA,0.70816201,0.691003978,0.533119023,NA,NA,NA,NA,NA,NA,NA,NA,NA,NA,NA,NA,NA,NA,NA
PI 18:0;0_19:3;0,PI,GPL,NA,37,3,0,,2.121210098,1.72092998,0.498997003,NA,0.329964012,0.319005013,NA,NA,NA,NA,NA,NA,NA,NA,NA,NA,NA,NA,NA,NA,NA,NA,NA,NA
PI 18:0;0_20:2;0,PI,GPL,NA,38,2,0,,NA,NA,NA,NA,0.34009701,0.473978996,NA,NA,NA,NA,NA,NA,NA,NA,NA,NA,NA,NA,NA,NA,NA,NA,NA,NA
PI 18:0;0_20:3;0,PI,GPL,NA,38,3,0,,61.7052002,63.75170135,14.94169998,6.378789902,6.988269806,7.705830097,NA,NA,NA,NA,NA,NA,NA,NA,NA,NA,NA,NA,NA,NA,NA,6.017819881,NA,NA
PI 18:0;0_20:4;0,PI,GPL,NA,38,4,0,,447.4719849,565.3010254,140.4980011,38.48899841,40.22510147,39.16400146,92.24410248,86.90270233,100.3320007,NA,NA,92.40920258,80.2589035,66.11299896,103.4850006,NA,NA,46.79949951,NA,44.30680084,NA,98.1289978,41.92300034,55.34609985
PI 18:0;0_20:5;0,PI,GPL,NA,38,5,0,,5.832809925,6.742670059,1.118739963,NA,NA,NA,NA,0.935715973,0.735894978,NA,NA,NA,0.61747098,0.536655009,0.671540022,3.080780029,3.381160021,5.234149933,4.141109943,4.934350014,3.131890059,8.927639961,3.991539955,5.391119957
PI 18:0;0_22:3;0,PI,GPL,NA,40,3,0,,41.53160095,68.06970215,33.77119827,26.45089912,NA,22.91690063,NA,NA,NA,NA,NA,NA,NA,NA,NA,NA,NA,NA,NA,NA,NA,NA,NA,NA
PI 18:0;0_22:4;0,PI,GPL,NA,40,4,0,,7.757510185,7.206940174,4.399010181,4.932069778,3.843960047,4.864709854,3.974370003,3.917429924,4.552470207,4.511290073,3.061650038,6.072050095,4.266069889,4.778069973,3.232520103,3.119450092,2.42779994,3.363739967,1.788290024,2.805480003,1.91395998,5.027919769,3.478630066,2.161859989
PI 18:0;0_22:5;0,PI,GPL,NA,40,5,0,,3.614639997,3.677109957,0.861176014,2.396729946,2.17986989,2.301209927,NA,NA,NA,NA,NA,NA,0.584266007,0.710268974,NA,0.570468009,0.587377012,0.963226974,0.67494899,0.971279979,0.773950994,1.702900052,0.966934025,0.980251014
PI 18:1;0_18:1;0,PI,GPL,NA,36,2,0,,NA,NA,NA,9.121470451,11.42469978,12.66880035,NA,NA,NA,NA,NA,NA,NA,NA,NA,NA,NA,NA,NA,NA,NA,NA,NA,NA
PI 18:1;0_18:3;0,PI,GPL,NA,36,4,0,,1.689049959,2.748450041,0.956559002,NA,NA,NA,0.559719026,0.477701992,NA,NA,NA,NA,NA,NA,NA,NA,NA,NA,NA,NA,NA,NA,NA,NA
PI 18:1;0_20:2;0,PI,GPL,NA,38,3,0,,NA,NA,NA,0.831780016,1.286849976,1.111919999,0.331133991,0.345687985,0.154381007,NA,NA,NA,NA,NA,NA,NA,NA,NA,NA,NA,NA,0.491988003,NA,0.212211996
PI 18:1;0_20:3;0,PI,GPL,NA,38,4,0,,15.48680019,18.4151001,8.677599907,6.709479809,6.938000202,8.296979904,3.83404994,4.334259987,2.995759964,0.698424995,0.420300007,0.905194998,0.571449995,0.421965986,0.340943992,0.287162006,0.872291982,0.780869007,0.562695026,1.16376996,0.48011899,5.114069939,0.996914029,2.462110043
PI 18:1;0_20:4;0,PI,GPL,NA,38,5,0,,46.25159836,53.88489914,22.37280083,21.59749985,23.60059929,24.38579941,NA,NA,NA,NA,NA,NA,NA,NA,NA,NA,NA,NA,NA,NA,NA,17.82859993,NA,NA
PI 18:1;0_20:5;0,PI,GPL,NA,38,6,0,,NA,NA,NA,NA,NA,NA,NA,NA,NA,NA,NA,NA,NA,NA,NA,0.585255027,0.628368974,0.884827018,0.785166025,0.900794983,0.630742013,1.85323,0.593329012,0.903608024
PI 18:1;0_22:3;0,PI,GPL,NA,40,4,0,,NA,2.095560074,1.14470005,NA,1.117499948,1.350379944,NA,NA,NA,NA,NA,NA,NA,NA,NA,NA,NA,NA,NA,NA,NA,NA,NA,NA
PI 18:1;0_22:4;0,PI,GPL,NA,40,5,0,,1.041239977,1.786790013,0.786531985,0.889340997,1.237100005,1.074609995,NA,NA,NA,NA,NA,NA,0.128740996,NA,0.43224299,0.211099997,0.167909995,0.150401995,NA,NA,NA,NA,0.255870014,0.257957995
PI 18:1;0_22:5;0,PI,GPL,NA,40,6,0,,3.214299917,4.278389931,1.358669996,2.461839914,2.632819891,2.417850018,NA,NA,NA,NA,NA,NA,NA,NA,NA,0.336647004,0.424686015,0.542189002,0.367700011,0.516992986,NA,0.878560007,NA,0.573601007
PI 18:2;0_18:2;0,PI,GPL,NA,36,4,0,,NA,NA,NA,0.153729007,0.181059003,0.328588992,NA,NA,NA,NA,NA,NA,0.045584101,0.043470301,NA,0.075254701,0.111799002,0.073495202,0.048143402,0.060658898,NA,NA,0.051709101,0.099346399
PI 18:2;0_20:3;0,PI,GPL,NA,38,5,0,,NA,NA,NA,NA,0.261837006,0.282113999,NA,NA,NA,NA,NA,NA,NA,NA,NA,NA,NA,NA,NA,NA,NA,NA,NA,NA
PI 18:2;0_20:4;0,PI,GPL,NA,38,6,0,,0.549408019,3.133219957,0.564328015,1.170709968,1.335090041,1.323979974,0.721601009,0.813372016,0.623569012,NA,NA,NA,0.578531027,0.470510006,0.776826978,0.151592001,0.275748014,0.260841995,0.167838007,0.26662299,NA,NA,0.115225002,0.226093993
PI 19:1;0_20:4;0,PI,GPL,NA,39,5,0,,NA,NA,NA,0.529358029,0.561228991,0.604439974,NA,NA,NA,NA,NA,NA,NA,NA,NA,NA,NA,NA,NA,NA,NA,NA,NA,NA
PI 20:0;0_20:4;0,PI,GPL,NA,40,4,0,,NA,NA,NA,NA,NA,NA,NA,NA,NA,NA,NA,NA,NA,NA,NA,NA,0.842478991,0.727398992,0.693439007,1.377009988,1.499609947,NA,1.092270017,1.170449972
PI 20:1;0_20:4;0,PI,GPL,NA,40,5,0,,0.723924994,1.111520052,0.597284973,NA,NA,NA,NA,0.906805992,1.105399966,NA,NA,NA,0.282869011,0.156891003,0.459082007,0.249002993,0.395947993,0.420469999,0.529514015,0.626798987,0.303721994,0.778741002,0.391097993,0.409072995
PI 20:2;0_20:4;0,PI,GPL,NA,40,6,0,,0.61195302,NA,0.293837011,0.208396003,NA,0.301782995,0.710268021,0.729174018,0.757198989,NA,NA,NA,NA,0.481242001,0.973167002,NA,NA,NA,NA,NA,NA,NA,NA,NA
PI 20:3;0_20:4;0,PI,GPL,NA,40,7,0,,NA,NA,NA,1.110219955,1.194839954,NA,NA,NA,NA,NA,NA,NA,0.332740992,0.193837002,NA,NA,NA,NA,NA,NA,NA,NA,NA,NA
PS 14:0;0_18:0;0,PS,GPL,NA,32,0,0,,NA,NA,NA,NA,NA,NA,NA,NA,NA,NA,NA,NA,0.28184101,0.297354013,0.446139991,0.246185005,0.376305014,0.508054972,NA,NA,NA,NA,NA,NA
PS 14:3;0_20:0;0,PS,GPL,NA,34,3,0,,NA,NA,NA,NA,NA,NA,NA,NA,NA,NA,NA,NA,NA,NA,NA,0.177654997,NA,0.277170002,NA,NA,NA,NA,NA,NA
PS 14:3;0_22:1;0,PS,GPL,NA,36,4,0,,NA,NA,NA,NA,NA,NA,NA,NA,NA,NA,NA,NA,NA,NA,NA,0.075082898,0.129229993,0.076924503,NA,0.28719601,0.079951502,1.040580034,0.140909001,0.236904994
PS 16:0;0_16:0;0,PS,GPL,NA,32,0,0,,2.55746007,3.836019993,1.080979943,1.177360058,0.900062025,0.950356007,NA,NA,NA,NA,NA,NA,NA,NA,1.159379959,0.996860981,1.551020026,1.727020025,1.723129988,2.202869892,NA,NA,NA,NA
PS 16:0;0_16:1;0,PS,GPL,NA,32,1,0,,8.168800354,13.79380035,5.317759991,0.801163971,0.843904972,0.87341702,0.942143023,1.028100014,0.813531995,NA,NA,NA,0.612573028,0.568612993,0.998390973,0.40832299,1.333019972,1.046470046,1.382689953,1.681830049,0.450751007,1.098530054,0.515688002,0.982954979
PS 16:0;0_18:0;0,PS,GPL,NA,34,0,0,,9.663200378,18.78420067,4.229790211,4.723639965,4.273039818,4.159689903,NA,NA,4.700089931,NA,NA,4.629779816,5.668719769,4.962820053,7.670740128,4.403339863,6.8270998,7.635550022,4.958839893,6.492269993,NA,NA,NA,NA
PS 16:0;0_18:1;0,PS,GPL,NA,34,1,0,,67.10019684,132.701004,35.42839813,12.53209972,12.98910046,14.25689983,NA,NA,NA,NA,NA,NA,NA,NA,9.969820023,NA,11.52130032,10.43019962,14.78289986,17.91460037,NA,15.12580013,NA,10.79590034
PS 16:0;0_18:2;0,PS,GPL,NA,34,2,0,,1.716920018,3.556260109,0.860192001,1.605250001,1.499770045,1.70709002,NA,NA,NA,NA,NA,NA,NA,NA,NA,0.365999997,0.556780994,0.634010017,0.489863008,0.656206012,0.271732986,NA,0.164435998,0.184676006
PS 16:0;0_20:1;0,PS,GPL,NA,36,1,0,,1.230080009,2.443710089,NA,NA,NA,NA,NA,0.243659005,0.337296009,NA,NA,NA,NA,NA,NA,0.209315002,0.690416992,0.749639988,0.82407397,1.110360026,0.342088997,1.790369987,0.532850027,1.073879957
PS 16:0;0_20:2;0,PS,GPL,NA,36,2,0,,NA,NA,NA,0.63211,NA,0.566057026,NA,NA,NA,NA,NA,NA,NA,NA,NA,0.115350999,0.333537012,0.296651989,0.24244,0.274527997,0.0781755,NA,NA,NA
PS 16:0;0_20:3;0,PS,GPL,NA,36,3,0,,2.503679991,3.346129894,1.229060054,0.568717003,0.653267026,0.668720007,0.468784988,0.349550009,0.589354992,NA,NA,NA,0.181793004,NA,0.371526003,0.191807002,0.392874002,0.531381011,0.383112013,0.396681011,0.204474002,NA,0.218004003,0.263476014
PS 16:0;0_20:4;0,PS,GPL,NA,36,4,0,,7.177760124,12.20059967,7.434160233,1.584929943,1.401419997,1.453070045,0.840057015,0.850377023,NA,0.365249991,NA,0.743700027,0.897723019,0.712339997,1.399180055,0.547321975,0.847362995,1.288679957,1.026350021,0.911442995,0.34099099,NA,0.296521991,0.341580003
PS 16:0;0_22:0;0,PS,GPL,NA,38,0,0,,NA,NA,NA,NA,NA,NA,NA,NA,NA,NA,NA,NA,NA,NA,NA,0.199762002,0.533178985,0.664816976,0.422206014,0.436511993,0.204769999,NA,0.348740995,0.473360986
PS 16:0;0_22:1;0,PS,GPL,NA,38,1,0,,NA,NA,NA,NA,NA,NA,NA,NA,NA,NA,NA,NA,NA,NA,NA,0.297223002,0.473437995,0.627363026,0.455235988,0.605677009,NA,NA,0.427895993,0.368728012
PS 16:0;0_22:3;0,PS,GPL,NA,38,3,0,,0.696716011,NA,0.595071018,NA,NA,NA,0.369147003,0.263027012,0.25840199,0.135772005,0.122450002,0.180481002,0.236230001,0.143150002,0.236085996,NA,NA,NA,NA,NA,NA,NA,NA,NA
PS 16:0;0_22:4;0,PS,GPL,NA,38,4,0,,0.797913015,11.28909969,3.243160009,NA,NA,NA,0.116455004,0.157567993,NA,NA,NA,NA,NA,NA,NA,NA,NA,NA,NA,NA,NA,NA,NA,NA
PS 16:0;0_22:5;0,PS,GPL,NA,38,5,0,,15.84459972,30.74110031,7.078279972,2.533410072,2.268840075,2.235739946,NA,NA,NA,NA,NA,NA,1.379830003,1.137979984,NA,1.493549943,2.452539921,3.428030014,2.301559925,2.554830074,1.329699993,2.720489979,1.641610026,1.796259999
PS 16:0;0_22:6;0,PS,GPL,NA,38,6,0,,NA,28.07290077,7.567430019,NA,NA,NA,NA,NA,NA,NA,NA,NA,2.099309921,NA,4.353889942,NA,NA,NA,NA,NA,NA,NA,NA,NA
PS 16:0;0_24:1;0,PS,GPL,NA,40,1,0,,NA,NA,NA,NA,NA,NA,NA,NA,NA,NA,NA,NA,NA,NA,NA,0.148015007,0.170145005,0.196202993,NA,NA,NA,NA,NA,NA
PS 16:1;0_18:0;0,PS,GPL,NA,34,1,0,,47.72650146,92.27690125,29.82189941,8.561079979,9.179650307,9.77077961,6.923079967,7.226089954,NA,NA,NA,NA,NA,NA,6.839550018,NA,NA,NA,NA,NA,NA,9.693570137,NA,NA
PS 16:1;0_18:1;0,PS,GPL,NA,34,2,0,,7.368609905,11.5618,4.65583992,0.669929028,0.71072799,0.963400006,1.145509958,1.482959986,0.979400992,NA,NA,NA,0.466787994,0.518732011,0.819495022,0.286578,0.811923981,0.65089798,0.608238995,0.880824983,0.219147995,1.364439964,0.313589007,0.640356004
PS 16:1;0_20:0;0,PS,GPL,NA,36,1,0,,NA,NA,NA,NA,NA,NA,NA,NA,NA,NA,NA,NA,NA,NA,NA,NA,0.278598011,0.177236006,NA,NA,NA,1.275939941,0.187601,0.439289004
PS 16:1;0_20:1;0,PS,GPL,NA,36,2,0,,NA,0.681330979,0.231363997,NA,NA,NA,NA,NA,NA,NA,NA,NA,NA,NA,NA,NA,NA,NA,NA,NA,NA,NA,NA,NA
PS 16:1;0_22:0;0,PS,GPL,NA,38,1,0,,NA,NA,NA,NA,NA,NA,NA,NA,NA,NA,NA,NA,NA,NA,NA,0.057622701,0.241762996,0.256018013,0.358532012,0.48337701,0.206020996,1.044430017,0.246395007,0.506268024
PS 16:1;0_22:1;0,PS,GPL,NA,38,2,0,,NA,0.828674972,0.136715993,NA,NA,NA,NA,NA,NA,NA,NA,NA,NA,NA,NA,0.069697499,0.191385001,0.159299999,0.196587995,0.212397993,NA,0.448417991,0.156714007,0.173796996
PS 16:1;0_22:4;0,PS,GPL,NA,38,5,0,,NA,NA,NA,NA,NA,NA,0.130581006,0.128545001,0.168741003,NA,NA,NA,0.00920632,0.00625132,0.264912993,NA,NA,NA,NA,NA,NA,NA,NA,NA
PS 16:1;0_24:0;0,PS,GPL,NA,40,1,0,,NA,NA,NA,NA,NA,NA,NA,NA,NA,NA,NA,NA,NA,NA,NA,NA,0.224060997,0.098746203,0.277698994,0.252059013,0.084262498,0.30072099,NA,0.245065004
PS 16:3;0_18:0;0,PS,GPL,NA,34,3,0,,NA,NA,NA,NA,NA,NA,0.871472001,1.021540046,0.607370973,NA,NA,NA,NA,NA,NA,NA,NA,NA,NA,NA,NA,NA,NA,NA
PS 17:0;0_18:0;0,PS,GPL,NA,35,0,0,,NA,NA,NA,NA,0.339504004,0.556083977,NA,NA,NA,NA,NA,NA,NA,NA,NA,NA,NA,NA,NA,NA,NA,NA,NA,NA
PS 17:0;0_18:1;0,PS,GPL,NA,35,1,0,,6.621349812,6.856440067,NA,2.144119978,2.196870089,2.530580044,NA,NA,NA,NA,NA,NA,NA,NA,NA,NA,NA,NA,NA,NA,NA,NA,NA,NA
PS 17:0;0_18:2;0,PS,GPL,NA,35,2,0,,NA,NA,NA,0.401679009,0.442526996,0.369327992,NA,NA,NA,NA,NA,NA,NA,NA,NA,NA,NA,NA,NA,NA,NA,NA,NA,NA
PS 17:0;0_20:1;0,PS,GPL,NA,37,1,0,,NA,NA,NA,NA,NA,NA,NA,NA,NA,NA,NA,NA,NA,NA,NA,NA,NA,NA,NA,NA,NA,NA,0.176090002,0.210178003
PS 17:0;0_20:2;0,PS,GPL,NA,37,2,0,,NA,NA,NA,0.246772006,0.030502999,0.179229006,NA,NA,NA,NA,NA,NA,NA,NA,NA,NA,NA,NA,NA,NA,NA,NA,NA,NA
PS 17:0;0_20:4;0,PS,GPL,NA,37,4,0,,NA,1.71202004,0.472909987,NA,0.365525991,0.327394009,1.137179971,1.225649953,0.991445005,0.288215011,0.309531003,0.529390991,1.088119984,0.85106802,0.984318972,NA,NA,NA,NA,NA,NA,NA,NA,NA
PS 17:0;0_22:4;0,PS,GPL,NA,39,4,0,,NA,2.600500107,1.025300026,0.45638299,0.52590698,0.459306985,26.45820045,27.3458004,NA,6.576449871,NA,9.314860344,19.36490059,16.19309998,14.03680038,NA,0.811263025,1.049430013,1.103199959,1.338950038,NA,2.760849953,NA,2.121210098
PS 17:0;0_22:5;0,PS,GPL,NA,39,5,0,,1.455029964,2.657180071,0.419849008,0.577014983,0.477512985,0.465027004,NA,NA,NA,NA,NA,NA,NA,NA,NA,NA,NA,NA,NA,NA,NA,NA,NA,NA
PS 17:1;0_18:0;0,PS,GPL,NA,35,1,0,,1.887680054,1.88538003,0.295323998,0.265868008,0.27827701,0.313187003,NA,NA,NA,NA,NA,NA,NA,NA,NA,NA,NA,NA,NA,0.117031001,0.131274998,0.172685996,NA,0.081005998
PS 18:0;0_18:1;0,PS,GPL,NA,36,1,0,,461.4840088,866.1920166,202.4920044,108.7460022,95.61100006,106.0770035,NA,NA,NA,NA,NA,NA,NA,NA,NA,NA,NA,NA,NA,NA,NA,234.2079926,NA,112.3239975
PS 18:0;0_18:2;0,PS,GPL,NA,36,2,0,,NA,NA,NA,41.16899872,39.79109955,41.55509949,NA,NA,NA,NA,NA,NA,NA,NA,NA,NA,NA,NA,NA,NA,NA,NA,NA,NA
PS 18:0;0_18:3;0,PS,GPL,NA,36,3,0,,NA,NA,NA,NA,NA,NA,0.955673993,0.78065598,NA,NA,NA,NA,0.56960398,0.599960029,0.758991003,0.590622008,0.610333979,1.044450045,0.327165008,0.390522003,0.306968987,NA,NA,NA
PS 18:0;0_19:1;0,PS,GPL,NA,37,1,0,,NA,NA,NA,0.943854988,0.510937989,0.58890897,NA,NA,NA,NA,NA,NA,NA,NA,NA,NA,NA,NA,NA,NA,NA,NA,NA,NA
PS 18:0;0_20:0;0,PS,GPL,NA,38,0,0,,NA,NA,NA,NA,NA,NA,NA,NA,NA,NA,NA,NA,NA,NA,NA,NA,NA,NA,0.158899993,0.201616004,0.110472001,NA,NA,NA
PS 18:0;0_20:1;0,PS,GPL,NA,38,1,0,,3.002830029,5.108200073,1.168849945,0.831092,0.860734999,0.816577971,NA,NA,NA,NA,NA,NA,NA,0.280930012,0.48052299,0.326269001,1.049119949,0.968868971,1.511309981,2.459470034,1.368919969,12.11120033,3.629750013,5.277800083
PS 18:0;0_20:2;0,PS,GPL,NA,38,2,0,,8.728759766,12.70810032,3.804549932,2.643889904,2.499700069,2.856319904,0.693112016,0.600293994,0.51493001,NA,0.205169007,0.420655996,0.352811009,0.234064996,NA,0.657720029,1.170109987,1.384940028,0.969235003,1.464779973,0.918537974,3.492990017,1.084820032,1.845350027
PS 18:0;0_20:3;0,PS,GPL,NA,38,3,0,,35.03269958,61.74549866,26.77440071,14.89430046,14.77600002,15.9762001,14.12409973,14.06200027,NA,NA,NA,NA,NA,NA,NA,NA,NA,NA,NA,NA,NA,10.61439991,NA,NA
PS 18:0;0_20:4;0,PS,GPL,NA,38,4,0,,108.677002,205.2039948,101.3960037,17.41830063,NA,14.78629971,25.13349915,25.00250053,NA,NA,NA,NA,NA,NA,NA,NA,NA,NA,NA,NA,NA,NA,NA,NA
PS 18:0;0_20:5;0,PS,GPL,NA,38,5,0,,NA,NA,NA,NA,NA,NA,NA,NA,NA,NA,NA,NA,NA,NA,NA,0.262322009,0.398651004,0.760437012,0.303891003,0.406462997,NA,NA,NA,NA
PS 18:0;0_21:3;0,PS,GPL,NA,39,3,0,,2.735860109,4.9958601,1.489470005,NA,0.700290978,0.860769987,NA,NA,NA,NA,NA,NA,NA,NA,NA,NA,NA,NA,NA,NA,NA,NA,NA,NA
PS 18:0;0_22:1;0,PS,GPL,NA,40,1,0,,NA,NA,NA,NA,NA,NA,NA,NA,NA,NA,NA,NA,NA,NA,NA,NA,NA,NA,NA,0.446693987,0.285861999,1.159319997,0.476814002,0.714097023
PS 18:0;0_22:2;0,PS,GPL,NA,40,2,0,,NA,NA,NA,NA,NA,NA,NA,NA,NA,NA,NA,NA,NA,NA,NA,NA,NA,NA,0.356866002,0.36075601,0.221434996,0.89772898,NA,0.388300002
PS 18:0;0_22:3;0,PS,GPL,NA,40,3,0,,17.15789986,28.95439911,11.08710003,3.277299881,3.133630037,3.201819897,1.926059961,1.687700033,1.207350016,NA,NA,1.905930042,NA,NA,1.170750022,NA,0.949244976,NA,NA,1.136710048,NA,3.500699997,NA,1.829380035
PS 18:0;0_22:4;0,PS,GPL,NA,40,4,0,,54.4897995,97.42520142,28.88360023,11.35149956,11.38560009,11.95660019,29.66570091,29.74130058,30.97229958,10.26270008,8.889140129,27.23609924,18.89010048,16.78280067,30.57579994,NA,11.45069981,14.24020004,9.552769661,12.17730045,NA,17.5753994,NA,9.093660355
PS 18:0;0_22:5;0,PS,GPL,NA,40,5,0,,131.3970032,271.9240112,30.80130005,35.2804985,29.03910065,30.97030067,38.1609993,37.8492012,36.92910004,NA,NA,30.77449989,NA,NA,26.70929909,NA,28.2602005,44.41559982,23.54770088,28.68889999,NA,43.04510117,NA,NA
PS 18:0;0_22:6;0,PS,GPL,NA,40,6,0,,129.1820068,189.5820007,53.97719955,52.99560165,49.87659836,53.58599854,177.3309937,174.3820038,188.2400055,48.66350174,39.74430084,161.2929993,113.3679962,94.14510345,173.7480011,5.613100052,6.632989883,7.875030041,2.666510105,5.115049839,2.201760054,5.820940018,2.933880091,3.530780077
PS 18:0;0_24:4;0,PS,GPL,NA,42,4,0,,NA,NA,NA,1.075889945,NA,1.210309982,NA,0.722917974,0.742016017,NA,0.232359007,0.717559993,0.561910987,0.544734001,0.836860001,NA,NA,NA,NA,0.410899997,0.282660007,NA,NA,NA
PS 18:0;0_24:5;0,PS,GPL,NA,42,5,0,,NA,NA,NA,NA,NA,NA,5.453239918,6.019549847,5.592070103,1.768630028,1.417170048,4.410669804,4.045499802,3.464920044,6.594739914,NA,0.590300024,0.986413002,0.850058019,1.065379977,0.460790008,2.060529947,0.955250025,1.030599952
PS 18:0;0_24:6;0,PS,GPL,NA,42,6,0,,4.375780106,7.177050114,NA,NA,NA,NA,4.277259827,3.900579929,2.849240065,NA,NA,NA,1.748639941,1.297940016,NA,0.685270011,1.071099997,1.600569963,1.252589941,1.201910019,0.842979014,3.236059904,1.436460018,1.734040022
PS 18:1;0_18:1;0,PS,GPL,NA,36,2,0,,45.1629982,76.07039642,38.24200058,12.93470001,13.63129997,14.72859955,NA,NA,NA,NA,NA,NA,NA,NA,NA,NA,NA,NA,NA,NA,NA,14.87979984,NA,NA
PS 18:1;0_18:2;0,PS,GPL,NA,36,3,0,,2.05866003,3.520339966,1.913609982,2.091880083,2.19513011,2.303169966,0.203862995,0.219670996,0.333658993,NA,NA,NA,NA,NA,NA,0.370287001,0.427441001,0.520532012,0.452989012,0.459502995,0.138152003,1.322829962,0.317936003,0.423676014
PS 18:1;0_19:0;0,PS,GPL,NA,37,1,0,,3.65328002,6.467619896,1.419289947,NA,0.441953987,0.534734011,NA,NA,NA,NA,NA,NA,NA,NA,NA,NA,0.287146986,0.296833009,0.345245987,0.436767995,0.295715004,1.891549945,0.438044995,0.553053975
PS 18:1;0_19:1;0,PS,GPL,NA,37,2,0,,NA,NA,NA,0.35965699,0.601777971,0.425907999,NA,NA,NA,NA,NA,NA,NA,NA,NA,NA,NA,NA,NA,NA,NA,NA,NA,NA
PS 18:1;0_20:0;0,PS,GPL,NA,38,1,0,,1.395419955,2.92373991,0.33702001,0.218997002,0.205110997,0.301113009,NA,NA,NA,NA,NA,NA,NA,NA,NA,0.190212995,0.507126987,0.507920027,1.052690029,1.301010013,0.877530992,6.616549969,1.858909965,2.672539949
PS 18:1;0_20:1;0,PS,GPL,NA,38,2,0,,2.538269997,4.821829796,1.196480036,0.631277978,0.696779013,0.681613028,0.135002002,0.111014999,0.068845697,NA,0.061530098,0.078213997,NA,0.0519193,0.620086014,0.103868,0.464049011,0.389631987,0.562298,0.901368022,0.351114988,3.987339973,0.977261007,1.822409987
PS 18:1;0_20:2;0,PS,GPL,NA,38,3,0,,1.343659997,3.351350069,1.180189967,0.684467971,0.872263014,0.645874023,NA,NA,NA,NA,NA,NA,NA,NA,NA,NA,0.249381006,0.244572997,0.219252005,0.310431004,0.083498202,0.549134016,0.180262998,0.263107985
PS 18:1;0_20:3;0,PS,GPL,NA,38,4,0,,NA,5.667890072,3.057899952,0.615037024,NA,0.489340007,0.557296991,0.745638013,NA,NA,NA,NA,NA,NA,NA,NA,NA,NA,NA,NA,NA,NA,NA,NA
PS 18:1;0_20:4;0,PS,GPL,NA,38,5,0,,2.277159929,3.339570045,2.209110022,0.406976998,0.407848001,0.454486996,1.52651,1.70381999,1.597149968,NA,0.434751987,1.318549991,0.0346132,0.032874301,1.749920011,0.157205001,0.305653989,0.403297991,0.222311005,0.375739992,0.126574993,0.4005,NA,0.296755999
PS 18:1;0_21:0;0,PS,GPL,NA,39,1,0,,NA,NA,NA,NA,NA,NA,NA,NA,NA,NA,NA,NA,NA,NA,NA,NA,NA,NA,NA,NA,NA,0.829774022,0.227313995,NA
PS 18:1;0_22:0;0,PS,GPL,NA,40,1,0,,NA,NA,NA,NA,NA,NA,NA,NA,NA,NA,NA,NA,NA,NA,NA,NA,NA,NA,1.820770025,1.791270018,1.322849989,9.338689804,2.973680019,3.843179941
PS 18:1;0_22:1;0,PS,GPL,NA,40,2,0,,2.089430094,4.698989868,1.201670051,NA,0.65723002,0.575420976,NA,NA,NA,NA,NA,NA,NA,NA,NA,0.38835901,0.667455018,0.871514976,0.537970006,0.790733993,0.34740001,3.335059881,1.289960027,1.29787004
PS 18:1;0_22:3;0,PS,GPL,NA,40,4,0,,2.006079912,3.761420012,1.776839972,NA,NA,NA,0.499348015,0.357822001,0.49941501,NA,NA,NA,0.31259799,NA,0.367895991,0.0655239,0.166788995,0.213931993,NA,NA,NA,NA,NA,NA
PS 18:1;0_22:4;0,PS,GPL,NA,40,5,0,,4.969190121,8.851969719,3.925470114,0.438735008,0.443758011,NA,1.073400021,1.138810039,1.262210011,0.360951006,0.272978991,0.875775993,0.783680975,0.264818013,1.11153996,0.439644992,0.873971999,1.197209954,0.524546027,1.172209978,0.33740899,1.034579992,0.280734003,0.698746026
PS 18:1;0_22:5;0,PS,GPL,NA,40,6,0,,81.18810272,172.7910004,36.37749863,10.50800037,10.15680027,10.97570038,NA,NA,NA,NA,NA,NA,NA,NA,NA,3.486609936,6.169650078,6.881529808,3.934400082,5.554170132,2.122489929,9.588330269,3.872159958,5.732110023
PS 18:1;0_22:6;0,PS,GPL,NA,40,7,0,,17.6697998,27.68330002,9.571470261,NA,NA,NA,4.437039852,3.83397007,3.513469934,NA,NA,NA,NA,NA,NA,NA,NA,NA,NA,NA,NA,NA,NA,NA
PS 18:1;0_24:0;0,PS,GPL,NA,42,1,0,,NA,NA,NA,NA,NA,NA,NA,NA,NA,NA,NA,NA,NA,NA,NA,0.206117004,0.676176012,0.802338004,1.03331995,1.229889989,0.709594011,4.583650112,1.615640044,2.301970005
PS 18:1;0_24:1;0,PS,GPL,NA,42,2,0,,NA,NA,NA,NA,NA,NA,NA,NA,NA,NA,NA,NA,NA,NA,NA,NA,0.281491995,0.323716015,0.32811299,0.497812986,0.199549004,1.793930054,0.567098022,0.895475984
PS 18:2;0_20:0;0,PS,GPL,NA,38,2,0,,NA,NA,NA,NA,NA,NA,NA,NA,NA,NA,NA,NA,NA,NA,NA,0.060574301,NA,0.085014902,NA,NA,NA,NA,NA,NA
PS 18:2;0_22:0;0,PS,GPL,NA,40,2,0,,NA,NA,NA,NA,NA,NA,NA,NA,NA,NA,NA,NA,NA,NA,NA,NA,0.0657859,0.083144598,NA,NA,NA,NA,NA,NA
PS 20:0;0_20:4;0,PS,GPL,NA,40,4,0,,NA,NA,NA,NA,NA,NA,NA,NA,NA,NA,NA,NA,NA,NA,NA,NA,0.116434999,0.146006003,NA,0.118756004,0.086434603,NA,NA,NA
PS 20:0;0_22:5;0,PS,GPL,NA,42,5,0,,NA,NA,NA,NA,NA,NA,NA,NA,NA,NA,NA,NA,NA,NA,NA,NA,0.222139001,0.312572986,NA,NA,NA,NA,NA,NA
PS 20:1;0_20:1;0,PS,GPL,NA,40,2,0,,NA,NA,NA,NA,NA,NA,NA,NA,NA,NA,NA,NA,NA,NA,NA,NA,NA,NA,NA,NA,NA,0.136990994,NA,0.122239999
PS 22:5;0_22:5;0,PS,GPL,NA,44,10,0,,NA,NA,NA,NA,NA,NA,NA,NA,NA,NA,NA,NA,1.318169951,1.344149947,3.107019901,NA,NA,NA,NA,NA,NA,NA,NA,NA
SM 31:1;2,SM,SL,NA,31,1,2,,3.498549938,4.281000137,NA,NA,NA,NA,1.503309965,1.321030021,1.678840041,NA,NA,NA,NA,NA,NA,NA,NA,NA,0.277485013,0.712040007,NA,NA,NA,NA
SM 32:1;2,SM,SL,NA,32,1,2,,4.091179848,5.933889866,1.90941,1.682639956,1.618950009,1.70310998,NA,NA,NA,NA,NA,NA,NA,NA,NA,NA,0.329578012,0.291512012,0.429448009,NA,0.322573006,1.106709957,0.526947975,0.90745002
SM 33:1;2,SM,SL,NA,33,1,2,,15.84959984,21.13089943,8.742159843,12.27070045,11.66359997,14.74870014,1.689200044,1.724670053,1.457030058,NA,NA,1.334730029,0.737185001,1.012140036,1.212800026,NA,1.440350056,1.20562005,1.027160048,1.48348999,1.094529986,4.263150215,1.385740042,1.918609977
SM 33:2;2,SM,SL,NA,33,2,2,,NA,NA,NA,0.613159001,0.761183977,0.616909027,NA,NA,NA,NA,NA,NA,NA,NA,NA,NA,NA,NA,NA,NA,NA,NA,0.624080002,0.569275022
SM 33:4;2,SM,SL,NA,33,4,2,,1.953179955,2.347520113,NA,NA,NA,NA,NA,NA,NA,NA,NA,NA,NA,NA,NA,NA,NA,NA,NA,NA,NA,NA,NA,NA
SM 34:0;2,SM,SL,NA,34,0,2,,20.4204998,25.33279991,12.51189995,4.369379997,4.184010029,4.510540009,NA,NA,NA,NA,NA,NA,NA,NA,NA,0.242366999,0.494444996,0.601979017,0.276255995,NA,0.459951013,2.488960028,0.537499011,0.625001013
SM 34:1;2,SM,SL,NA,34,1,2,,316.6239929,417.0679932,242.3829956,245.753006,239.9940033,262.1549988,4.451350212,3.982670069,6.890100002,3.05982995,2.814749956,6.992330074,4.85379982,4.540510178,9.467860222,5.60999012,9.313090324,13.36410046,7.057310104,11.89169979,10.32180023,36.75579834,14.77260017,17.2269001
SM 34:1;3,SM,SL,NA,34,1,3,,NA,NA,NA,0.988313973,1.695109963,1.015650034,NA,NA,NA,NA,NA,NA,NA,NA,NA,NA,NA,NA,NA,NA,NA,NA,NA,NA
SM 34:2;2,SM,SL,NA,34,2,2,,6.058229923,8.436380386,2.581269979,1.109410048,1.323660016,1.549710035,NA,NA,NA,NA,NA,NA,NA,NA,NA,NA,NA,NA,NA,NA,NA,NA,NA,NA
SM 35:1;2,SM,SL,NA,35,1,2,,13.45419979,18.40259933,6.273920059,3.912699938,4.076340199,4.111670017,0.526269019,0.69668901,NA,0.540121019,0.443980992,1.249330044,NA,NA,NA,0.524071991,1.274180055,1.384349942,NA,NA,NA,5.935060024,2.140110016,NA
SM 35:2;2,SM,SL,NA,35,2,2,,NA,NA,NA,1.235309958,1.219820023,1.489770055,NA,NA,NA,NA,NA,NA,NA,NA,NA,NA,NA,NA,NA,1.417019963,0.394827008,NA,NA,NA
SM 36:0;2,SM,SL,NA,36,0,2,,8.389800072,9.35324955,3.130480051,NA,NA,NA,1.136150002,0.966457009,1.011569977,0.534331024,0.347732008,1.540109992,NA,NA,NA,0.226922005,0.496396005,0.630810022,NA,0.649580002,0.362756014,0.914852023,0.400229007,0.490833998
SM 36:1;2,SM,SL,NA,36,1,2,,244.4409943,321.5960083,136.9309998,16.97970009,15.8302002,17.5401001,13.83069992,14.23219967,14.46809959,8.928990364,8.101739883,24.81690025,3.632240057,3.606250048,6.097630024,9.828020096,16.81669998,19.54290009,13.17860031,20.7262001,10.48750019,57.62390137,17.94540024,28.5802002
SM 36:1;3,SM,SL,NA,36,1,3,,2.720099926,2.376019955,NA,NA,NA,NA,NA,NA,NA,NA,NA,NA,NA,NA,NA,NA,NA,NA,NA,NA,NA,NA,NA,NA
SM 36:2;2,SM,SL,NA,36,2,2,,12.31050014,18.00130081,3.898839951,0.469920993,NA,0.569172978,0.812265992,0.569213986,0.876658022,0.562057018,0.470573008,1.359089971,NA,NA,NA,NA,NA,NA,NA,NA,NA,NA,NA,NA
SM 36:3;3,SM,SL,NA,36,3,3,,2.853420019,3.495779991,1.173280001,NA,NA,NA,0.574284971,0.681087971,0.704062998,0.368315011,0.415381014,0.945285976,0.53440702,0.567192972,0.768351018,NA,NA,NA,0.31081599,0.49842,0.355572999,NA,NA,NA
SM 37:1;2,SM,SL,NA,37,1,2,,5.218130112,7.391029835,1.490460038,1.014829993,0.945514977,0.978726029,NA,NA,NA,NA,NA,NA,NA,NA,NA,NA,NA,NA,0.367330015,0.62173897,0.231854007,2.167649984,0.756501019,1.359660029
SM 38:1;2,SM,SL,NA,38,1,2,,40.23720169,56.58330154,22.875,6.072730064,6.285190105,7.079880238,NA,NA,NA,NA,NA,NA,NA,NA,NA,0.441574991,0.883957982,1.228850007,0.592408001,1.026379943,0.594511986,4.017280102,1.150969982,1.597339988
SM 38:2;2,SM,SL,NA,38,2,2,,4.144299984,5.185649872,1.534309983,0.487659991,0.514853001,NA,NA,NA,NA,NA,NA,NA,NA,NA,NA,NA,NA,NA,NA,NA,NA,NA,NA,NA
SM 39:1;2,SM,SL,NA,39,1,2,,5.238810062,6.631299973,2.411600113,2.453939915,2.440910101,3.429610014,NA,NA,NA,NA,NA,NA,NA,NA,NA,NA,NA,NA,0.492810011,0.453177005,0.231990993,2.377690077,0.761456013,NA
SM 39:2;2,SM,SL,NA,39,2,2,,NA,NA,NA,0.466468006,NA,0.590924025,NA,NA,NA,NA,NA,NA,NA,NA,NA,NA,NA,NA,NA,NA,NA,NA,NA,NA
SM 40:1;2,SM,SL,NA,40,1,2,,61.16799927,76.17340088,24.98080063,51.40710068,50.25960159,55.41989899,NA,NA,NA,NA,NA,NA,NA,NA,NA,1.286170006,2.30975008,2.877690077,1.642420053,2.638430119,1.775490046,9.793530464,3.194570065,4.552370071
SM 40:2;2,SM,SL,NA,40,2,2,,15.71710014,20.46910095,7.828430176,11.35400009,10.99810028,12.52099991,NA,NA,NA,NA,NA,NA,NA,NA,NA,NA,NA,NA,NA,NA,NA,2.318490028,NA,0.527981997
SM 40:3;2,SM,SL,NA,40,3,2,,NA,NA,NA,0.606987,NA,0.492958993,NA,NA,NA,NA,NA,NA,NA,NA,NA,NA,NA,NA,NA,NA,NA,NA,NA,NA
SM 41:1;2,SM,SL,NA,41,1,2,,7.695839882,10.5880003,5.204130173,8.925530434,8.096349716,10.22939968,NA,NA,NA,NA,NA,NA,NA,NA,NA,NA,NA,NA,0.257261992,0.400409013,0.502925992,2.932189941,1.038100004,1.110039949
SM 41:2;2,SM,SL,NA,41,2,2,,9.148119926,10.69309998,2.901809931,16.94269943,16.17889977,19.14690018,NA,NA,NA,NA,NA,NA,NA,NA,NA,NA,0.303297997,0.303808004,0.327520996,0.41296801,0.281376004,1.510239959,0.51284802,0.753125012
SM 41:3;2,SM,SL,NA,41,3,2,,NA,NA,NA,1.352079988,1.064710021,1.444829941,NA,NA,NA,NA,NA,NA,NA,NA,NA,NA,NA,NA,NA,NA,NA,NA,NA,NA
SM 42:1;2,SM,SL,NA,42,1,2,,28.26059914,36.95690155,10.35820007,41.25389862,55.60739899,65.44210052,NA,NA,NA,NA,NA,NA,NA,NA,NA,1.171259999,2.281450033,2.748490095,1.911720037,2.99770999,2.31675005,10.17529964,3.424799919,4.640240192
SM 42:1;3,SM,SL,NA,42,1,3,,NA,NA,NA,0.531220019,NA,0.523281991,NA,NA,NA,NA,NA,NA,NA,NA,NA,NA,NA,NA,NA,NA,NA,NA,NA,NA
SM 42:2;2,SM,SL,NA,42,2,2,,111.4150009,149.6710052,50.99000168,163.9499969,156.4470062,173.1799927,0.802273989,0.651118994,0.843748987,0.568910003,0.603945017,1.476969957,0.621834993,0.466655999,1.32446003,3.899270058,7.71762991,8.117480278,4.427499771,8.950349808,4.493840218,29.78949928,9.132029533,12.9453001
SM 42:3;2,SM,SL,NA,42,3,2,,12.68280029,18.36050034,3.419909954,25.51639938,22.23769951,23.72550011,NA,NA,NA,NA,NA,NA,NA,NA,NA,0.883158982,1.375560045,1.787919998,0.847010016,1.233500004,0.840499997,2.108429909,0.702170014,0.563629985
SM 42:4;2,SM,SL,NA,42,4,2,,NA,NA,NA,3.809200048,3.507210016,3.381069899,NA,NA,NA,NA,NA,NA,NA,NA,NA,NA,NA,NA,NA,NA,NA,NA,NA,NA
SM 43:1;2,SM,SL,NA,43,1,2,,NA,NA,NA,0.562910974,NA,0.511708975,NA,NA,NA,NA,NA,NA,NA,NA,NA,NA,NA,NA,NA,NA,NA,NA,NA,NA
SM 43:2;2,SM,SL,NA,43,2,2,,NA,NA,NA,1.958420038,1.70562005,1.974930048,NA,NA,NA,NA,NA,NA,NA,NA,NA,NA,NA,NA,NA,NA,NA,NA,NA,NA
SM 43:3;2,SM,SL,NA,43,3,2,,NA,NA,NA,1.174379945,0.871152997,1.258890033,NA,NA,NA,NA,NA,NA,NA,NA,NA,NA,NA,NA,NA,NA,NA,NA,NA,NA
SM 44:2;2,SM,SL,NA,44,2,2,,NA,NA,NA,1.046589971,1.03847003,1.252140045,NA,NA,NA,NA,NA,NA,NA,NA,NA,NA,NA,NA,NA,NA,NA,NA,NA,NA
SM 44:3;2,SM,SL,NA,44,3,2,,NA,NA,NA,0.557823002,NA,0.618672013,NA,NA,NA,NA,NA,NA,NA,NA,NA,NA,NA,NA,NA,NA,NA,NA,NA,NA
Sulf 32:1;2,Sulf,SL,NA,32,1,2,,NA,NA,NA,NA,NA,NA,NA,NA,NA,NA,NA,NA,NA,NA,NA,NA,NA,NA,NA,NA,NA,0.095507788,0.065407333,0.107020839
Sulf 34:0;2,Sulf,SL,NA,34,0,2,,NA,NA,NA,NA,NA,NA,NA,NA,NA,NA,NA,NA,NA,NA,NA,NA,NA,NA,0.082044422,0.120130276,0.058237499,0.229418974,0.102706012,0.144675589
Sulf 34:1;2,Sulf,SL,NA,34,1,2,,NA,NA,NA,NA,NA,NA,NA,NA,NA,NA,NA,NA,NA,NA,NA,1.573435859,3.016837366,2.482892871,3.654801611,4.197969279,2.039957659,7.845989552,4.913700362,7.612840543
Sulf 36:1;2,Sulf,SL,NA,36,1,2,,0.916839494,0.902848594,0.240790313,NA,NA,NA,NA,NA,NA,NA,NA,NA,NA,NA,NA,4.92011727,12.30581164,12.03112425,19.0155021,20.01918979,12.50496273,56.38377011,34.88514175,48.45052585
Sulf 36:1;3,Sulf,SL,NA,36,1,3,,0.337280773,0.378412168,0.29302299,NA,NA,NA,NA,NA,NA,NA,NA,NA,NA,NA,NA,1.638472846,3.148433957,2.855450719,4.593003017,3.560016038,2.280573218,9.198313175,7.639789938,10.51063996
Sulf 36:2;2,Sulf,SL,NA,36,2,2,,NA,NA,NA,NA,NA,NA,NA,NA,NA,NA,NA,NA,NA,NA,NA,0.150353613,0.35136379,0.319969158,0.508472259,0.593518581,0.273474435,1.346792008,0.609848051,1.0274789
Sulf 38:1;2,Sulf,SL,NA,38,1,2,,NA,NA,NA,NA,NA,NA,NA,NA,NA,NA,NA,NA,NA,NA,NA,0.223116314,0.462348732,0.532813924,0.641853048,0.63916922,0.388697451,2.040074539,1.014089779,1.478319053
Sulf 38:1;3,Sulf,SL,NA,38,1,3,,NA,NA,NA,NA,NA,NA,NA,NA,NA,NA,NA,NA,NA,NA,NA,0.340668014,0.654989085,0.62581279,0.769772022,0.65702604,0.384765233,1.584760082,1.142351283,1.584202052
Sulf 40:0;2,Sulf,SL,NA,40,0,2,,NA,NA,NA,NA,NA,NA,NA,NA,NA,NA,NA,NA,NA,NA,NA,NA,NA,NA,NA,NA,NA,0.135545767,0.078272003,0.080401912
Sulf 40:0;3,Sulf,SL,NA,40,0,3,,NA,NA,NA,NA,NA,NA,NA,NA,NA,NA,NA,NA,NA,NA,NA,0.087201298,0.171816979,0.152941208,0.14891844,0.192794807,0.118689695,0.551044781,0.363595644,0.46106032
Sulf 40:1;2,Sulf,SL,NA,40,1,2,,0.281680462,0.267730933,0.319154215,NA,NA,NA,NA,NA,NA,NA,NA,NA,NA,NA,NA,0.784230451,2.08832513,1.904506477,2.462301565,2.847420085,1.634695176,11.04232268,5.456181041,7.452967927
Sulf 40:1;3,Sulf,SL,NA,40,1,3,,0.283906449,0.257751929,0.18559297,NA,NA,NA,NA,NA,NA,NA,NA,NA,NA,NA,NA,1.669674947,3.712693158,3.032702416,4.042258347,3.739693864,2.114136458,11.9943089,7.876569394,10.52380872
Sulf 40:2;2,Sulf,SL,NA,40,2,2,,NA,NA,NA,NA,NA,NA,NA,NA,NA,NA,NA,NA,NA,NA,NA,0.086597052,0.239182785,0.177371931,0.266222429,0.339907068,0.138721406,1.316646294,0.493224062,0.762759168
Sulf 40:2;3,Sulf,SL,NA,40,2,3,,NA,NA,NA,NA,NA,NA,NA,NA,NA,NA,NA,NA,NA,NA,NA,0.073835956,0.145336452,0.10780701,0.153012847,0.148292789,0.077066945,0.438701067,0.214530463,0.343199415
Sulf 42:1;2,Sulf,SL,NA,42,1,2,,0.227929657,0.212806825,0.531280313,NA,NA,NA,NA,NA,NA,NA,NA,NA,NA,NA,NA,1.27521755,2.6684043,3.603661467,5.036679717,4.418848606,3.304133981,20.37193225,10.68532487,14.21459823
Sulf 42:1;3,Sulf,SL,NA,42,1,3,,NA,NA,NA,NA,NA,NA,NA,NA,NA,NA,NA,NA,NA,NA,NA,1.255916214,2.927674992,2.411179256,3.410942147,3.513528748,1.968269264,11.89414375,8.028392264,10.81490676
Sulf 42:2;2,Sulf,SL,NA,42,2,2,,0.331798049,0.337558146,0.36085551,NA,NA,NA,NA,NA,NA,NA,NA,NA,NA,NA,NA,2.515279505,7.173366288,5.402040328,7.094459306,9.420250705,4.448101959,30.28145007,15.18687177,21.16072171
Sulf 42:2;3,Sulf,SL,NA,42,2,3,,NA,NA,NA,NA,NA,NA,NA,NA,NA,NA,NA,NA,NA,NA,NA,0.501570032,1.1227461,0.73923588,1.055724181,1.165025449,0.524006414,2.800944507,1.617737291,2.327602989
TAG 46:0;0,TAG,GL,NA,46,0,0,,2.35078001,2.222090006,NA,NA,NA,NA,NA,NA,NA,NA,NA,NA,NA,NA,NA,NA,NA,NA,NA,NA,NA,NA,NA,NA
TAG 48:0;0,TAG,GL,NA,48,0,0,,3.262399912,5.955369949,2.538660049,NA,NA,NA,NA,NA,NA,NA,NA,NA,NA,NA,NA,NA,NA,NA,NA,NA,NA,NA,NA,NA
TAG 48:1;0,TAG,GL,NA,48,1,0,,7.836820126,9.462880135,3.844589949,NA,NA,NA,NA,NA,NA,0.617855012,NA,2.840009928,NA,NA,NA,NA,NA,NA,1.247310042,2.097059965,NA,NA,NA,NA
TAG 48:2;0,TAG,GL,NA,48,2,0,,3.897079945,4.947219849,1.602380037,NA,NA,NA,NA,NA,NA,NA,NA,NA,NA,NA,NA,NA,NA,NA,NA,NA,NA,NA,NA,NA
TAG 50:1;0,TAG,GL,NA,50,1,0,,10.36499977,10.45829964,5.306069851,2.128599882,2.962939978,1.789690018,1.430299997,2.964540005,1.480890036,0.999557972,1.162700057,4.988200188,0.660268009,1.576769948,1.456570029,NA,1.559890032,1.210719943,2.273799896,2.842499971,1.68445003,7.334660053,1.104310036,2.340830088
TAG 50:2;0,TAG,GL,NA,50,2,0,,8.796050072,9.636529922,3.764339924,0.916558027,2.254559994,NA,1.350919962,2.435499907,1.154889941,NA,1.616950035,3.502660036,NA,NA,NA,NA,1.283589959,1.016549945,1.26154995,2.559360027,NA,7.286699772,1.07814002,2.568010092
TAG 52:1;0,TAG,GL,NA,52,1,0,,NA,NA,NA,NA,NA,NA,NA,NA,NA,NA,NA,NA,NA,NA,NA,NA,NA,NA,0.949315012,NA,1.29113996,NA,NA,NA
TAG 52:2;0,TAG,GL,NA,52,2,0,,6.85574007,7.498219967,3.630599976,2.26651001,4.168960094,2.232359886,1.41407001,2.622240067,NA,NA,NA,NA,NA,NA,NA,NA,1.51391995,1.48063004,2.065020084,3.682940006,3.744210005,6.583879948,1.939280033,3.678450108
TAG 52:3;0,TAG,GL,NA,52,3,0,,3.928380013,3.814939976,2.017570019,NA,1.498999953,0.798828006,NA,NA,NA,0.724906981,NA,1.916689992,NA,NA,NA,NA,NA,NA,1.284540057,1.863710046,NA,3.620100021,0.84582001,1.178230047
TAG 52:4;0,TAG,GL,NA,52,4,0,,2.294049978,2.593869925,NA,NA,NA,NA,NA,NA,NA,NA,NA,NA,NA,NA,NA,NA,NA,NA,NA,NA,NA,NA,NA,NA
TAG 54:2;0,TAG,GL,NA,54,2,0,,NA,NA,NA,NA,NA,NA,NA,NA,NA,NA,NA,NA,NA,NA,NA,NA,NA,NA,NA,1.593199968,1.075639963,2.740550041,NA,1.407870054
TAG 54:3;0,TAG,GL,NA,54,3,0,,1.86056006,1.807150006,NA,1.443189979,2.171750069,1.261980057,NA,NA,NA,NA,NA,NA,NA,NA,NA,NA,NA,NA,NA,1.544420004,3.660360098,3.063270092,1.136070013,1.865929961
TAG 54:4;0,TAG,GL,NA,54,4,0,,2.980410099,3.430979967,NA,NA,NA,NA,NA,NA,NA,NA,NA,NA,NA,NA,NA,NA,NA,NA,NA,NA,NA,NA,NA,NA
TAG 54:5;0,TAG,GL,NA,54,5,0,,4.588429928,5.863059998,NA,NA,NA,NA,NA,NA,NA,NA,NA,NA,NA,NA,NA,NA,NA,NA,NA,NA,NA,NA,NA,NA
TAG 54:6;0,TAG,GL,NA,54,6,0,,5.618080139,6.523779869,1.775820017,NA,NA,NA,NA,NA,NA,NA,NA,NA,NA,NA,NA,NA,NA,NA,NA,NA,NA,NA,NA,NA
TAG 54:7;0,TAG,GL,NA,54,7,0,,3.243969917,3.475159883,NA,NA,NA,NA,NA,NA,NA,NA,NA,NA,NA,NA,NA,NA,NA,NA,NA,NA,NA,NA,NA,NA
TAG 56:5;0,TAG,GL,NA,56,5,0,,NA,3.143320084,1.661380053,NA,NA,NA,NA,NA,NA,NA,NA,NA,NA,NA,NA,NA,NA,NA,NA,NA,NA,NA,NA,NA
TAG 56:6;0,TAG,GL,NA,56,6,0,,4.267340183,6.079750061,NA,NA,NA,NA,NA,NA,NA,NA,NA,NA,NA,NA,NA,NA,NA,NA,NA,NA,NA,NA,NA,NA
TAG 56:7;0,TAG,GL,NA,56,7,0,,5.58795023,NA,1.542850018,NA,NA,NA,NA,NA,NA,NA,NA,NA,NA,NA,NA,NA,NA,NA,NA,NA,NA,NA,NA,NA