Polarity,Alignment.ID,Peak.color.code,Average.Rt.min.,Average.Mz,Metabolite.name,Metabolite,Adduct.type,Post.curation.result,Fill..,MS.MS.assigned,Reference.RT,Reference.m.z,Formula,Ontology,INCHIKEY,SMILES,Annotation.tag..VS1.0.,RT.matched,m.z.matched,MS.MS.matched,Comment,Manually.modified.for.quantification,Manually.modified.for.annotation,Isotope.tracking.parent.ID,Isotope.tracking.weight.number,RT.similarity,m.z.similarity,Simple.dot.product,Weighted.dot.product,Reverse.dot.product,Matched.peaks.count,Matched.peaks.percentage,Total.score,S.N.average,Spectrum.reference.file.name,MS1.isotopic.spectrum,MS.MS.spectrum,O3_A,O3_E,O3_F,O3_M,O3_N,O3_P,O5_A,O5_E,O5_F,O5_M,O5_N,O5_P,O7_A,O7_E,O7_F,O7_M,O7_N,O7_P,O8_A,O8_E,O8_F,O8_M,O8_N,O8_P,PBS_1,PBS_2,PBS_3,QC_1,QC_2,QC_3,QC_4,Y3_A,Y3_E,Y3_F,Y3_M,Y3_N,Y3_P,Y4_A,Y4_E,Y4_F,Y4_M,Y4_N,Y4_P,Y5_A,Y5_E,Y5_F,Y5_M,Y5_N,Y5_P,Y6_A,Y6_E,Y6_F,Y6_M,Y6_N,Y6_P,X1,X1.1,ppm
Neg,1796,Orange,2.079,502.29538,LPE 20:3b,LPE 20:3,[M-H]-,null,0.18,TRUE,6.303,502.29391,C25H46NO7P,LPE,UEONHLLDVDPRRN-UHFFFAOYSA-N,O=C(OCC(O)COP(=O)(O)OCCN)CCCCCCCCCC=CCC=CCC=CCC,410,FALSE,TRUE,TRUE,Normalized unit: Intensity; Annotation method: Msp20250218112233_NCDK_conventional_converted_dev_1,FALSE,FALSE,1796,0,0,0.99,0.37,0.68,0.63,5,2,2.28,65685.23,O3_F,502.29529:144901 503.29996:38795 504.30462:0,75.25433:2771 75.66020:2443 79.22073:2081 80.09881:2085 96.15446:2299 125.60685:2779 151.31892:2253 165.60249:2680 168.04170:2605 229.32927:2422 229.40173:2326 279.32278:3095 287.19974:2702 305.24875:49078 434.30499:2869,543205,193956,2056766,113116,760014,397186,456063,463117,561486,304507,1111114,631171,110266,467736,764479,200242,230362,338252,183122,173384,585889,47313,564219,34117,0,0,0,369189,472803,1288846,505819,641584,338177,1209476,315335,3701405,267551,261425,333562,1289886,271902,573540,707891,506316,462908,430243,610453,1335295,1092593,790133,285151,927685,531807,411422,370924,574443.6385,584085.7887,2.926573408
Pos,6344,Orange,1.708,508.34189,LPC 17:1a,LPC 17:1,[M+H]+,null,0.29,TRUE,5.871,508.33981,C25H50NO7P,LPC,LPMGFNAQZPADDZ-UHFFFAOYSA-N,O=C(OCC(O)COP(=O)([O-])OCC[N+](C)(C)C)CCCCCCCC=CCCCCCCC,410,FALSE,TRUE,TRUE,Normalized unit: Intensity; Annotation method: Msp20250218112233_NCDK_conventional_converted_dev_1,FALSE,FALSE,6344,0,0,0.98,0.59,0.55,0.61,3,2,2.28,78.58,Y4_N,508.34177:252384 509.34643:60019 510.35110:9981,75.30121:2336 78.60057:2305 96.43275:2283 126.19498:2891 130.96101:2658 130.99825:2509 181.73207:2759 184.07341:86322 198.08746:2287 202.90819:2605 397.93350:2875 428.49094:2757 508.33066:3184,552876,900180,788391,362405,1274798,651042,873089,1161606,1289870,572133,1077446,798243,576744,836854,1373573,536936,923362,611126,358385,585289,859897,283303,1015815,494565,31342,44531,12214,688050,706580,1102958,939671,650826,1456347,1518813,689595,2379400,915670,731018,830451,1918015,736513,1485262,696943,804199,1272687,1713464,622654,1364443,854719,708760,1059971,1132564,635568,1240978,746269,880880.0229,446666.6781,4.091751146
Pos,13711,Orange,12.38,720.55646,PC 31:0|PC 15:0_16:0b,PC 15:0_16:0,[M+H]+,null,0.11,TRUE,9.157,720.55377,C39H78NO8P,PC,LLHISNQVRRYJGL-UHFFFAOYSA-N,O=C(OCC(OC(=O)CCCCCCCCCCCCCCC)COP(=O)([O-])OCC[N+](C)(C)C)CCCCCCCCCCCCCC,410,FALSE,TRUE,TRUE,Normalized unit: Intensity; Annotation method: Msp20250218112233_NCDK_conventional_converted_dev_1,FALSE,FALSE,13711,0,0,1,0.66,0.85,0.41,6,2,2.28,27.25,O3_E,720.55505:121825 721.55972:54279 722.56439:0,75.29096:43262 75.77544:35533 78.32001:34693 79.51426:38275 80.36774:37739 86.09639:2407668 87.35117:34729 87.35653:39086 98.98407:260713 103.58260:36365 104.10700:293576 124.99981:1120575 184.07338:49063696 228.38141:41310 288.38846:45470 322.44150:38282 332.12405:37041 413.64566:49421 468.72162:47896 478.33044:53612 482.32376:53043 496.33954:66344 499.42764:46418 720.55530:52903,2808347,2198483,2959762,785354,4423836,2815523,4055660,4228509,1179454,4252371,4128805,4218699,373151,2038659,3652636,1406637,5011721,2592139,341260,502519,465614,953700,3098358,1564085,15521,25219,12815,4862856,3370485,432546,3007957,1505689,3799788,4355782,4446692,2749091,3852634,2458501,3655173,2308609,2608268,7097320,3616683,4962167,5205463,3395686,5815792,5148851,618149,2493823,4079702,4907927,4026655,2331399,3557097,2923265.867,1697157.174,3.733239783
Pos,14046,Orange,10.399,730.53278,PC 32:2|PC 16:1_16:1a,PC 16:1_16:1,[M+H]+,null,0.25,TRUE,8.558,730.53809,C40H76NO8P,PC,GPWHCUUIQMGELX-UHFFFAOYSA-N,O=C(OCC(OC(=O)CCCCCCCC=CCCCCCC)COP(=O)([O-])OCC[N+](C)(C)C)CCCCCCCC=CCCCCCC,410,FALSE,TRUE,TRUE,Normalized unit: Intensity; Annotation method: Msp20250218112233_NCDK_conventional_converted_dev_1,FALSE,FALSE,14046,0,0,0.92,0.71,0.84,0.49,4,2,2.29,50.07,O5_F,730.53229:32961 731.53696:0 732.54162:0,83.69465:3337 84.73823:3035 86.09637:214501 86.43955:3501 91.82693:3067 92.23138:8952 93.14092:3214 98.98407:8476 104.10704:32727 112.89616:3221 124.99981:116122 144.51501:3290 178.71159:3653 184.07339:4013844 240.15576:3753 240.96753:4772 249.30473:3392 261.65366:3383 285.53922:3367 303.42670:3832 474.30234:3870 475.94815:4941 476.31476:6726 494.32278:7987 508.79944:3715 690.78186:4747 730.53900:14824,227037,249219,92989,242271,1176847,457931,705444,1261934,179167,577423,420146,344836,109605,674494,257335,279937,691066,449236,173415,305046,91976,0,455808,91255,0,0,0,801236,469954,644247,488464,596173,887157,450536,399255,1785738,321176,406503,620693,666852,311407,1444346,233665,824527,1064488,178552,1550686,2292272,534968,195172,571521,318353,1071604,1135627,174076,544612.0981,473815.0008,7.268614837
Pos,14354,Orange,10.334,738.50519,PE 36:5|PE 16:1_20:4a,PE 16:1_20:4,[M+H]+,null,0.16,TRUE,8.737,738.50677,C41H72NO8P,PE,CXGZFWPMXPAZEA-UHFFFAOYSA-N,O=C(OCC(OC(=O)CCCCCCC=CCC=CCC=CCC=CCC)COP(=O)(O)OCCN)CCCCCCCC=CCCCCCC,410,FALSE,TRUE,TRUE,Normalized unit: Intensity; Annotation method: Msp20250218112233_NCDK_conventional_converted_dev_1,FALSE,FALSE,14354,0,0,1,0.15,0.27,0.7,4,2,2.18,52.94,O3_A,738.50592:52004 739.51059:0 740.51526:73618,77.60105:3191 79.05412:18185 80.31828:2899 81.06993:32349 83.08546:16997 84.14724:3140 84.82598:2829 85.06488:3288 91.05421:22272 93.06979:20798 94.08089:3056 95.08548:30503 97.06472:3748 97.10120:8027 103.74123:3320 104.26545:3265 105.06979:17221 107.08537:15399 109.10119:12770 117.06963:4979 119.08559:20178 121.10113:22252 123.11686:3562 124.14349:3417 131.08556:7562 133.10104:18320 135.11688:22546 137.13292:3758 145.10114:5344 147.11684:5429 149.13284:13676 157.09369:3579 157.10088:4110 163.14842:3556 171.11678:4662 175.14841:4247 175.49211:3790 181.66780:3743 183.42889:3332 199.04846:3111 203.17941:22641 213.16354:4202 213.70941:3313 219.21082:3693 231.83876:3416 237.22159:13097 239.14078:3389 243.31897:3361 269.22543:4531 269.39133:3146 280.26285:4116 287.23584:3748 311.25803:141662 330.27835:7224 351.68045:3997 361.27261:4614 365.26843:4552 377.21674:3955 514.32672:3901 597.48840:100755 608.03119:3711 622.77856:4283,754741,165679,3040978,368811,704250,463308,1219824,902197,1484817,988914,917021,1014188,659388,875394,1660897,412335,824744,1233588,1092856,1026512,1155514,159523,311727,260975,0,0,68639,1701713,1421898,1290704,1081651,606493,536049,2624056,643925,882955,472016,598662,1026444,3368753,791617,1881853,639524,639037,1055040,1741000,2438610,1907639,1007868,342146,766471,1426241,560449,1178299,901640,1005446.775,707267.1123,2.13945229
Pos,14987,Orange,9.194,756.55542,PC 34:3|PC 16:1_18:2a,PC 16:1_18:2,[M+H]+,null,0.15,TRUE,8.785,756.55377,C42H78NO8P,PC,WWRDYQGDVGTJLY-UHFFFAOYSA-N,O=C(OCC(OC(=O)CCCCCCCCCCCCC=CCC=CCC=CCCCCCCC)COP(=O)([O-])OCC[N+](C)(C)C)CCCCC,420,FALSE,TRUE,TRUE,Normalized unit: Intensity; Annotation method: Msp20250218112233_NCDK_conventional_converted_dev_1,FALSE,FALSE,14987,0,0,0.99,0.62,0.83,0.41,6,1,1.63,1233.26,Y5_F,756.55536:4725007 757.56003:2218332 758.56469:634036,76.22927:3277 82.09620:3488 82.82846:3263 86.09648:99260 88.87408:3160 92.23095:11542 104.10686:8221 114.76423:3844 123.00052:3932 124.99992:40187 138.88315:3454 154.19055:3447 155.75311:3175 162.95609:28089 164.93274:3438 184.07350:1585490 229.50441:3765 267.98520:3381 268.17242:3347 327.15411:4139 407.46765:3646 410.08978:3758 431.63138:4234 756.54871:7041,12319455,7505457,54892333,9666875,3572222,2548185,3589123,8231116,76212764,5736802,4286989,9004621,8537683,7009301,48896557,12664541,18906723,5691361,3282014,6387868,48582173,7227199,2897072,6073533,0,0,0,19142174,10542757,19388538,21873025,6909202,11339858,44141965,8935709,32281433,17355805,19169470,9976533,65396150,6280246,16128250,11040080,2991204,53909133,46251742,3935435,9495220,6340299,6481551,9053571,71589205,4521605,19304109,2655193,16911844.15,19289037.34,2.180942142
Pos,14991,Orange,9.068,756.55621,PC 34:3|PC 16:1_18:2c,PC 16:1_18:2,[M+H]+,null,0.09,TRUE,8.785,756.55377,C42H78NO8P,PC,WWRDYQGDVGTJLY-UHFFFAOYSA-N,O=C(OCC(OC(=O)CCCCCCCCCCCCC=CCC=CCC=CCCCCCCC)COP(=O)([O-])OCC[N+](C)(C)C)CCCCC,420,FALSE,TRUE,TRUE,Normalized unit: Intensity; Annotation method: Msp20250218112233_NCDK_conventional_converted_dev_1,FALSE,FALSE,14991,0,0,0.99,0.63,0.84,0.39,6,1,1.62,726.68,Y6_E,756.55603:2906816 757.56070:1262889 758.56537:377231,86.09642:113985 98.98405:7524 104.10660:12336 124.99982:47237 184.07338:1958717 230.59254:3660 250.30258:3960 265.99640:3683 267.85056:3375 278.54514:3822 469.15027:3900 470.41583:4608 684.41150:3965 725.11426:4082 756.55402:4946,3101393,31799303,5136383,4708629,17342125,7981760,13643017,46988389,7101138,8313298,7366576,8812325,4088143,35415137,6109053,3791288,5198730,13571813,5846401,23046614,5348989,2533175,12252820,6073533,0,0,0,4871072,7280261,19388538,7333503,6909202,57052425,4917361,3289447,14790773,7816163,19169470,47799197,6285469,6280246,11280237,2928267,15828913,53909133,5417357,8465197,26195144,7746357,6481551,41563662,5332739,4645275,7043831,6947819,12773429.82,13837104.92,3.225150805
Pos,15141,Orange,12.334,760.5874,PC 34:1|PC 16:0_18:1a,PC 16:0_18:1,[M+H]+,null,0.04,TRUE,9.682,760.58508,C42H82NO8P,PC,WTJKGGKOPKCXLL-UHFFFAOYSA-N,O=C(OCC(OC(=O)CCCCCCCC=CCCCCCCCC)COP(=O)([O-])OCC[N+](C)(C)C)CCCCCCCCCCCCCCC,420,FALSE,TRUE,TRUE,Normalized unit: Intensity; Annotation method: Msp20250218112233_NCDK_conventional_converted_dev_1,FALSE,FALSE,15141,0,0,0.99,0.64,0.81,0.43,6,1,1.63,536.2,Y3_F,760.58740:7206624 761.59207:3342657 762.59674:794018,86.09639:165785 92.23118:12649 92.44224:3680 98.98395:7914 101.61411:3752 103.42248:3695 104.10690:22668 110.60877:3583 110.68405:3547 117.84423:3161 124.99979:67799 167.26202:3446 184.07338:2865858 205.91608:4300 225.56134:4332 235.78758:3274 250.71385:4126 262.45688:3931 270.70615:3834 273.22949:4162 298.77261:3575 463.69110:3612 496.33853:5209 592.65527:3859 619.55719:39255 633.10101:4256 760.58575:14691,28903149,19718923,106852926,18219596,133149742,26849413,139507429,28198439,140215403,26861452,37817489,34855601,28496772,30436944,41560710,22460137,41907507,34526190,21887062,20097865,24839185,13520653,32355687,18622583,104201,80908,117686,90028870,39062502,31119356,31088203,33339813,31429711,167134709,22611706,57990959,31155657,33346379,27833334,248758176,17930777,192887413,105905168,34399244,37255692,163438579,38234441,62781828,80350369,26710783,23477124,155002040,24797753,50951050,33583268,53904882.81,53509100.56,3.050283342
Pos,16052,Orange,9.476,782.57117,PC 36:4|PC 16:1_20:3,PC 16:1_20:3,[M+H]+,null,0.58,TRUE,8.778,782.5694,C44H80NO8P,PC,FVXDQWZBHIXIEJ-UHFFFAOYSA-N,O=C(OCC(OC(=O)CCCCCCCC=CCC=CCCCCC)COP(=O)([O-])OCC[N+](C)(C)C)CCCCCCCC=CCC=CCCCCC,420,FALSE,TRUE,TRUE,Normalized unit: Intensity; Annotation method: Msp20250218112233_NCDK_conventional_converted_dev_1,FALSE,FALSE,16052,0,0,0.99,0.68,0.84,0.47,4,1,1.67,382.21,Y4_N,782.57117:8162970 783.57583:3698046 784.58050:987217,77.15753:3303 78.28724:3371 86.09641:186157 91.67894:3643 98.98392:7549 104.10687:15703 110.38535:3722 120.96617:7715 121.41747:3803 124.99991:78930 145.40962:5046 161.76550:4324 164.00835:21027 184.07343:3128365 185.07632:3780 223.20206:3411 257.46295:4032 257.47705:3922 274.29517:3810 295.98264:3817 311.90820:3799 314.00702:3786 352.48041:4133 395.62433:4957 517.99646:4176 641.48871:8217 695.52094:8016 704.90320:4963 739.46655:15441 782.56580:18292,15752994,9418176,10094385,21406033,39091502,17228335,27706467,89456887,14062000,40248701,26898268,26331389,19928196,31845413,13561587,38471199,38018269,20343424,9715487,13397872,1899033,14593319,22668486,8145917,0,0,0,31113464,33638380,32507325,32364436,27124555,100373390,19663794,49992989,75055941,32147851,26280675,29988411,24037324,28549333,74124406,28055833,34222493,45867471,15155580,68591146,64436727,31103998,20281014,16666725,15954128,45422816,47757293,25869254,29938728.91,21322566.98,2.261780233
Neg,1795,Yellow,2.206,502.2952,LPE 20:3a,LPE 20:3,[M-H]-,null,0.78,TRUE,6.303,502.29391,C25H46NO7P,LPE,UEONHLLDVDPRRN-UHFFFAOYSA-N,O=C(OCC(O)COP(=O)(O)OCCN)CCCCCCCCCC=CCC=CCC=CCC,410,FALSE,TRUE,TRUE,Normalized unit: Intensity; Annotation method: Msp20250218112233_NCDK_conventional_converted_dev_1,FALSE,FALSE,1795,0,0,0.99,0.77,0.83,0.88,5,2,2.5,88745.61,Y5_N,502.29520:448730 503.29986:128486 504.30453:15407,75.32049:2144 78.95911:2751 91.76325:2440 92.40514:2441 98.63612:2424 100.86765:2408 109.05356:2341 142.21732:2381 196.03802:27078 208.68974:2672 223.03490:2475 261.25952:4116 305.24884:180763 310.47684:2527 348.50986:2575 360.52112:2781 401.66278:2807 502.29514:10144,543205,746616,2056766,323340,2459554,1521030,1468244,1811970,671547,578750,613303,631171,554150,357222,551932,599956,1129292,1242373,281267,337898,579691,61621,1710390,261415,0,0,0,1281935,1746528,1288179,1700454,2218389,1182856,2304896,1028543,2063008,823558,476773,497820,1745631,778983,2177557,701637,1328138,1183706,1268025,2607546,4938798,601126,790133,495673,996469,2160522,1895026,949882,1133172.577,870853.2119,2.568217481
Neg,3557,Yellow,8.993,732.48322,PS 32:1|PS 16:0_16:1,PS 16:0_16:1,[M-H]-,null,0.78,TRUE,8.107,732.48212,C38H72NO10P,PS,SQYNOJCBJMSMAA-UHFFFAOYSA-N,O=C(OCC(OC(=O)CCCCCCCC=CCCCCCC)COP(=O)(O)OCC(N)C(=O)O)CCCCCCCCCCCCCCC,410,FALSE,TRUE,TRUE,Normalized unit: Intensity; Annotation method: Msp20250218112233_NCDK_conventional_converted_dev_1,FALSE,FALSE,3557,0,0,1,0.4,0.53,0.63,8,2,2.25,94737.45,O7_E,732.48315:139397 733.48782:21113 734.49249:0,75.59835:2694 78.95902:7432 85.45073:3974 89.93661:3273 92.23511:7436 102.37970:3125 104.82396:3121 132.70706:3211 152.99579:15898 179.95180:2920 184.97849:3719 201.99883:3522 220.42097:3626 253.21722:23324 255.23326:46041 313.42557:3338 387.87527:3529 389.21222:4640 391.22586:17739 409.23654:5673 449.47385:3696 473.28113:3356 518.38373:3630 595.39026:4168 625.01343:3750 645.44910:5069,965288,1162371,709675,1086708,2451835,855949,743934,1964548,1187250,2020691,1377619,1822556,1179531,1850108,1286513,1435064,1570931,458571,640289,1199070,619931,547554,1136670,339480,0,0,0,1657873,1705695,1536079,1507897,829098,2406639,1085495,1918201,2361352,1122998,1500851,1937484,1810200,1030689,2805443,1035011,1087482,2150119,1813071,2031621,2047902,1614828,457261,1422060,1728202,1795746,1577417,810435,1334532.459,643938.402,1.501743141
Neg,3702,Yellow,8.39,745.50531,PG 34:2|PG 16:1_18:1,PG 16:1_18:1,[M-H]-,null,0.16,TRUE,8.056,745.5025,C40H75O10P,PG,VCYYBLIRAQBPTM-UHFFFAOYSA-N,O=C(OCC(OC(=O)CCCCCCCC=CCCCCCCCC)COP(=O)(O)OCC(O)CO)CCCCCCCC=CCCCCCC,410,FALSE,TRUE,TRUE,Normalized unit: Intensity; Annotation method: Msp20250218112233_NCDK_conventional_converted_dev_1,FALSE,FALSE,3702,0,0,0.98,0.68,0.85,0.82,7,2,2.46,147404.8,Y3_F,745.50531:258882 746.50998:110453 747.51465:0,78.32423:3457 91.06112:2948 117.66009:3479 120.75393:3843 152.99556:6065 160.79532:3708 202.33871:3483 207.41432:3184 213.26663:3393 233.88666:3704 253.21761:79705 267.23267:6589 281.24866:91317 316.95251:3477 472.32373:4049 745.50446:28910,825358,1503753,3207318,864668,2461425,1522713,1638535,2837690,4377454,1923162,1701258,1755469,1004857,2665142,3894835,1971039,1678611,1648141,956959,2145450,3286769,1309655,2034092,1172751,0,0,0,1757847,2468225,2057858,2220255,1351026,3356851,5503186,1804593,3498032,1379976,1158977,2336471,6610989,541697,2862340,1372413,1356818,3011153,4906419,2314248,3867673,1606280,827332,1778946,4327203,1688823,2520253,1055612,2144156.319,1333954.563,3.769269721
Neg,3708,Yellow,9.664,746.50177,PS 33:1|PS 16:0_17:1,PS 16:0_17:1,[M-H]-,null,0.09,TRUE,8.3,746.4978,C39H74NO10P,PS,FKPVIHZCEKQRBR-UHFFFAOYSA-N,O=C(OCC(OC(=O)CCCCCCCC=CCCCCCCC)COP(=O)(O)OCC(N)C(=O)O)CCCCCCCCCCCCCCC,410,FALSE,TRUE,TRUE,Normalized unit: Intensity; Annotation method: Msp20250218112233_NCDK_conventional_converted_dev_1,FALSE,FALSE,3708,0,0,0.96,0.3,0.41,0.64,8,2,2.19,234108.8,Y6_N,746.50214:314692 747.50680:152701 748.51147:0,78.95902:26048 102.60338:3298 105.14907:3288 123.46380:3332 136.91565:3168 140.01202:3433 152.99579:56314 179.39313:3526 196.03799:4195 203.18082:3877 207.04095:3519 213.05208:3390 241.21809:6526 253.21793:7269 255.23315:92881 257.22778:25858 261.56345:3468 267.23328:39105 269.24875:8091 281.24902:7731 301.21744:89877 303.23306:18929 391.22607:29172 403.22577:4581 409.23618:19252 462.29959:17622 659.46576:12923,486527,1166176,89190,485650,221008,156610,0,788885,74309,243209,53876,141283,390640,1388174,380428,239234,132471,108239,0,225430,56667,82380,58707,89959,0,0,0,398577,816673,511340,578768,57355,3482719,0,555400,3578225,1677589,299046,2458149,89113,308730,3432728,172221,46433,3672236,2888491,244555,960457,593592,63116,2817058,1609386,65534,3329375,569238,769730.1434,1097628.609,5.318167046
Neg,3721,Yellow,10.308,747.52142,PG 34:1|PG 16:0_18:1,PG 16:0_18:1,[M-H]-,null,0.53,TRUE,8.457,747.51819,C40H77O10P,PG,PAZGBAOHGQRCBP-UHFFFAOYSA-N,O=C(OCC(OC(=O)CCCCCCCC=CCCCCCCCC)COP(=O)(O)OCC(O)CO)CCCCCCCCCCCCCCC,410,FALSE,TRUE,TRUE,Normalized unit: Intensity; Annotation method: Msp20250218112233_NCDK_conventional_converted_dev_1,FALSE,FALSE,3721,0,0,0.98,0.67,0.81,0.76,7,2,2.42,658880.6,QC_2,747.52130:1024596 748.52597:445413 749.53064:143751,76.86766:2827 89.11094:3627 94.76775:2965 121.68885:3932 131.20818:3636 152.99577:13582 200.45047:3392 209.38680:3579 255.23340:69205 279.71130:3404 281.24872:154797 286.41464:3251 403.39423:4268 584.77472:3806 747.51831:21726,7869965,6947178,7995986,6984681,10584866,7029351,8028881,7986900,9899089,7938952,8356036,10875070,9093631,7186428,10779055,10502719,9382399,7232189,5104399,3930391,6610881,5558474,5634644,5124562,0,0,0,10527950,9365482,8933172,9229309,8719847,12584844,11786448,10794649,13253120,11822556,10441792,8559368,14460012,6411217,31686327,12578864,10931259,9545433,12048078,10917761,9777489,14164805,10003183,7174511,10536775,8369827,11987622,7865913,9111169.848,4397434.21,4.320965086
Neg,4066,Yellow,9.574,772.51599,PS 35:2|PS 17:1_18:1,PS 17:1_18:1,[M-H]-,null,0.64,TRUE,8.35,772.51343,C41H76NO10P,PS,BPCOZOSKDOGMMI-UHFFFAOYSA-N,O=C(OCC(OC(=O)CCCCCCCC=CCCCCCCCC)COP(=O)(O)OCC(N)C(=O)O)CCCCCCCC=CCCCCCCC,410,FALSE,TRUE,TRUE,Normalized unit: Intensity; Annotation method: Msp20250218112233_NCDK_conventional_converted_dev_1,FALSE,FALSE,4066,0,0,0.98,0.44,0.61,0.93,8,2,2.4,419117,QC_2,772.51685:511792 773.52151:203379 774.52618:195066,78.95901:5152 80.49747:3097 92.23474:6484 96.38975:3103 118.95576:3493 119.15620:3337 132.38635:3847 139.09384:3575 152.99591:15716 164.19730:3276 203.67070:3668 236.69553:3717 253.21696:14575 255.23323:17868 267.23303:31031 268.96872:4153 279.23291:33309 281.24911:38775 295.60648:4238 403.22528:16136 417.24188:5047 421.23572:5530 462.40714:3568 642.06635:3788 685.48169:17137 772.51587:13374,4919018,1682297,3880113,1155326,6728341,2134448,3025554,5084208,8312080,6040948,5701980,4869219,5218534,5539310,6496402,2684029,6488448,2236581,2067732,1967959,4460640,1428943,3850508,1224294,0,0,0,6399624,6652093,6270677,5654417,3972266,8937186,8887736,6877205,10738525,6474146,7044191,5847469,9501539,2808328,11588017,3754426,3888280,8588547,11872461,3711689,8628084,6766132,3228880,2964879,11819152,2887557,8912866,4492335,5206647.622,3032596.935,3.313858246
Neg,4253,Yellow,9.619,784.51599,PS 36:3|PS 18:1_18:2,PS 18:1_18:2,[M-H]-,null,0.22,TRUE,8.256,784.51343,C42H76NO10P,PS,MWONMGIZXLAUBR-UHFFFAOYSA-N,O=C(OCC(OC(=O)CCCCCCCC=CCC=CCCCCC)COP(=O)(O)OCC(N)C(=O)O)CCCCCCCC=CCCCCCCCC,410,FALSE,TRUE,TRUE,Normalized unit: Intensity; Annotation method: Msp20250218112233_NCDK_conventional_converted_dev_1,FALSE,FALSE,4253,0,0,0.99,0.12,0.25,0.81,8,2,2.2,195060.6,Y4_E,784.51575:282214 785.52041:135323 786.52508:0,75.09023:2853 88.27170:3306 91.69821:3744 103.85950:3277 109.75857:3218 111.17659:3013 111.90589:3839 113.19175:2862 113.42975:3776 131.97701:3258 136.05899:3437 152.99573:13738 192.06622:3419 196.85669:3479 216.26695:3718 225.68721:3484 250.76689:3460 255.23267:25964 279.23337:5342 281.24823:5949 291.23318:66867 417.24228:5027 510.28015:4320 583.60846:4375 645.30688:3691 697.47931:6688 784.51495:6972,1446587,2591520,213996,2030153,1250519,1206,288914,1153470,1198957,2849452,1644543,1665877,1637393,2082312,650366,2755337,3040970,89168,137265,310735,333518,1083812,597025,456886,0,0,0,2069559,2408957,1764557,1440309,464068,3041186,97743,3808022,3264291,2395688,1678721,3719274,389241,1366097,5969621,1402007,84555,3082541,1837546,1001271,1388843,1324478,1070991,3093022,1603354,1011603,3889755,1256514,1553341.724,1254911.459,3.263169121
Neg,4255,Yellow,9.532,784.51703,PS 36:3|PS 16:0_20:3,PS 16:0_20:3,[M-H]-,null,0.45,TRUE,8.316,784.51343,C42H76NO10P,PS,YOVVAUPTEBUBDZ-UHFFFAOYSA-N,O=C(OCC(OC(=O)CCCCCCCCCC=CCC=CCC=CCC)COP(=O)(O)OCC(N)C(=O)O)CCCCCCCCCCCCCCC,410,FALSE,TRUE,TRUE,Normalized unit: Intensity; Annotation method: Msp20250218112233_NCDK_conventional_converted_dev_1,FALSE,FALSE,4255,0,0,0.97,0.15,0.26,0.47,8,2,2.06,140458,Y3_M,784.51703:373269 785.52170:187391 786.52636:0,75.84280:3062 91.80139:2703 92.23534:3641 98.00254:3326 104.94779:3349 105.06527:3752 119.14135:3119 134.35237:3444 152.99594:5479 169.84503:3861 199.06721:3503 219.17410:3324 238.76616:3252 240.28351:3419 240.38536:3479 255.23338:42814 291.23328:73121 305.24933:5642 356.25470:3890 361.94928:4073 524.77167:4528 697.48517:4596,1446587,2591520,213996,2030153,1370169,150756,300069,1151451,1198957,2849452,1644543,1665877,1637393,2082312,668520,2755337,3030154,89168,137265,315210,333518,1083812,620048,456885,0,0,0,562604,2408957,1764557,1440309,520715,3041186,97743,3808022,3264291,2395688,1678721,3719272,472010,1366097,5969621,1402007,267071,3082541,1837546,1001271,1388843,1324478,1070991,3093022,1603354,1011603,3889755,1256514,1537489.843,1249341.287,4.588831577
Neg,4314,Yellow,12.094,788.54785,PS 36:1|PS 18:0_18:1,PS 18:0_18:1,[M-H]-,null,0.29,TRUE,9.017,788.54468,C42H80NO10P,PS,AJFWREUFUPEYII-UHFFFAOYSA-N,O=C(OCC(OC(=O)CCCCCCCC=CCCCCCCCC)COP(=O)(O)OCC(N)C(=O)O)CCCCCCCCCCCCCCCCC,410,FALSE,TRUE,TRUE,Normalized unit: Intensity; Annotation method: Msp20250218112233_NCDK_conventional_converted_dev_1,FALSE,FALSE,4314,0,0,0.98,0.57,0.79,0.69,8,2,2.36,1595706,Y6_N,788.54803:2145400 789.55270:1060284 790.55737:320624,77.78056:3020 78.95907:100083 80.57146:3440 83.94222:3031 96.96965:14902 112.37161:3637 152.99579:245893 156.26950:3744 157.23947:3742 158.88399:3860 164.59653:3451 173.46361:3924 190.95287:4012 269.24927:15103 271.18066:4096 281.24872:209916 283.26447:543396 285.03854:3946 339.46268:3592 405.24164:3872 417.24210:45708 419.25729:178967 429.80777:4199 435.25241:6859 437.26758:81165 518.51849:4440 701.51306:102042,21944602,20151878,24737961,14677138,38030209,19377596,21670678,30452964,38169225,23265376,28543923,31427345,27385932,29515302,37780734,20708536,30148082,19762640,19131789,18808128,24810450,14546413,31509016,17886316,0,0,0,29291297,30122739,28773248,28297598,22455733,32881966,38052042,22018533,41420124,29014212,32346849,25697292,46311047,15183975,38561280,26549208,24306566,31200614,41473822,22141019,36762952,29744592,20192305,21527409,41843058,17909520,34230610,22391908,26093522.75,9900623.176,4.020063898
Neg,4624,Yellow,10.247,808.51324,PS 38:5|PS 18:2_20:3,PS 18:2_20:3,[M-H]-,null,0.62,TRUE,8.401,808.51343,C44H76NO10P,PS,KKVOZGZJWLYYSU-UHFFFAOYSA-N,O=C(OCC(OC(=O)CCCCCCCCCC=CCC=CCC=CCC)COP(=O)(O)OCC(N)C(=O)O)CCCCCCCC=CCC=CCCCCC,410,FALSE,TRUE,TRUE,Normalized unit: Intensity; Annotation method: Msp20250218112233_NCDK_conventional_converted_dev_1,FALSE,FALSE,4624,0,0,1,0.18,0.32,0.64,8,2,2.17,399015.5,O5_N,808.51440:357576 809.51907:162583 810.52374:305887,79.74197:3377 84.14272:3527 85.85279:3135 92.23860:7404 94.10225:3107 94.28313:3269 107.84997:3359 121.28370:3586 121.45091:3506 139.05267:3408 152.99574:15078 155.87589:3517 184.33678:3163 224.35240:3880 274.70111:3983 279.23303:34226 281.24911:60501 305.24994:4955 307.61526:4120 333.54956:3377 417.24130:18931 425.58658:4339 441.62039:3448 457.23077:5080 471.74094:3781 524.04388:3672 544.26752:20963 721.47681:4941 735.51117:3965 808.51288:31284,4335249,3476590,9896902,3672837,8075908,4770883,5540714,7062171,9002174,5195823,4965035,6273810,4495063,5362185,9162033,3872551,4643417,5361333,4046937,4003868,7517912,2832800,5563046,3757013,0,0,0,5468817,6650612,6181937,7147210,5276787,5836023,13015135,4561462,7376544,5743703,5730096,4055154,15662177,4215388,5121715,5704084,6605299,5230650,10774521,6302440,8584771,5841784,4288633,3362352,9597836,5090242,5979738,5052475,5769888.016,2754811.698,0.234999189
Neg,4696,Yellow,11.028,812.54761,PS 38:3|PS 18:0_20:3,PS 18:0_20:3,[M-H]-,null,0.89,TRUE,8.819,812.54468,C44H80NO10P,PS,WHUMBFDYURAXQS-UHFFFAOYSA-N,O=C(OCC(OC(=O)CCCCCCCCCC=CCC=CCC=CCC)COP(=O)(O)OCC(N)C(=O)O)CCCCCCCCCCCCCCCCC,410,FALSE,TRUE,TRUE,Normalized unit: Intensity; Annotation method: Msp20250218112233_NCDK_conventional_converted_dev_1,FALSE,FALSE,4696,0,0,0.99,0.31,0.46,0.53,8,2,2.17,639581.1,O5_P,812.54736:764507 813.55203:398930 814.55670:160448,75.62500:4344 75.77406:3273 76.01104:3720 78.95901:5840 84.35770:3231 84.67353:3114 86.67926:3337 141.24023:3884 146.02206:3222 152.99568:17732 164.12442:3670 177.56567:3682 208.17798:3869 243.08603:3472 269.24844:30570 283.26428:45115 291.23331:25708 303.23248:23470 305.24896:84409 335.56857:3781 386.51321:3742 419.25839:14449 431.42896:3849 566.62683:4212 583.80353:3788 603.03479:4144 725.51093:6458,7976937,9208796,952672,9517140,2856805,1741632,2011520,2023511,9092788,13824930,7206310,8300960,8807680,7399373,4611364,12538112,16484872,1886591,1932350,1319307,2549659,8086040,2647300,4007351,0,0,0,8023656,8475270,8510776,8339365,1806713,11606287,1638387,18448834,14306573,15583696,10801701,15591170,2156464,5968807,31001929,6869269,1759061,10904964,11013844,3573941,3413016,7772813,6060635,13560479,9735455,2904883,19317761,5908223,7491599.513,5976426.891,3.605955552
Neg,5188,Yellow,9.168,845.51996,PI 35:3|PI 16:0_19:3,PI 16:0_19:3,[M-H]-,null,0.38,TRUE,8.154,845.51862,C44H79O13P,PI,BKYMRZNFSPNXHK-UHFFFAOYSA-N,O=C(OCC(OC(=O)CCCCCCCCC=CCC=CCC=CCC)COP(=O)(O)OC1C(O)C(O)C(O)C(O)C1O)CCCCCCCCCCCCCCC,410,FALSE,TRUE,TRUE,Normalized unit: Intensity; Annotation method: Msp20250218112233_NCDK_conventional_converted_dev_1,FALSE,FALSE,5188,0,0,1,0.5,0.72,0.74,9,2,2.37,143121.6,Y6_N,845.51874:299427 846.52341:268490 847.52807:37593,78.87550:3179 81.65776:3334 82.99689:3736 112.69129:3792 152.29224:4423 152.99554:5757 191.94377:4270 241.01164:27632 255.23352:25561 291.23337:44554 369.09369:3926 391.22623:8075 486.93668:4147 553.27802:6506 721.81952:4255 730.67352:4361 845.52094:40459,282471,448022,37684,139578,1276176,82391,324574,1120876,726334,837489,1221088,596559,731398,631454,261287,223086,1536503,49506,0,36789,0,0,510055,38816,0,0,0,603074,1286948,879340,774895,250709,1932134,508875,1080920,3174941,1392620,1006385,1508162,655736,300656,3810019,395895,572518,2124711,1158638,630295,2784186,834301,545470,1307613,918977,312563,2710002,718181,823470.8897,835698.7005,1.584826127
Neg,5354,Yellow,8.567,857.51917,PI 36:4|PI 17:1_19:3,PI 17:1_19:3,[M-H]-,null,0.11,TRUE,8.026,857.51862,C45H79O13P,PI,VUKINMAVSVRUKX-UHFFFAOYSA-N,O=C(OCC(OC(=O)CCCCCCCCC=CCC=CCC=CCC)COP(=O)(O)OC1C(O)C(O)C(O)C(O)C1O)CCCCCCCC=CCCCCCCC,410,FALSE,TRUE,TRUE,Normalized unit: Intensity; Annotation method: Msp20250218112233_NCDK_conventional_converted_dev_1,FALSE,FALSE,5354,0,0,1,0.21,0.53,0.77,9,2,2.27,61616.86,Y3_E,857.51917:185991 858.52383:73401 859.52850:0,85.50124:4126 86.78338:3251 89.99700:2998 92.23885:3173 99.03696:3666 102.05807:3482 102.06144:3446 104.21154:3982 108.80525:3619 114.80406:3053 120.27572:3473 120.97775:4056 130.08054:3299 206.12260:4722 222.06432:4479 228.18742:3657 241.01285:4842 267.23294:4358 281.24942:4692 291.23422:5230 351.15686:3919 739.17676:5993 857.52130:15001,159077,206236,50016,89285,505307,28704,0,503608,34880,356210,432318,373250,258407,403826,4330,185834,504480,98370,35547,0,0,34368,102340,0,0,0,0,343196,357489,187349,288032,186348,829238,173383,538415,998690,526689,489052,613351,396915,81941,756937,219324,243643,893583,429153,392746,900927,518181,153990,523276,415796,0,689487,266794,305096.6615,266637.3205,0.64138549
Neg,5750,Yellow,10.897,887.56921,PI 38:3|PI 18:0_20:3,PI 18:0_20:3,[M-H]-,null,0.29,TRUE,8.733,887.56549,C47H85O13P,PI,GGSSNEAFVQRIHU-UHFFFAOYSA-N,O=C(OCC(OC(=O)CCCCCCCCCC=CCC=CCC=CCC)COP(=O)(O)OC1C(O)C(O)C(O)C(O)C1O)CCCCCCCCCCCCCCCCC,410,FALSE,TRUE,TRUE,Normalized unit: Intensity; Annotation method: Msp20250218112233_NCDK_conventional_converted_dev_1,FALSE,FALSE,5750,0,0,0.98,0.3,0.47,0.69,9,2,2.24,106583.4,Y5_F,887.56921:221839 888.57388:152359 889.57855:27311,87.80439:3880 89.88013:3803 92.23523:4887 95.72437:3904 95.92155:3744 100.08146:3248 102.47384:3451 103.50797:3790 110.16735:3788 145.92757:4319 152.99568:4436 168.10696:4620 169.63924:3647 209.36783:3803 241.01213:17586 283.26431:20636 305.24930:33283 407.47937:3976 419.25653:4826 441.78766:3836 447.45813:4906 492.38364:4666 604.34644:5129 622.74841:4630 652.76514:4560 707.05780:4758 715.68658:4199 835.60419:4795 879.33997:5034 887.56464:27520,1123269,515026,791425,1422764,1109533,338717,448614,527247,2222672,1407353,903930,1362054,1689004,978224,1684321,1154547,1582767,376940,612633,595975,1914022,1102131,1145152,907803,0,0,0,1257339,1608429,1377073,1209990,353209,774556,1762796,1651285,2075503,1475120,1842274,745066,2461166,1162473,1946367,1261876,512854,692847,2645911,693740,1559631,1070470,918410,681553,2990547,588383,1715224,891366,1160756.004,657003.4486,4.191240018
Neg,5881,Yellow,10.9,899.56903,PI 39:4|PI 19:0_20:4,PI 19:0_20:4,[M-H]-,null,0.45,TRUE,8.797,899.56549,C48H85O13P,PI,XVUQPQHEPXKWNS-UHFFFAOYSA-N,O=C(OCC(OC(=O)CCCCCCC=CCC=CCC=CCC=CCC)COP(=O)(O)OC1C(O)C(O)C(O)C(O)C1O)CCCCCCCCCCCCCCCCCC,410,FALSE,TRUE,TRUE,Normalized unit: Intensity; Annotation method: Msp20250218112233_NCDK_conventional_converted_dev_1,FALSE,FALSE,5881,0,0,0.97,0.33,0.56,0.74,9,2,2.28,91229.12,Y3_E,899.56964:228450 900.57431:88966 901.57898:0,82.96926:3614 84.86308:3396 85.71865:3338 87.36806:3504 88.46109:3998 90.51947:3587 94.97114:3221 95.62667:4022 106.87907:3717 109.30024:4369 112.98542:3461 123.34440:4021 126.58573:3720 152.99588:5613 153.30077:4254 184.53828:4529 193.64667:3670 217.60045:3633 241.01221:19263 242.74094:4395 261.80746:4543 297.27994:32956 303.23322:21324 308.93143:4205 340.15335:4586 373.53198:4131 416.65405:4404 433.26956:4729 474.76529:4981 518.51910:4574 595.32404:5472 731.69696:4314 868.64105:4358 899.56866:29498,647692,743626,543776,666012,1137331,307013,377258,968484,1131673,982749,1201211,1223626,1127751,920815,862135,695350,1322879,353105,284169,356335,778163,644945,651422,548288,0,0,0,119179,852517,786207,905886,521969,1609245,930164,1212100,1329589,1437497,1213528,1092074,964001,511477,1166395,1012915,542404,1534206,1656530,585178,970294,1046170,578751,919768,1469683,547170,1402024,628538,836750.2935,414061.5189,3.93523322
Pos,5511,Yellow,2.593,480.34738,LPC O-16:1,LPC O-16:1,[M+H]+,null,0.11,TRUE,6.571,480.34491,C24H50NO6P,EtherLPC,KPOMNOXBHDPKBF-UHFFFAOYSA-N,O=P([O-])(OCC[N+](C)(C)C)OCC(OCCCCCCCCC=CCCCCCC)CO,410,FALSE,TRUE,TRUE,Normalized unit: Intensity; Annotation method: Msp20250218112233_NCDK_conventional_converted_dev_1,FALSE,FALSE,5511,0,0,0.99,0.44,0.51,0.86,5,2,2.35,16.46,O5_N,480.34634:143252 481.35101:35284 482.35568:3282,78.33324:2581 86.09643:4407 87.53474:2304 89.29642:2096 93.63544:2520 104.10681:17378 109.26397:2298 157.20618:2784 183.52435:2329 184.07333:5324 273.31580:2932 276.93845:4293 339.28970:13455 353.84576:2523 472.75510:3236 480.34473:21103,21932,25110,596569,23121,929541,7670,28318,46254,785603,53279,1181938,25426,51898,30776,861328,55273,1461158,10906,22184,16569,567552,29140,907115,17866,1083,2029,0,289182,361849,362110,385896,7568,32928,757482,60869,1048810,28803,85425,35643,817664,64482,1570634,22464,24943,18353,1092907,25146,1000215,35854,29013,42429,790094,58837,915945,11854,322491.5937,441854.8653,5.142138385
Pos,5568,Yellow,1.762,482.32565,LPC 15:0,LPC 15:0,[M+H]+,null,1,TRUE,5.778,482.3241,C23H48NO7P,LPC,RJZVWDTYEWCUAR-UHFFFAOYSA-N,O=C(OCC(O)COP(=O)([O-])OCC[N+](C)(C)C)CCCCCCCCCCCCCC,410,FALSE,TRUE,TRUE,Normalized unit: Intensity; Annotation method: Msp20250218112233_NCDK_conventional_converted_dev_1,FALSE,FALSE,5568,0,0,0.99,0.55,0.65,0.88,3,2,2.42,164.56,Y5_A,482.32571:916004 483.33038:242338 484.33505:46344,76.19032:2431 86.09634:13595 86.45318:2438 92.23063:3072 104.10699:99672 107.99343:2241 132.81117:2138 137.65630:2461 142.75620:2446 169.14574:2691 176.66122:2736 184.07346:159753 213.31773:2769 227.20033:3880 464.31375:12186 482.32416:21281,3972268,5849281,4733358,3430427,9224976,5227920,8538277,9062228,6667689,5590689,7074750,4319386,4383079,5582177,6207189,5232618,8109920,4779657,2673218,4140949,2985582,3342339,6373682,3347272,455890,382800,221199,6479582,7245637,7012976,7944823,7476118,9890002,12039280,7550432,12688696,6704746,6182213,5865361,9032287,5546187,12224213,4568716,8204461,8478263,8481073,8603716,15193295,6256802,5953253,7618662,8203460,8813536,12165641,5685062,6618496.579,2999658.878,3.213606784
Pos,6293,Yellow,2.673,506.36224,LPC O-18:2,LPC O-18:2,[M+H]+,null,0.95,TRUE,6.782,506.3605,C26H52NO6P,EtherLPC,QQNAQRKNFKTYBP-UHFFFAOYSA-N,O=P([O-])(OCC[N+](C)(C)C)OCC(OCCCCCCCCC=CCC=CCCCCC)CO,410,FALSE,TRUE,TRUE,Normalized unit: Intensity; Annotation method: Msp20250218112233_NCDK_conventional_converted_dev_1,FALSE,FALSE,6293,0,0,0.98,0.51,0.68,0.85,5,2,2.39,15.15,Y4_N,506.36267:120648 507.36734:37531 508.37201:3684,79.63067:2072 79.82440:2196 86.09658:3203 92.23068:4313 96.96493:2440 101.66637:2220 104.10694:21065 114.11971:2391 119.57063:2352 155.04103:2611 184.07346:4031 234.94994:4205 313.03204:2771 398.41815:2769 506.36545:21931,191237,167304,591946,329142,636215,179854,304270,236665,759246,433843,1151472,232243,363560,226400,746149,443589,1370158,226797,145612,152396,579509,330430,805681,196659,778,1502,5758,449053,452719,491949,523159,294394,240738,655959,588583,808944,426020,454475,267685,657214,224161,1153139,241114,304065,202420,1037134,350927,698071,347152,333887,262489,739320,342858,602775,241658,440008.5843,294459.8076,3.436286993
Pos,6343,Yellow,1.849,508.34143,LPC 17:1b,LPC 17:1,[M+H]+,null,0.95,TRUE,5.871,508.33981,C25H50NO7P,LPC,LPMGFNAQZPADDZ-UHFFFAOYSA-N,O=C(OCC(O)COP(=O)([O-])OCC[N+](C)(C)C)CCCCCCCC=CCCCCCCC,410,FALSE,TRUE,TRUE,Normalized unit: Intensity; Annotation method: Msp20250218112233_NCDK_conventional_converted_dev_1,FALSE,FALSE,6343,0,0,0.98,0.6,0.67,0.91,3,2,2.44,168.46,Y3_N,508.34183:547722 509.34650:136877 510.35116:28977,84.19248:2305 86.09640:16909 87.51363:2532 89.20490:2325 104.10694:95165 133.80243:2439 184.07343:180297 250.08853:2591 261.13086:2763 274.84845:3115 325.27380:5001 397.73303:2485 447.09412:2692 463.85965:2885 490.32898:12906 508.33603:33626,2692840,4490641,3876772,2269590,6065850,3397872,5181313,6194292,5159005,3609363,4546272,2798459,2912135,3834633,4368165,3315754,4857276,3215858,1929782,3394151,2566354,2240794,4591708,2152738,29680,325,4233,4223767,5107247,3733746,5396717,4921722,6724797,9315248,4961696,7840076,4646664,4088880,4104344,6590228,2821941,7372826,2556966,5323647,5248976,6614405,4446713,9134266,4125070,3635326,5363765,5493033,4779397,6472172,3208572,4326328.36,1940861.947,3.186844642
Pos,6682,Yellow,1.672,520.34155,LPC 18:2,LPC 18:2,[M+H]+,null,0.95,TRUE,5.779,520.33978,C26H50NO7P,LPC,SPJFYYJXNPEZDW-UHFFFAOYSA-N,O=C(OCC(O)COP(=O)([O-])OCC[N+](C)(C)C)CCCCCCCC=CCC=CCCCCC,410,FALSE,TRUE,TRUE,Normalized unit: Intensity; Annotation method: Msp20250218112233_NCDK_conventional_converted_dev_1,FALSE,FALSE,6682,0,0,0.98,0.47,0.54,0.85,3,2,2.36,76.75,Y5_F,520.34186:290924 521.34653:72334 522.35119:10195,76.79243:2319 79.65063:2592 85.92718:2701 86.07504:2718 86.09637:14024 87.61582:2365 102.91180:2409 104.10697:60321 110.15394:2306 111.95810:2409 112.29212:2845 126.44844:2852 128.42923:2848 149.93941:2780 153.66049:2326 163.55716:2386 168.94366:2673 170.05142:2599 184.07338:117273 215.53333:2521 222.64752:2736 236.67838:2551 258.10876:3172 313.10974:2849 374.04425:2759 379.62802:2545 502.32922:4603 520.33978:13696,1296356,1840190,3845973,1690408,1487259,1338812,1540969,1719423,4097382,1691755,1269045,997325,1212626,1193342,3887923,1681228,1199644,1091844,889119,1468109,3696852,1735605,1475652,1169424,47082,19278,38751,1722136,2208286,1837892,2093580,1222335,1385541,4962322,1822672,1328577,1142938,1662930,1291287,4131900,1757964,1509397,809088,1310937,1177082,3736011,1627214,1501254,967642,1092448,1348872,3707660,2136755,1151995,935026,1730965.773,1055377.43,3.401623455
Pos,7473,Yellow,12.895,548.54254,Cer 36:1;O2|Cer 18:1;O2/18:0,Cer 18:1;O2/18:0,[M+H-H2O]+,null,0.47,TRUE,10.583,548.5401,C36H71NO3,Cer_NS,VODZWWMEJITOND-UHFFFAOYSA-N,O=C(NC(CO)C(O)C=CCCCCCCCCCCCCC)CCCCCCCCCCCCCCCCC,410,FALSE,TRUE,TRUE,Normalized unit: Intensity; Annotation method: Msp20250218112233_NCDK_conventional_converted_dev_1,FALSE,FALSE,7473,0,0,0.96,0.86,0.92,0.94,6,2,2.55,59135.61,Y3_N,548.54303:2620782 549.54770:1047136 550.55237:203473,75.15847:2548 81.25504:2465 82.06506:4426 83.08559:3779 89.54991:2575 92.23126:6740 95.08554:4918 97.69547:2494 99.51040:2263 107.08555:3364 109.10095:3148 113.20457:2586 121.10141:2864 135.11699:3351 139.85542:2677 194.51201:2534 205.44243:2911 245.77800:2947 250.25269:4657 251.91701:2885 252.26857:81166 264.26843:725778 276.93829:18023 282.27896:96270 284.29428:16056 299.11877:2728 308.29453:5617 324.85785:3015 346.44934:3025 530.53040:21105 548.54016:17243,15417315,16543471,19386027,15176267,23116109,17848398,25090551,20838119,23249103,20243200,29556424,20791879,22374611,19410804,20013264,16072832,29207850,15188496,10664267,8772582,12417892,8941772,15788566,10414194,0,0,19125,22841355,23459124,23041633,21980015,17460641,18210688,25747756,19510582,31613570,20927504,31792847,21165813,29579456,31034687,48950955,15795486,19057971,22262912,29494282,19828623,29540526,23454256,24785740,23698893,24593539,19539001,32575436,17779546,20477562.83,8455254.995,4.448170699
Pos,9238,Yellow,14.649,602.58936,Cer 40:2;O2|Cer 18:1;O2/22:1,Cer 18:1;O2/22:1,[M+H-H2O]+,null,0.47,TRUE,12.151,602.5871,C40H77NO3,Cer_NS,YHMJTZZWEXBHQK-UHFFFAOYSA-N,O=C(NC(CO)C(O)C=CCCCCCCCCCCCCC)CCCCCCCCCCCC=CCCCCCCCC,410,FALSE,TRUE,TRUE,Normalized unit: Intensity; Annotation method: Msp20250218112233_NCDK_conventional_converted_dev_1,FALSE,FALSE,9238,0,0,0.97,0.6,0.74,0.73,6,2,2.37,27980.66,O7_N,602.58997:219622 603.59463:102570 604.59930:21032,87.45818:2703 88.83684:3675 89.75191:3176 116.80022:2812 123.11674:2919 162.30376:2937 164.26610:2725 194.60236:2891 250.25261:5557 252.26909:3382 262.92242:6088 264.26834:70973 282.27905:11177 601.80719:2880 602.56750:25597,1297296,1280889,1775940,1279096,1972448,1515825,1920609,1439207,2217006,1670326,2706911,1601434,1807502,1351011,1898200,1416657,2378326,1352689,958350,703046,1218872,773960,1510848,895300,0,0,0,1905705,1858424,291593,420608,1456178,1349322,2631561,1836833,2857123,1939117,2459976,1531372,2808270,2435018,3718631,1334044,1579300,1287200,2698810,1519049,2301370,1857210,1962657,1645165,2309488,1639677,2432327,1467742,1645009.383,746179.1645,3.750495157
Pos,9328,Yellow,17.132,604.60474,Cer 40:1;O2|Cer 18:1;O2/22:0,Cer 18:1;O2/22:0,[M+H-H2O]+,null,0.47,TRUE,12.988,604.60272,C40H79NO3,Cer_NS,KEPQASGDXIEOIL-UHFFFAOYSA-N,O=C(NC(CO)C(O)C=CCCCCCCCCCCCCC)CCCCCCCCCCCCCCCCCCCCC,410,FALSE,TRUE,TRUE,Normalized unit: Intensity; Annotation method: Msp20250218112233_NCDK_conventional_converted_dev_1,FALSE,FALSE,9328,0,0,0.99,0.79,0.84,0.82,6,2,2.48,13268.24,O5_A,604.60480:805849 605.60947:343761 606.61413:94114,77.00029:2431 77.42245:2673 95.08576:3797 101.99507:2926 114.54205:2865 119.92840:3015 121.68433:2947 129.31566:2674 167.68672:2782 178.11176:2971 206.81575:3283 252.26843:37124 264.26837:280815 282.27875:33322 340.35733:4466 391.32489:3015 421.00928:2909 431.78824:3075 454.92093:3891 593.10492:3235 604.60059:4785,4355486,5202125,4570878,4290006,5498467,5055860,8293279,6814895,5295103,5433444,11757417,4977546,7174796,6933152,4630928,4055790,9228201,4050529,3662321,4317794,3706148,3050462,5487530,4014169,0,0,33984,1465240,705977,6309766,6373860,4330860,6512509,5878839,4501452,6381956,5181900,9731445,7631304,5864471,13176946,11424713,4529889,4115070,6856111,5503244,4580062,6122376,5128148,9013754,8651545,5620330,5128479,10602659,5309552,5609504.827,2717685.375,3.341036904
Pos,9887,Yellow,17.961,618.62012,Cer 41:1;O2|Cer 18:1;O2/23:0,Cer 18:1;O2/23:0,[M+H-H2O]+,null,0.47,TRUE,13.142,618.61841,C41H81NO3,Cer_NS,NAJHAHQNQCNWOP-UHFFFAOYSA-N,O=C(NC(CO)C(O)C=CCCCCCCCCCCCCC)CCCCCCCCCCCCCCCCCCCCCC,410,FALSE,TRUE,TRUE,Normalized unit: Intensity; Annotation method: Msp20250218112233_NCDK_conventional_converted_dev_1,FALSE,FALSE,9887,0,0,0.99,0.56,0.69,0.75,6,2,2.37,26854.6,O5_A,618.62036:416153 619.62503:191558 620.62970:51402,80.28007:2642 80.49911:3521 92.22794:3254 94.15669:2719 96.25329:2852 105.11916:3029 139.58209:3047 141.00253:3058 200.74536:2903 212.36011:2726 250.25281:15578 252.26866:6046 264.26837:87515 282.27869:13100 289.61209:3616 294.77432:2738 354.37155:4361 388.50650:3030 526.81012:3313,2272204,3287797,2797160,2292990,2752198,2452823,4326726,4670830,3782253,3609470,5087537,3745885,3923887,4762956,3387709,2984194,4705145,2716980,2719407,3488876,3037034,2254257,3869838,2363349,0,0,0,3813811,578525,4160093,4145203,3572752,5724419,5003174,3704730,5358858,3997351,5337905,5953672,4462474,4099218,6891798,3261253,3073728,5545732,4519059,3361978,4563942,3898164,5107069,6223698,4409912,3485996,5713564,3682086,3726212.215,1471393.64,2.764224233
Pos,10359,Yellow,16.611,630.62042,Cer 42:2;O2|Cer 18:1;O2/24:1,Cer 18:1;O2/24:1,[M+H-H2O]+,null,0.47,TRUE,12.958,630.61841,C42H81NO3,Cer_NS,VJSBNBBOSZJDKB-UHFFFAOYSA-N,O=C(NC(CO)C(O)C=CCCCCCCCCCCCCC)CCCCCCCCCCCCCC=CCCCCCCCC,410,FALSE,TRUE,TRUE,Normalized unit: Intensity; Annotation method: Msp20250218112233_NCDK_conventional_converted_dev_1,FALSE,FALSE,10359,0,0,0.99,0.85,0.92,0.89,6,2,2.54,1094.07,O3_E,630.62012:2781160 631.62478:1410930 632.62945:282160,81.06988:13885 82.06501:6920 83.08530:2668 93.06991:4544 95.08524:5563 97.10129:4824 98.76508:2792 100.61333:2876 102.87344:2922 107.08569:3061 114.23113:2872 135.11685:5347 143.01617:5143 150.81706:3284 155.98033:2874 166.08344:3066 199.12035:3004 211.20517:3298 214.00952:3599 249.89565:2891 252.26843:112050 258.67014:3023 264.26825:936920 282.27893:150170 290.95361:6168 299.71152:3556 334.36496:3645 366.37109:3884 442.08093:3357 458.86441:3078 530.59686:3376 612.60590:21113 630.61731:14668,33280042,31344054,38032016,34497148,43275624,35550259,60060251,39783978,51685552,45701136,77615160,42719300,54672800,42369624,46707794,41161278,70371824,33903468,31067790,24344322,37685401,30415496,45630909,31121739,0,0,0,6065362,4892308,48650064,48200342,35146039,36750311,51935876,45535765,53808148,42674734,65711596,40513164,54331516,67033630,83151143,34495208,33303482,34500676,54040489,35823188,44262928,41435984,59025202,46513266,49626404,39771193,64373212,35832016,41461822.03,17458992.88,3.18734748
Pos,10450,Yellow,18.653,632.63544,Cer 42:1;O2|Cer 18:1;O2/24:0,Cer 18:1;O2/24:0,[M+H-H2O]+,null,0.47,TRUE,13.276,632.63397,C42H83NO3,Cer_NS,ZJVVOYPTFQEGPH-UHFFFAOYSA-N,O=C(NC(CO)C(O)C=CCCCCCCCCCCCCC)CCCCCCCCCCCCCCCCCCCCCCC,410,FALSE,TRUE,TRUE,Normalized unit: Intensity; Annotation method: Msp20250218112233_NCDK_conventional_converted_dev_1,FALSE,FALSE,10450,0,0,0.99,0.8,0.81,0.92,6,2,2.52,81.09,Y4_A,632.63580:1326263 633.64047:561699 634.64514:160702,95.22351:3568 98.51146:3054 100.57243:2620 102.27180:2977 111.90752:2779 143.02426:3141 146.15797:3084 156.91132:2578 158.91299:2810 174.71762:2650 186.10881:3282 197.26360:2943 235.31860:3288 252.26901:22966 264.26843:255978 282.27881:33401 322.08499:2973 332.36176:3075 339.07745:3272 368.38922:4922 401.84418:3724 403.73993:3894 525.25220:3213 614.62140:12045 632.63568:3888,6630371,7730479,6487879,5329178,6999152,6379178,12850186,10290859,7753976,7634368,17766253,7178765,10398034,10577985,6457554,6110201,13868386,5946270,6940337,8183996,6746253,5720103,9804868,6608839,0,0,109124,8692085,9130086,8859782,8780040,5959630,8767967,7382181,5759016,8269113,6353261,12930927,10644228,7070738,17750845,14042535,5690026,5300828,10091205,6371646,5397910,7391425,6940109,13667906,13189365,7106727,6690034,15868012,7464179,8219352.725,3674831.711,2.323618506
Pos,11543,Yellow,11.78,660.5589,DG 38:5|DG 18:1_20:4,DG 18:1_20:4,[M+NH4]+,null,0.53,TRUE,10.84,660.55621,C41H70O5,DG,CDIDDLXSXXDECX-UHFFFAOYSA-N,O=C(OCC(OC(=O)CCCCCCC=CCC=CCC=CCC=CCC)CO)CCCCCCCC=CCCCCCCCC,410,FALSE,TRUE,TRUE,Normalized unit: Intensity; Annotation method: Msp20250218112233_NCDK_conventional_converted_dev_1,FALSE,FALSE,11543,0,0,0.98,0.25,0.37,0.52,4,2,2.13,73.58,O7_M,660.55914:392779 661.56381:136896 662.56848:58450,78.15434:2771 86.20469:2973 89.82630:2812 95.08549:6173 97.76814:3189 110.40551:2738 115.63914:2643 117.07018:2903 121.10143:4850 121.30643:3041 185.24409:3236 189.16400:3563 203.17891:3686 234.60521:3351 245.13252:3132 253.11330:3358 319.15247:2923 339.28961:40236 361.27170:3720 428.59241:3091 515.90845:3508 656.19141:3127,1725470,1862751,2918042,2323849,3156879,2318710,2218918,2503676,4112080,3433727,3191994,3932502,2813504,3547858,4750604,3954816,3630305,2387345,1466072,1269291,2245716,1290087,3007245,1437810,0,0,0,3541220,540501,3586104,3276606,3264738,2622804,6014618,3884898,5048529,4316859,3641485,3124558,6305034,1581654,6405433,3259780,3379172,2931873,5624907,3938917,3481526,4257080,3266548,2909958,3843299,3043328,4513797,2816638,3089474.734,1431363.177,4.072325654
Pos,11637,Yellow,13.955,662.57483,DG 38:4|DG 18:0_20:4,DG 18:0_20:4,[M+NH4]+,null,0.47,TRUE,12.197,662.57178,C41H72O5,DG,BRKLTVAHEPCGNK-UHFFFAOYSA-N,O=C(OCC(OC(=O)CCCCCCC=CCC=CCC=CCC=CCC)CO)CCCCCCCCCCCCCCCCC,410,FALSE,TRUE,TRUE,Normalized unit: Intensity; Annotation method: Msp20250218112233_NCDK_conventional_converted_dev_1,FALSE,FALSE,11637,0,0,0.97,0.32,0.48,0.53,4,2,2.17,6893.44,Y4_F,662.57483:721054 663.57950:301659 664.58416:66719,81.06985:2791 81.08896:3194 83.08522:3111 85.10102:2899 91.07282:2782 99.41801:2937 103.25319:3042 105.07009:5341 133.10126:4332 171.11752:3332 203.17924:4834 269.22595:6019 287.23682:5140 341.30527:47033 361.27295:4952 554.22736:3459,1997164,1764778,3323942,1871127,3461315,2608535,2394269,3128296,3698183,2837446,3169525,3754250,2240516,3908703,4463334,2448186,2230055,1813050,1836842,1480006,2638311,1124798,3125352,1781374,0,0,0,3691812,2605816,3297614,2578498,2572546,2847565,4419810,2031311,5300974,2834258,2273075,2926309,6933250,1866543,4520225,3482337,3633928,2985292,3345471,3257625,3021271,3335572,2853122,2651737,4058353,2779388,5427225,3065174,2867190.107,1244143.348,4.603274833
Pos,12588,Yellow,11.591,688.52966,PE P-33:1|PE P-16:0_17:1,PE P-16:0_17:1,[M+H]+,null,0.47,TRUE,10.105,688.52759,C38H74NO7P,EtherPE,AUVOXOHIAIQYLU-UHFFFAOYSA-N,O=C(OC(COC=CCCCCCCCCCCCCCC)COP(=O)(O)OCCN)CCCCCCCC=CCCCCCCC,410,FALSE,TRUE,TRUE,Normalized unit: Intensity; Annotation method: Msp20250218112233_NCDK_conventional_converted_dev_1,FALSE,FALSE,12588,0,0,0.99,0.4,0.53,0.81,5,2,2.33,235.13,Y5_F,688.52924:3439824 689.53390:1475093 690.53857:366997,79.05417:3762 81.06995:24536 83.08562:24313 85.10115:7712 93.06992:14537 95.08557:37538 95.96587:3077 97.06465:3552 97.10129:18668 107.08540:7759 109.10116:17180 111.11671:6025 116.33951:2789 119.76176:3065 121.10121:19113 122.95486:2915 123.11659:13477 125.09649:3756 125.58747:3887 133.96935:3205 135.11699:18642 137.13269:3797 139.11194:5319 149.13287:6388 154.40836:2908 196.35735:3429 233.22612:15023 251.23656:4595 266.28391:24824 279.26730:4494 299.25809:56947 311.25793:17670 313.27319:24369 325.27386:288514 339.28915:37630 350.24493:6996 364.26126:57026 390.27734:11842 547.50934:5051,4002852,5120337,22893303,2164496,31108562,5361772,12001814,12866523,22836613,5935072,24046798,7555718,4563559,8884329,26605177,3409685,20366951,7618004,4530883,5570638,11454203,1566297,23042046,2683828,1588,56869,60628,15810589,16676194,16261625,16026100,10450015,10988039,46777568,4635520,49492843,6296840,7953726,8766991,51265843,5032340,36167374,6496402,14539835,12640355,35517369,10605085,56410311,8893571,6813632,6790280,32100474,8317850,35454355,7500418,14927092.49,13920022.52,3.006415473
Pos,13086,Yellow,12.578,702.54596,PE P-34:1|PE P-16:0_18:1,PE P-16:0_18:1,[M+H]+,null,0.47,TRUE,10.15,702.54321,C39H76NO7P,EtherPE,ZVVYJAAMWXATNY-UHFFFAOYSA-N,O=C(OC(COC=CCCCCCCCCCCCCCC)COP(=O)(O)OCCN)CCCCCCCC=CCCCCCCCC,410,FALSE,TRUE,TRUE,Normalized unit: Intensity; Annotation method: Msp20250218112233_NCDK_conventional_converted_dev_1,FALSE,FALSE,13086,0,0,0.98,0.49,0.75,0.79,5,2,2.38,1275.8,Y6_N,702.54584:20814224 703.55051:8945529 704.55517:2224709,78.18275:6977 79.05422:57243 80.19774:6974 80.50189:6178 81.06988:275466 83.04929:7639 83.08548:285551 84.08073:10743 85.06478:12686 85.10114:71687 91.36192:6725 93.06994:95643 95.08551:327552 97.06480:95841 97.10118:229244 97.72717:6527 99.08037:11753 101.93822:6642 107.08538:105637 109.10114:189412 111.08041:39136 111.11684:127844 113.09606:8516 115.07450:8745 119.46102:8168 121.10118:267298 123.11685:80358 125.09605:53025 125.13249:17124 127.11187:16757 135.11684:259871 135.52719:7887 137.13240:39259 139.11201:15135 149.13237:97273 151.14812:30733 153.12727:44704 155.01048:34478 163.14787:56842 165.16397:47362 167.14273:10226 177.16385:15361 180.00182:8685 181.00230:8287 181.15900:11882 191.17950:17185 239.23657:13470 247.24170:113786 265.25253:131293 266.28391:380916 279.26764:109755 284.29501:33548 292.29953:16015 296.62094:9685 306.60776:7657 308.29483:42198 313.27359:163678 325.27332:125090 339.28940:4085986 358.24146:8314 364.26089:782198 378.27609:14457 420.28900:14510 429.06052:8484 438.29724:14586 555.52655:12076 561.52478:33520 584.09772:9318 656.94348:8428,28805035,21998226,198432589,16920534,244690369,42515475,66886549,62841185,183723452,33732035,182224922,49744999,32312287,44806826,203778511,27407438,162691395,52419211,35365527,37114687,109011112,10987104,182283597,23759649,158436,174048,94237,102710391,103835450,105833807,103148136,52698948,47455321,308423479,24172239,303116795,35726684,56421117,39104980,367280740,32061088,249556243,46718005,64456926,54052733,222332886,55198085,349186609,49827834,39935893,31006438,204648096,40817356,222389386,40912804,98325598.24,95863642.39,3.91434998
Pos,13178,Yellow,12.747,704.56213,PE O-34:1|PE O-16:0_18:1,PE O-16:0_18:1,[M+H]+,null,0.27,TRUE,11.171,704.5589,C39H78NO7P,EtherPE,WJOAFDUQVWXBLZ-UHFFFAOYSA-N,O=C(OC(COCCCCCCCC)COP(=O)(O)OCCN)CCCCCCCCCCCCCCCC=CCCCCCCCC,420,FALSE,TRUE,TRUE,Normalized unit: Intensity; Annotation method: Msp20250218112233_NCDK_conventional_converted_dev_1,FALSE,FALSE,13178,0,0,0.99,0.27,0.39,0.75,1,1,1.6,102.28,Y6_M,704.56110:505570 705.56576:194751 706.57043:56395,76.96445:2912 81.28603:2782 83.08549:6218 85.10122:6562 85.26477:3285 95.08551:4062 111.11681:4790 130.98833:3061 132.06860:2818 192.14441:2859 197.21646:3177 200.63870:3890 215.96588:3414 232.51830:3267 309.10052:3258 341.74661:3378 364.82565:3581 435.05447:3113 466.54596:3744 563.54041:26480,3877223,3396362,5618658,3184358,4347625,6742729,9531405,7146872,7678817,5851608,2673946,6817783,4182202,5036704,4074004,5156033,6701073,6096037,5394280,4518327,2574615,1849605,4006412,3724593,17573,0,0,5692862,5846374,5401531,5344337,8792670,5518976,14354399,4898235,5237521,5799644,6708183,4018381,21464094,5570923,4062812,6365137,9648135,5108626,4577200,9941028,12333794,6589267,5231550,3564716,6387030,8295988,5775801,5218562,5780847.607,3385441.963,4.58442864
Pos,13494,Yellow,8.96,714.5094,PE 34:3|PE 16:1_18:2,PE 16:1_18:2,[M+H]+,null,0.45,TRUE,8.72,714.50677,C39H72NO8P,PE,SSRRIJSEUKHYFB-UHFFFAOYSA-N,O=C(OCC(OC(=O)CCCCCCCC=CCC=CCCCCC)COP(=O)(O)OCCN)CCCCCCCC=CCCCCCC,410,FALSE,TRUE,TRUE,Normalized unit: Intensity; Annotation method: Msp20250218112233_NCDK_conventional_converted_dev_1,FALSE,FALSE,13494,0,0,0.99,0.45,0.59,0.71,4,2,2.3,82.44,Y6_F,714.50922:977298 715.51388:429430 716.51855:105257,75.52271:3047 77.55475:2789 81.06995:30680 83.08556:12791 90.84408:3285 93.06991:4503 95.08559:21864 97.10114:5196 97.74778:2839 107.08553:6291 109.10126:21635 121.10121:12956 123.11683:13887 133.36671:3487 134.68768:3124 135.11707:16390 135.29446:4092 145.37025:3551 149.13304:4215 151.14830:6184 156.17444:3070 159.47287:3358 167.20419:3745 177.93787:2848 184.47249:2890 190.08066:3068 192.06313:3675 196.78741:2857 237.22208:7644 243.34189:3982 263.23724:7885 306.27933:3690 385.34302:3488 454.05948:3624 474.99304:3735 573.48889:188988,1953367,3327173,9468839,1781130,2610067,3071393,3954366,6247920,6736735,3362495,2010406,2759412,1398116,3862582,7747566,2173270,867596,2951593,2267076,4091715,5711595,984344,2100118,1357928,0,0,0,4097710,3694583,3667008,3792249,3220532,3463766,9174220,1874707,2175681,1466357,2955984,3002851,12280718,2500480,1056007,2021280,3525390,4207240,6890982,2250960,1304003,2280245,1744694,2243095,6892995,4403219,951371,1858826,3305344.644,2445902.745,3.680860855
Pos,13502,Yellow,11.482,714.5462,PE P-35:2|PE P-17:1_18:1,PE P-17:1_18:1,[M+H]+,null,0.49,TRUE,10.144,714.54321,C40H76NO7P,EtherPE,JAGXDSWASNHGSM-UHFFFAOYSA-N,O=C(OC(COC=CCCCCCCC=CCCCCCCC)COP(=O)(O)OCCN)CCCCCCCC=CCCCCCCCC,410,FALSE,TRUE,TRUE,Normalized unit: Intensity; Annotation method: Msp20250218112233_NCDK_conventional_converted_dev_1,FALSE,FALSE,13502,0,0,0.98,0.32,0.44,0.79,5,2,2.28,786.9,O5_A,714.54572:5829988 715.55038:2650732 716.55505:516787,76.92784:3001 77.65393:3464 79.05411:8185 79.70689:3050 81.03355:3252 81.06992:44342 83.08544:46240 83.99663:3007 85.06488:3444 85.15621:3387 85.61713:2997 87.97101:2947 91.05437:3185 93.06982:20868 95.08557:65347 97.06481:4651 97.10126:49230 101.12828:3511 101.13149:4056 107.08540:13025 109.10129:42525 111.08041:4840 111.11682:15498 119.08576:3211 121.10125:49137 123.11675:20366 128.76468:3241 133.10115:6620 135.11705:42929 137.13258:4244 149.13252:18441 151.14851:6458 153.12750:13708 155.01067:3920 161.68344:3236 163.14813:4960 177.16354:3470 184.07355:19933 197.32829:3662 233.22655:3561 251.23639:5761 257.22623:3632 265.25220:19176 278.28339:32786 292.29938:22178 292.31519:3532 311.25601:4302 312.80679:3511 325.27377:335779 330.71286:3426 339.28946:473650 357.29745:3705 376.26096:89102 390.27673:53321 573.52283:5789,23270218,23315598,80016940,12414517,96059741,37770760,61945411,67071711,79253919,29447348,75920491,47224868,23549605,36977876,81136219,24730377,58552718,43002447,25242812,26036348,41125070,7504310,64021388,17394678,104833,13083,33626,60295419,60966090,62542372,62419326,62697106,59691245,153691461,29664958,150787031,42665789,41430746,35806967,150998140,16808597,85452328,39050273,69660281,55459324,99640187,53495581,136992241,54214661,33003611,36037722,94225771,41173741,83639390,41207740,54488272.88,36270522.77,4.184491516
Pos,13567,Yellow,13.494,716.56171,PE P-35:1|PE P-17:0_18:1a,PE P-17:0_18:1,[M+H]+,null,0.47,TRUE,10.505,716.5589,C40H78NO7P,EtherPE,FDQGSTMMGFGRFB-UHFFFAOYSA-N,O=C(OC(COC=CCCCCCCCCCCCCCCC)COP(=O)(O)OCCN)CCCCCCCC=CCCCCCCCC,410,FALSE,TRUE,TRUE,Normalized unit: Intensity; Annotation method: Msp20250218112233_NCDK_conventional_converted_dev_1,FALSE,FALSE,13567,0,0,0.98,0.51,0.78,0.79,5,2,2.39,474.56,O5_A,716.56146:3545410 717.56613:1588487 718.57080:391095,79.05423:7628 79.93964:3123 81.06995:48388 83.08556:52695 85.01456:2796 85.10114:4793 86.44399:3136 93.06989:24063 95.08553:62503 97.06476:19444 97.10120:39925 99.08035:3693 107.08544:15854 109.10116:44264 111.08047:4708 111.11693:16179 113.09600:3037 121.10131:46562 123.11682:15592 125.09606:4064 135.11697:43552 137.13281:6178 149.13269:26783 155.01022:3800 157.62199:3012 160.04124:3124 163.14821:11526 165.16382:4420 166.04027:3600 166.31995:3194 168.43266:3337 177.16379:3178 187.36671:3872 202.69189:3913 226.95183:6772 240.96724:16961 247.24158:19311 265.25229:27270 280.29968:74644 293.28326:27910 308.29431:5780 325.27402:28533 339.28952:770309 347.29980:3331 368.45761:3706 378.27692:168952 452.31161:4239 575.53882:5475 576.43011:3195 615.27069:3378 619.11774:3745 652.42889:3408,17030299,14992947,53299684,8315791,59688833,26223575,41591730,41539286,50679471,18979909,47310568,31467084,18190226,28004044,54374526,14910892,36908928,30156136,21524585,19780654,30326297,5876567,47712792,12854943,64264,1990,69529,41249710,40339828,41929497,39100646,42522387,40735391,105719520,17282849,91008693,29414361,33030795,27978720,108546376,13322234,66972455,29638690,48790334,41810520,71276325,34631100,97949888,37493688,26527232,23656130,64138180,24875893,60736016,29184622,37486138.72,24595197.35,3.92151992
Pos,13568,Yellow,13.597,716.56177,PE P-35:1|PE P-17:0_18:1b,PE P-17:0_18:1,[M+H]+,null,0.47,TRUE,10.505,716.5589,C40H78NO7P,EtherPE,FDQGSTMMGFGRFB-UHFFFAOYSA-N,O=C(OC(COC=CCCCCCCCCCCCCCCC)COP(=O)(O)OCCN)CCCCCCCC=CCCCCCCCC,410,FALSE,TRUE,TRUE,Normalized unit: Intensity; Annotation method: Msp20250218112233_NCDK_conventional_converted_dev_1,FALSE,FALSE,13568,0,0,0.98,0.48,0.76,0.79,5,2,2.38,441.75,O3_F,716.56146:4076310 717.56613:1668313 718.57080:422776,77.64265:3199 78.81654:2687 79.05418:13175 80.34800:3260 80.40886:3024 81.03730:4109 81.06989:36100 83.08551:41430 85.10118:6162 93.06989:17625 95.08549:40152 97.06476:17762 97.10110:26626 107.08560:24588 109.10116:23167 111.08023:7125 111.11683:7869 118.44890:3246 121.10120:49008 123.11678:15402 123.65704:3880 125.09597:3553 135.11694:35937 139.11195:4512 144.39320:3476 149.13251:30989 151.14836:3890 153.12744:5039 163.14793:6326 165.16377:4332 181.15817:3553 193.88283:3299 200.95241:3474 217.98567:3353 226.95175:17360 236.77856:3539 240.96751:5833 247.24184:5227 260.38577:3483 262.96146:3192 265.25238:22585 280.29965:48481 293.28369:13405 308.29510:4861 325.27380:24017 327.28882:5819 339.28937:564703 353.30560:7785 378.27643:128581 407.72998:3496 417.16403:3884 575.54108:4039 576.71814:3519 597.17657:3698 617.03857:3892 709.91901:3913,17030299,14903325,53299684,8315791,59688833,26223575,41310088,41539286,49455132,18979909,48149166,32217214,18895533,28004044,54374526,14826380,37955720,30806796,21524585,20319560,30326297,5791514,47106108,12695955,32329,17834,43163,41249710,41314140,41929497,38679928,41422300,40022136,107547517,16995478,89199328,29414361,33030795,27978720,110770503,12861385,66972455,30235114,48679192,42383111,70938712,34631100,100570607,37493688,26074908,23656130,65586777,24478980,62613685,29985194,37646329.01,24899512.72,4.005253441
Pos,13644,Yellow,12.432,718.57733,PC O-32:1|PC O-16:1_16:0,PC O-16:1_16:0,[M+H]+,null,0.29,TRUE,9.715,718.57452,C40H80NO7P,EtherPC,BXQUYBIIGCTQFV-UHFFFAOYSA-N,O=C(OC(COCCCCCCCCC=CCCCCCC)COP(=O)([O-])OCC[N+](C)(C)C)CCCCCCCCCCCCCCC,410,FALSE,TRUE,TRUE,Normalized unit: Intensity; Annotation method: Msp20250218112233_NCDK_conventional_converted_dev_1,FALSE,FALSE,13644,0,0,0.98,0.8,0.85,0.63,4,2,2.4,1865.67,O8_N,718.57733:5804380 719.58200:2500212 720.58667:627378,76.30956:2961 76.92560:3033 79.66869:3124 83.83136:3211 86.09647:142120 96.42106:3238 98.98406:5525 104.10686:20338 118.84950:3152 124.99995:64611 184.07349:2823570 197.12793:3526 214.49097:3557 240.09984:3701 305.76645:3606 314.71780:3708 321.77567:3528 478.32806:24101 480.34525:14334 527.10217:3762 528.99469:4030 713.46637:3921 718.57227:25475,5882432,5000067,88258590,6305852,104706987,5846734,9038601,7949787,100480093,9926470,88526306,7920075,7795276,7897765,108033986,10074862,113592788,7766029,5067345,4825113,57895527,6493179,83690388,4611650,368,0,280,38847528,38546399,38049579,37204695,6445231,7402247,115782869,7897223,128471476,6730532,12543974,7129773,144013272,9456658,143036732,7664108,9630322,9057226,113115101,12807147,146891465,8953640,7440969,7034985,120472363,9987733,122583852,7326031,39674721.5,48680048.57,3.910519955
Pos,13716,Yellow,12.915,720.59338,PC O-32:0|PC O-16:0_16:0,PC O-16:0_16:0,[M+H]+,null,0.47,TRUE,10.144,720.59021,C40H82NO7P,EtherPC,WOTHHEHCEYHCFE-UHFFFAOYSA-N,O=C(OC(COCCCCCCCCCCCCCCCC)COP(=O)([O-])OCC[N+](C)(C)C)CCCCCCCCCCCCCCC,410,FALSE,TRUE,TRUE,Normalized unit: Intensity; Annotation method: Msp20250218112233_NCDK_conventional_converted_dev_1,FALSE,FALSE,13716,0,0,0.98,0.77,0.84,0.6,4,2,2.38,438.7,Y5_N,720.59314:3332114 721.59781:1500485 722.60248:368877,78.37395:2812 79.43642:3372 79.78087:2644 86.08163:2968 86.09644:66417 90.78037:2829 104.10703:6878 120.81673:3136 124.99993:37088 138.00409:3458 167.12683:3345 184.07339:1385287 185.07713:4439 202.26173:3574 244.99432:3189 482.36243:4843 525.45868:3446 616.57098:4427 698.94647:4024 713.45026:4185 720.48163:5007 720.58899:7772 723.54889:4981,49329925,44133563,48970307,49560090,50517376,53521393,63820015,57475145,59481632,65399915,42562456,60219381,54488232,55483441,58092426,67710497,51116476,60345140,43849202,40700078,43627325,46369751,50966361,44071611,0,0,0,59240411,59597886,59750849,57416685,60950940,55906585,66382321,60180870,63448470,60016520,68342100,51729190,80306974,53084700,65190238,57966906,61919784,56404037,56638139,78010224,61038306,59419640,52934782,47514716,62091864,68901864,51697566,57797447,53739850,15375901.69,4.399171618
Pos,13854,Yellow,12.581,724.52789,PE P-36:4|PE P-18:3_18:1,PE P-18:3_18:1,[M+H]+,null,0.47,TRUE,9.612,724.52759,C41H74NO7P,EtherPE,LHBPSJDOZXDJSI-UHFFFAOYSA-N,O=C(OC(COC=CCCCCCCC=CCC=CCC=CCC)COP(=O)(O)OCCN)CCCCCCCC=CCCCCCCCC,410,FALSE,TRUE,TRUE,Normalized unit: Intensity; Annotation method: Msp20250218112233_NCDK_conventional_converted_dev_1,FALSE,FALSE,13854,0,0,1,0.05,0.1,0.58,5,2,2.07,320.44,Y3_F,724.52759:5131744 725.53226:1987415 726.53692:572975,77.99033:3112 79.05415:14717 81.06978:34896 83.08542:24959 85.10107:4703 86.98643:2980 92.22729:6748 93.06985:15977 95.08549:49061 97.06468:34527 97.10113:28209 105.26129:3110 105.44211:3539 107.08543:21388 109.10101:28651 111.11671:14542 115.49542:3153 120.96608:219969 121.10128:40646 123.11675:16281 135.11670:37853 145.99767:39836 149.13246:6406 152.33081:3366 164.00824:256156 167.04980:3441 167.58841:3671 176.99240:23698 262.24780:3818 265.25256:16757 267.50378:3518 279.26791:112713 287.47849:3165 307.73566:3696 339.28903:16428 386.24219:13355 399.22705:3888 417.23740:17732 441.23804:54212 496.26917:17868 524.31805:4290 551.33246:3873 561.52502:64098 583.50671:64567 601.51532:15266 608.39655:5007 681.48309:212751 708.00128:3918 724.52643:39266,5581060,3918872,40342878,3315340,41387704,7903994,12332329,11447301,31189139,6899275,37344367,10273841,6893790,9473835,34693381,4915079,34304769,10903250,7376070,7360898,20488992,2008521,32429857,4389524,26546,30539,7492,22339443,20586169,18856412,18996704,9492819,8869966,57536979,4614307,48955874,6490259,10140794,8295024,66818984,5771976,50981444,9746635,11248576,11467673,38020712,11490222,63828482,11201079,7386974,6056932,41298401,7260194,45758491,7929629,18521450.85,17556655.33,0.414062907
Pos,13916,Yellow,12.785,726.54431,PE P-36:3|PE P-18:1_18:2a,PE P-18:1_18:2,[M+H]+,null,0.36,TRUE,10.026,726.54321,C41H76NO7P,EtherPE,ULUBTSXVFBWWEF-UHFFFAOYSA-N,O=C(OC(COC=CCCCCCCC=CCCCCCCCC)COP(=O)(O)OCCN)CCCCCCCC=CCC=CCCCCC,410,FALSE,TRUE,TRUE,Normalized unit: Intensity; Annotation method: Msp20250218112233_NCDK_conventional_converted_dev_1,FALSE,FALSE,13916,0,0,0.99,0.23,0.27,0.8,5,2,2.23,23525.73,O7_M,726.54486:64599 727.54953:23626 728.55420:131213,81.06990:15585 83.08545:13627 85.10113:4817 92.22795:9760 93.95376:3465 95.08555:18013 97.10117:6048 109.10118:4755 113.60194:2925 120.96615:3298 122.17646:3756 123.11671:3459 134.48160:3560 164.00844:13220 222.43561:3345 329.37335:3414 337.27359:74803 339.28946:26501 346.99030:3840 388.26187:4230 390.27618:21138 403.53702:3645 439.16473:3745 480.30524:4305 585.52271:5391 676.56995:4380 685.43604:92047,928287,543431,874562,652722,3343425,1319975,1831064,1574230,1385475,1361513,971842,1526360,1073674,1015961,896758,1041005,954606,1756310,1286901,1001048,683353,340455,652650,638551,0,0,0,1102854,972803,796356,928691,1892373,1166100,3269359,825995,536965,926996,1543583,1030882,6206746,1162331,1135632,1460024,1697922,1040675,501961,2542945,1268769,1609135,1155363,561965,932505,1531152,832880,1271265,1228334.301,935163.9511,1.514018691
Pos,13918,Yellow,11.033,726.54547,PE P-36:3|PE P-18:1_18:2,PE P-18:1_18:2,[M+H]+,null,0.47,TRUE,10.026,726.54321,C41H76NO7P,EtherPE,ULUBTSXVFBWWEF-UHFFFAOYSA-N,O=C(OC(COC=CCCCCCCC=CCCCCCCCC)COP(=O)(O)OCCN)CCCCCCCC=CCC=CCCCCC,410,FALSE,TRUE,TRUE,Normalized unit: Intensity; Annotation method: Msp20250218112233_NCDK_conventional_converted_dev_1,FALSE,FALSE,13918,0,0,0.98,0.3,0.37,0.84,5,2,2.28,506.96,Y5_M,726.54633:1596252 727.55099:737580 728.55566:151551,77.45118:3055 81.06998:23527 82.12569:3753 83.08546:14642 85.10126:19862 92.22729:7208 93.06996:6167 95.08549:26785 97.10120:13543 101.69118:3117 105.06979:4917 107.08545:5802 108.39471:3010 109.10130:15531 111.11681:3513 119.08596:7090 120.96620:7726 121.10117:15471 121.65371:3002 122.80576:3187 123.11691:5738 133.10130:3260 135.11711:4731 141.84520:3390 148.57860:3328 155.94731:3806 164.00844:21927 190.03764:3143 220.39153:3536 237.53906:3272 282.03766:3633 292.30026:12776 317.64969:4014 337.27374:156575 339.28949:33290 378.35483:3729 388.26080:5583 390.27625:30776 563.50220:7828 567.26880:4529 585.48639:14583 585.52942:6015 611.19458:3865 685.43610:68708,10050917,6384350,24071997,6287119,28432508,13445298,18871828,16131784,19719078,12629087,21585721,16829040,9286008,11692010,21658174,11127487,18197596,15719496,9706171,9238853,3559688,3985376,21625419,7163590,0,0,0,18131210,17202552,18139246,16377064,17816833,13062942,30204234,11038949,33401724,10417465,13812906,8569573,35992791,10118854,28246781,13829795,19823893,13183520,21102787,23332610,35896115,14864134,11270866,7726462,20462701,15835956,24139238,12904876,15532812.2,8395680.298,3.11062022
Pos,13988,Yellow,12.423,728.56128,PE P-36:2|PE P-18:1_18:1,PE P-18:1_18:1,[M+H]+,null,0.47,TRUE,10.981,728.5589,C41H78NO7P,EtherPE,CFANDHZPOSNKNO-UHFFFAOYSA-N,O=C(OC(COC=CCCCCCCC=CCCCCCCCC)COP(=O)(O)OCCN)CCCCCCCC=CCCCCCCCC,410,FALSE,TRUE,TRUE,Normalized unit: Intensity; Annotation method: Msp20250218112233_NCDK_conventional_converted_dev_1,FALSE,FALSE,13988,0,0,0.99,0.5,0.79,0.78,5,2,2.39,8269.63,Y5_N,728.56134:48555440 729.56601:21924502 730.57068:5386438,79.05421:120958 81.06990:533795 83.08548:609471 85.10115:70587 91.05418:35961 93.06995:221188 95.04936:20882 95.08550:724146 97.06477:117562 97.10112:470065 99.08038:20483 100.09439:16349 105.06982:21061 107.08563:214086 109.10110:461597 111.08041:122877 111.11670:285309 118.51151:16833 121.10112:540058 123.11687:202900 125.09610:72385 125.13232:39263 125.48761:17631 126.71983:24072 133.10115:44564 135.11682:449625 137.13242:72001 137.42436:18875 139.11172:76737 147.11694:44416 149.13258:237631 150.62856:18408 151.14806:23430 153.12744:84456 153.13371:18765 155.01047:36808 156.72272:21412 161.13211:22066 163.14796:104839 165.16380:44758 175.14816:20389 177.16344:33474 179.17970:21701 191.17899:29725 214.84137:19737 223.20514:24479 247.24199:198346 265.25220:352516 278.00034:22633 287.27081:23886 292.29953:671543 303.60434:19126 305.28491:60895 308.29480:111119 310.31070:79024 339.28931:8566775 363.43741:22370 388.06519:25583 390.27655:1585757 414.06250:24594 446.30264:31159 469.67108:19831 587.54156:63846 644.49261:24441,146377684,96416808,478480705,74851619,540781133,214293696,329782462,259934475,443025216,160880087,380166450,248642159,144000013,183681590,458311744,128628312,326493982,255940164,147134602,129219457,240034888,45110408,379087378,101675305,0,0,0,283805754,283089753,283242157,279492960,291310121,220219479,751061436,126762464,611789800,194608779,227402351,138130726,830130233,102477280,484169118,231006903,324570317,217320454,479346811,265936299,644868342,252282506,168008304,118382392,451879417,191470101,389367798,200134975,271913043.1,180400240.5,3.266722842
Pos,14019,Yellow,9.914,729.59253,SM 36:2;O2|SM 18:1;O2/18:1,SM 18:1;O2/18:1,[M+H]+,null,0.78,TRUE,9.107,729.59052,C41H81N2O6P,SM,NBEADXWAAWCCDG-UHFFFAOYSA-N,O=C(NC(COP(=O)([O-])OCC[N+](C)(C)C)C(O)C=CCCCCCCCCCCCCC)CCCCCCCC=CCCCCCCCC,410,FALSE,TRUE,TRUE,Normalized unit: Intensity; Annotation method: Msp20250218112233_NCDK_conventional_converted_dev_1,FALSE,FALSE,14019,0,0,0.98,0.34,0.27,0.48,3,2,2.11,359.6,Y3_N,729.59326:3339158 730.59793:298726 731.60260:0,75.45792:3285 81.06995:7874 83.08557:14472 84.07357:3467 85.10117:15549 86.09646:296142 87.09975:28386 91.97359:3591 92.22770:13649 95.08538:27799 97.10113:5562 98.98424:7103 104.10703:17195 106.89041:3684 109.10117:28078 110.10453:4686 111.11665:3955 124.12003:4320 124.99994:47738 146.98189:855462 147.98524:47776 164.99269:8726 184.07353:1762494 185.07692:7023 211.20602:4280 225.22118:23387 264.26819:6053 283.92999:4144 309.29776:4301 427.22198:18073 428.22516:7950 472.36514:4519 523.47375:33520 524.47656:282379 545.45612:52243 546.45844:365162 588.50421:19958 669.44501:7657 670.45007:147996 684.54498:4265 729.52399:73301,7310123,6866974,5533761,5447609,23434349,7045616,16956500,8759130,8211898,10016620,14632212,10862953,7119057,8495795,8110274,8348512,16983974,9653109,4926658,58783,3371272,4774819,15665834,5546503,0,0,11353,10935009,11160938,12186553,9664039,14651724,8788379,9907494,8199261,30021407,10918594,10305055,8332706,9138422,7997201,28541987,8051169,13047615,8455176,7652445,11787921,30510325,10416426,8529843,3905256,8487484,9272881,22457541,10099441,10210290.55,6613768.626,2.754970007
Pos,14049,Yellow,8.653,730.53992,PC 32:2|PC 16:1_16:1b,PC 16:1_16:1,[M+H]+,null,0.87,TRUE,8.558,730.53809,C40H76NO8P,PC,GPWHCUUIQMGELX-UHFFFAOYSA-N,O=C(OCC(OC(=O)CCCCCCCC=CCCCCCC)COP(=O)([O-])OCC[N+](C)(C)C)CCCCCCCC=CCCCCCC,410,FALSE,TRUE,TRUE,Normalized unit: Intensity; Annotation method: Msp20250218112233_NCDK_conventional_converted_dev_1,FALSE,FALSE,14049,0,0,0.99,0.72,0.84,0.52,4,2,2.34,1032.27,Y6_N,730.54041:5623717 731.54507:2494746 732.54974:695578,76.60491:2937 85.85692:3064 86.09641:146395 95.62399:3638 96.95324:3026 98.98408:3279 100.58868:3760 104.10711:24858 113.55055:3839 123.12049:2918 124.99988:56181 126.12692:3573 127.24472:3306 130.87511:3586 144.39008:3403 148.55229:3112 158.81421:3269 184.07346:2438599 240.96689:3891 258.60880:3420 270.73178:3366 279.76984:3611 367.49274:4234 476.31290:5727 494.32382:5479 730.53705:15230,93070255,166522533,83747118,81540661,124011661,93279729,138518526,233808480,112046296,126429195,95691691,116106010,86011254,195654654,97079587,116961153,107584580,98219514,67112202,137142610,59998461,64727252,99246050,73304496,10063,0,0,117837734,121681413,120041187,119188830,94878978,222350580,89352100,96700324,143642759,92789695,100371879,201373451,111141367,79790382,148775219,95582158,131871019,219955827,92587278,147669296,171733933,98979102,83170683,160044574,96174200,112987625,112889794,90194993,111665098.4,47823182.55,2.505002854
Pos,14053,Yellow,10.718,730.54071,PE 35:2|PE 17:1_18:1,PE 17:1_18:1,[M+H]+,null,0.47,TRUE,9.647,730.53809,C40H76NO8P,PE,MLYDZMPNTAJTBN-UHFFFAOYSA-N,O=C(OCC(OC(=O)CCCCCCCC=CCCCCCCCC)COP(=O)(O)OCCN)CCCCCCCC=CCCCCCCC,410,FALSE,TRUE,TRUE,Normalized unit: Intensity; Annotation method: Msp20250218112233_NCDK_conventional_converted_dev_1,FALSE,FALSE,14053,0,0,0.99,0.46,0.6,0.71,4,2,2.31,1576.67,Y3_A,730.53992:17245918 731.54458:7567206 732.54925:2943612,78.28722:5607 79.05424:41129 81.06991:333322 83.08552:214744 85.06487:13770 85.10118:32658 93.06985:61298 95.08549:340558 95.17868:7396 97.06474:12827 97.10117:245962 107.08557:50917 109.10118:189758 111.11686:156588 120.78714:5761 121.10120:207170 123.11681:74044 125.09630:8078 125.13243:23810 126.51411:6303 127.11175:13268 135.11687:241262 136.81070:5728 137.13269:58349 139.11198:9849 141.12706:9899 143.94179:6100 147.55946:6254 149.13258:111233 151.14812:64855 153.12752:40842 161.46550:7023 163.14825:33303 165.16388:27205 167.14337:7852 177.16397:9795 184.07341:29727 191.17941:10963 209.25455:6653 233.22624:65878 247.24170:86430 251.23682:185304 265.25247:214858 294.27933:47980 308.29501:62939 321.27838:7020 325.27380:54376 339.28970:68568 382.90353:6761 577.62506:9358 589.51965:2567432,63255201,69949237,117628683,29155550,155292658,97941518,158546003,187756601,112228970,69511324,98597896,112878313,53628409,107385030,108728951,51830073,82732803,105192619,56841063,67881617,53950291,15609110,92513352,39489862,0,0,13162,120261107,125747671,123793700,125765162,171477036,182139143,245542510,68485787,251992033,104981711,110839815,109502088,262766005,41199054,175310228,97560724,202460843,186510083,173338262,156753582,261390974,144372579,93191404,98897602,144204046,101173183,162575842,112626059,113879936.8,63708725.74,3.586397528
Pos,14060,Yellow,14.647,730.57758,PE P-36:1|PE P-18:0_18:1,PE P-18:0_18:1,[M+H]+,null,0.47,TRUE,12.054,730.57452,C41H80NO7P,EtherPE,XVYPOHCSLJZFED-UHFFFAOYSA-N,O=C(OC(COC=CCCCCCCCCCCCCCCCC)COP(=O)(O)OCCN)CCCCCCCC=CCCCCCCCC,410,FALSE,TRUE,TRUE,Normalized unit: Intensity; Annotation method: Msp20250218112233_NCDK_conventional_converted_dev_1,FALSE,FALSE,14060,0,0,0.98,0.52,0.8,0.78,5,2,2.39,241.73,Y4_F,730.57758:4894989 731.58224:2373607 732.58691:600298,76.77956:3020 79.05431:11818 81.06984:47991 83.08551:59831 85.10129:6724 93.06982:18080 95.08553:67498 97.06466:15088 97.10130:48556 102.50337:3415 107.08550:18571 109.10120:46723 109.39605:3111 111.08016:4969 111.11689:30720 117.97777:3606 121.10120:48448 123.11662:8006 125.13262:4635 129.42453:3386 135.11681:51844 137.13245:4388 139.11180:4795 149.13249:22622 153.12767:5865 157.86044:4177 163.14841:6607 165.16380:5574 193.39359:3613 214.06860:3201 240.96692:6333 247.24190:16284 265.25293:25675 294.31561:84174 306.49097:3882 307.29941:35731 312.32599:5174 339.28949:812372 357.95941:3375 374.16794:4370 392.29254:169959 478.54767:4071 500.71982:3667 583.12891:3355 589.55548:4228 591.58856:3998,12917289,9662172,48736207,7840644,53301120,17717590,24080396,20832586,38634240,12773022,38644370,19176442,12564429,17061485,43416620,11490846,35320972,20987751,14906357,13920116,27657096,4679758,42913927,9888452,104007,19721,15320,27411238,28251773,27040760,26606396,21225298,18091916,66172503,10565345,52153651,14825902,20328302,14681579,70735274,12072982,40382190,19730905,25482322,19475035,43325037,21907237,58150211,20145435,16062949,12463664,45809013,18225546,42395581,17809627,24923465.64,16465555.97,4.188484427
Pos,14112,Yellow,11.46,731.60938,SM 36:1;O2|SM 18:1;O2/18:0,SM 18:1;O2/18:0,[M+H]+,null,0.49,TRUE,9.556,731.6062,C41H83N2O6P,SM,LKQLRGMMMAHREN-UHFFFAOYSA-N,O=C(NC(COP(=O)([O-])OCC[N+](C)(C)C)C(O)C=CCCCCCCCCCCCCC)CCCCCCCCCCCCCCCCC,410,FALSE,TRUE,TRUE,Normalized unit: Intensity; Annotation method: Msp20250218112233_NCDK_conventional_converted_dev_1,FALSE,FALSE,14112,0,0,0.99,0.75,0.85,0.48,3,2,2.33,14569.47,O3_E,731.60870:39606396 732.61337:18163684 733.61804:4320292,86.09641:736838 97.61119:13149 98.98413:31251 104.10696:126287 124.99986:352776 130.57545:13449 161.44197:12552 184.07338:14389315 200.16310:17608 200.93665:13194 264.26865:47539 293.08014:15172 348.57767:13329 541.05756:15110 575.04596:15952 590.25610:16183,435078008,449068847,545044561,331484418,772119766,498182604,623649803,649978951,635281918,464791351,613536411,551071409,431418688,497633432,599104970,427876097,655891683,484368202,286329967,287929312,336144924,251302767,509186379,301384925,113510,0,0,556310405,565634031,597379086,573909042,562906898,620277953,740009149,435992336,980349684,568189743,609153660,500971903,822010054,339497867,871390222,479153742,631683541,610754490,734793182,564716841,885569322,557228558,459200586,502987507,674901659,455224893,795164363,461519966,523542792.5,199446108.5,4.346600671
Pos,14136,Yellow,12.577,732.55719,PE 35:1|PE 17:0_18:1,PE 17:0_18:1,[M+H]+,null,0.47,TRUE,10.452,732.55377,C40H78NO8P,PE,UAKUCJGIIYSFFK-UHFFFAOYSA-N,O=C(OCC(OC(=O)CCCCCCCC=CCCCCCCCC)COP(=O)(O)OCCN)CCCCCCCCCCCCCCCC,410,FALSE,TRUE,TRUE,Normalized unit: Intensity; Annotation method: Msp20250218112233_NCDK_conventional_converted_dev_1,FALSE,FALSE,14136,0,0,0.99,0.46,0.61,0.71,4,2,2.31,602.11,O5_F,732.55591:4521776 733.56058:2199916 734.56524:973749,75.35266:3124 79.05417:3409 81.06987:80742 83.08546:91626 83.92360:4079 85.10113:59912 85.41034:3225 92.23133:7906 93.16091:3210 95.08547:123940 97.10111:94028 107.08541:8199 109.10113:76626 111.08022:4268 111.11686:48229 121.10105:51922 123.11661:46207 125.13264:6957 135.11668:40531 137.13249:18352 149.13234:25483 151.14804:14324 152.98836:3866 153.12744:6548 163.14798:3833 165.16403:8213 184.03699:3391 184.07335:93995 218.04797:3334 247.24182:25823 251.23634:4446 253.25220:45307 265.25211:60242 296.29449:5278 308.29474:41956 315.00717:3608 327.28885:19553 339.28937:16915 378.27673:4284 484.53976:3989 495.39261:3673 591.53491:888075,33840678,31979063,66517037,19816847,85557033,51633453,76422316,83524575,61095155,38541746,61998952,58280164,35116348,57792778,66847790,33299839,55586537,59015764,34088184,38633980,37493257,12502348,62283477,23521735,250924,123250,32475,66378412,13131176,66131819,66018209,79833882,79591030,125648793,38552265,137692812,54692536,56457458,53997795,144203158,27381012,100292865,52548100,90277341,83056050,87983290,78712291,141699136,75457690,49766978,47641620,76007360,53276523,91222912,54207352,59593737.65,32597773.95,4.668599276
Pos,14485,Yellow,10.242,742.54071,PE 36:3|PE 18:1_18:2,PE 18:1_18:2,[M+H]+,null,0.51,TRUE,9.394,742.53809,C41H76NO8P,PE,GKAFCSRKMWFPSJ-UHFFFAOYSA-N,O=C(OCC(OC(=O)CCCCCCCC=CCC=CCCCCC)COP(=O)(O)OCCN)CCCCCCCC=CCCCCCCCC,410,FALSE,TRUE,TRUE,Normalized unit: Intensity; Annotation method: Msp20250218112233_NCDK_conventional_converted_dev_1,FALSE,FALSE,14485,0,0,0.99,0.44,0.6,0.71,4,2,2.31,1186.59,Y5_A,742.54053:4263976 743.54520:1878775 744.54986:572873,79.05410:12461 81.06985:78781 83.08541:24365 85.10106:5118 93.06973:20021 93.78603:3586 95.08549:68865 97.10104:24106 99.08031:4203 105.06998:5231 107.08544:6965 109.10108:51142 111.11667:16621 119.08540:3681 121.10117:40420 123.11687:23738 125.13284:3477 133.10095:5685 135.11696:21186 137.13254:18971 146.98180:6434 147.11678:4191 147.90337:3237 149.13248:18851 151.14825:4785 161.13232:3970 163.14848:7387 184.07339:16785 245.22604:6173 247.24202:5335 263.23669:20011 265.25262:25846 289.07022:3572 297.01001:3267 299.48071:3696 306.27890:15376 308.29453:5815 336.10883:3454 337.27319:6617 339.28986:6017 351.76660:3272 441.66034:3982 559.47089:4173 601.51947:448651 681.41980:4835 713.79828:3975,23754829,24299940,102165495,21234186,38235668,33115143,42188081,41494622,80767909,31149838,27404016,31775654,19276927,28057746,92852400,31104485,18192199,33180979,22301743,23461617,66910356,11496015,27708187,18934613,0,0,0,40879675,42407946,45641330,46213874,36653776,31452490,119370138,30053366,41354443,22425400,40221982,22557525,158639412,33261718,30662490,30018394,41360621,33485981,84967290,56566108,44503389,30683645,24952094,20819562,88694138,45208738,28187708,22745202,39728201.52,29056820.26,3.528438521
Pos,14557,Yellow,11.539,744.55597,PE 36:2|PE 18:1_18:1,PE 18:1_18:1,[M+H]+,null,0.49,TRUE,10.094,744.55377,C41H78NO8P,PE,MWRBNPKJOOWZPW-UHFFFAOYSA-N,O=C(OCC(OC(=O)CCCCCCCC=CCCCCCCCC)COP(=O)(O)OCCN)CCCCCCCC=CCCCCCCCC,410,FALSE,TRUE,TRUE,Normalized unit: Intensity; Annotation method: Msp20250218112233_NCDK_conventional_converted_dev_1,FALSE,FALSE,14557,0,0,0.99,0.45,0.6,0.7,3,2,2.31,17309.54,Y6_M,744.55548:37874424 745.56015:17401492 746.56482:5684552,76.22189:11155 79.05420:91600 81.06988:673260 83.08550:699976 85.06485:24721 85.10098:92299 93.06989:192915 95.08546:883361 97.06483:22333 97.10117:525267 99.08032:26816 107.08544:137911 109.10117:588343 109.62894:12371 111.08041:23548 111.11671:319521 113.09604:25068 121.09726:17809 121.10116:507734 123.11687:193385 125.09589:19508 125.13255:69988 127.11176:22974 135.11682:499186 137.13239:114329 139.11189:62585 141.12717:14334 147.10953:12171 149.13254:280103 151.14838:110068 153.12733:105178 155.00992:18622 163.14828:125807 165.16396:140690 167.14310:24913 177.16379:29794 183.17400:19389 184.07364:84135 184.88936:12513 191.17923:24548 205.19524:25876 246.88948:12077 247.24165:357392 265.25229:1113965 308.29468:279604 321.27863:50944 339.28943:284185 351.13837:14220 444.01733:13668 444.28723:16052 511.18176:13482 603.53516:6434486,296616040,235821385,517587065,160439384,602720190,489438916,650647023,588180612,446080095,316244588,394541036,485601836,309028901,411329852,531258886,283370893,341946898,534438992,335169851,285671296,296765855,101682170,432534378,224787368,101342,79113,0,453879778,466889013,484113519,475492933,637294424,473017716,769435762,286263773,713593132,429974434,488213211,348991450,907419721,229795899,533850054,488385101,737766927,489961120,531880413,565529136,700501846,554337422,377364322,294693677,489638299,439045962,440421202,433942933,427523220.8,186502143,2.954789954
Pos,14575,Yellow,12.313,744.59308,PC O-34:2|PC O-16:1_18:1,PC O-16:1_18:1,[M+H]+,null,0.51,TRUE,9.944,744.59021,C42H82NO7P,EtherPC,WDQJCKHLEYAETE-UHFFFAOYSA-N,O=C(OC(COCCCCCCCCC=CCCCCCC)COP(=O)([O-])OCC[N+](C)(C)C)CCCCCCCC=CCCCCCCCC,410,FALSE,TRUE,TRUE,Normalized unit: Intensity; Annotation method: Msp20250218112233_NCDK_conventional_converted_dev_1,FALSE,FALSE,14575,0,0,0.99,0.78,0.84,0.59,4,2,2.38,829.66,O8_F,744.59259:7365907 745.59726:3547924 746.60193:887031,81.06982:3525 86.09636:196412 92.31671:3204 95.08536:5632 98.98412:7449 104.10696:30828 109.10106:4974 124.99975:93412 136.24918:3741 137.45218:3536 139.30104:3178 140.68057:3632 146.39386:4234 165.37509:4591 177.14188:3753 184.07330:3689946 218.55342:3707 273.04367:3902 327.39148:3693 387.32138:3514 428.84573:4062 480.34424:21114 504.34402:18945 603.53442:15901 711.62177:4418 744.58624:19907,17009334,13739504,160113130,13170228,186714503,16960476,25917725,20596000,189246760,19375240,147766524,23063721,19858065,18870961,197771524,18711728,184252660,21069172,14916721,12444689,109815692,12273090,141581244,12712416,18140,87396,65509,71940722,72044424,71607227,71233742,20326197,21194959,244942036,16709202,251138673,19788397,29592367,18503845,247078258,15236723,230894204,21649830,24463988,20800330,213762392,25029542,245496958,20836639,19345322,16949575,213215617,18212696,200844013,20795393,73850098.59,84465352.29,3.854469158
Pos,14651,Yellow,13.678,746.57269,PE 36:1|PE 18:0_18:1,PE 18:0_18:1,[M+H]+,null,0.47,TRUE,11.091,746.5694,C41H80NO8P,PE,JQKOHRZNEOQNJE-UHFFFAOYSA-N,O=C(OCC(OC(=O)CCCCCCCC=CCCCCCCCC)COP(=O)(O)OCCN)CCCCCCCCCCCCCCCCC,410,FALSE,TRUE,TRUE,Normalized unit: Intensity; Annotation method: Msp20250218112233_NCDK_conventional_converted_dev_1,FALSE,FALSE,14651,0,0,0.98,0.49,0.6,0.74,4,2,2.32,323.58,O7_N,746.57263:2436639 747.57730:1093094 748.58197:272089,79.54499:3063 80.43374:3067 81.06994:48011 83.08549:45539 84.70896:3156 85.10108:17053 93.06985:4529 95.08553:60220 97.10110:38092 106.01312:3067 107.08525:4084 109.10126:43461 111.11671:20189 111.43105:3170 121.10104:20397 123.11684:16867 126.34350:3151 135.11676:18073 137.13248:5294 149.13245:6450 165.16415:11681 166.87598:3519 184.07349:71929 219.01793:3319 247.24171:7720 249.25812:5220 265.25262:39754 267.26807:16056 308.29468:23044 339.28976:4775 341.30450:14465 377.81079:4099 505.40500:4669 528.68451:3488 553.29974:3566 605.55109:467351 647.76611:3981 746.59369:5606,22838291,19943216,42085440,13814225,45467370,36503868,47362680,46405258,34625232,25800409,34887594,38889414,26554719,37539417,45055734,23507750,32030248,43517316,31359074,27885049,25474508,10728268,39234752,19228872,133332,41280,33130,36725977,38916674,7761331,37033364,41409904,37371318,57882751,21924279,50693932,28727362,36366348,30337255,69650975,19100646,48212407,34646706,44303888,37753132,40564212,38437111,56667825,38070754,28488038,23764884,36612525,28237570,35459626,30653017,32849459.18,13925850.68,4.406824068
Pos,14656,Yellow,12.591,746.60773,PC O-34:1|PC O-18:1_16:0,PC O-18:1_16:0,[M+H]+,null,0.49,TRUE,10.17,746.60577,C42H84NO7P,EtherPC,IQLHTKSHLGLPMG-UHFFFAOYSA-N,O=C(OC(COCCCCCCCCC=CCCCCCCCC)COP(=O)([O-])OCC[N+](C)(C)C)CCCCCCCCCCCCCCC,410,FALSE,TRUE,TRUE,Normalized unit: Intensity; Annotation method: Msp20250218112233_NCDK_conventional_converted_dev_1,FALSE,FALSE,14656,0,0,0.98,0.78,0.84,0.57,4,2,2.37,1047.28,Y3_A,746.60852:7781910 747.61319:3605681 748.61786:0,86.09637:196904 98.98389:5873 104.10693:44370 124.99975:87927 128.82884:3585 144.19040:4328 184.07332:4024111 188.72266:4393 248.13629:3502 508.37674:4156 525.05829:3779 549.67688:4258 612.91681:4413 746.50452:18972 746.60297:15352,135240050,101257262,172286353,121217321,143766283,136878006,169937676,134231600,197249870,159711355,114400874,159313426,134513840,127005554,192408030,159240538,133695615,155234197,110430128,91822840,131571738,107011195,121290506,107258890,0,0,0,159047236,160209309,158016856,153991326,172535160,142963659,276699442,148403956,198040439,162843865,182649094,114154065,332259464,118211404,178718973,149068033,167908709,129513760,199979213,190220089,185016598,149761442,129881234,99788702,212554544,151159000,147356035,135444573,145879442.3,54032996.39,2.625214107
Pos,14724,Yellow,10.16,748.52972,PE P-38:6|PE P-16:0_22:6,PE P-16:0_22:6,[M+H]+,null,0.95,TRUE,9.402,748.52759,C43H74NO7P,EtherPE,WVGALBKSWOUIEZ-UHFFFAOYSA-N,O=C(OC(COC=CCCCCCCCCCCCCCC)COP(=O)(O)OCCN)CCC=CCC=CCC=CCC=CCC=CCC=CCC,410,FALSE,TRUE,TRUE,Normalized unit: Intensity; Annotation method: Msp20250218112233_NCDK_conventional_converted_dev_1,FALSE,FALSE,14724,0,0,0.99,0.29,0.54,0.81,5,2,2.31,691.59,Y6_F,748.53015:8094798 749.53482:3549838 750.53949:0,76.99123:2968 79.05421:61324 81.06992:69779 82.51147:3251 83.04913:5790 83.08548:7123 86.07096:5737 86.09644:71081 89.63773:3355 90.03264:2928 91.05420:77593 93.06986:80982 95.04901:8500 95.08553:64600 97.06478:17866 97.10107:18447 97.53726:4212 105.06996:46135 107.08555:48651 109.06474:3451 109.10110:24033 111.02380:3204 111.11681:4361 117.06979:38271 119.08562:51254 121.10124:49865 123.11691:4397 129.06976:16080 131.08556:57497 133.10123:47305 135.08038:7388 135.11674:19299 143.08548:17287 145.10121:34493 146.98164:4821 147.08041:5070 147.11691:22174 149.09572:3825 149.13275:3675 153.01195:3304 155.08559:5013 157.10124:8050 159.11687:17542 161.13269:20277 169.10117:5367 171.11688:15599 173.13266:8079 175.14786:3760 184.07341:50261 185.07726:4186 185.13203:5542 187.14796:3549 188.69194:3907 199.14803:4858 225.49228:4622 240.74718:3069 266.28412:89038 279.26785:33057 284.29449:7031 332.90891:3498 354.27808:5526 364.26120:122482 385.27368:407458 387.85672:3589 495.99332:3705 532.86627:4160 550.60748:3396 607.50452:4359 688.44324:6532,8247473,8136838,42020388,6443783,78683225,15101167,25200211,24697328,42290771,12335915,59152255,14958180,9207541,18544244,56898635,16645350,57392489,18383361,12217371,13248271,28259373,2412062,59576144,7629947,0,0,0,34109220,39108132,36020498,37448999,25170570,27802876,77142949,12652728,116486715,15260185,22518353,20735508,90962059,20478192,99582164,21856199,29626640,25065348,66419440,31697869,125766867,20564907,19831679,13939934,56736421,24706754,87929033,16654729,33708314.4,29631298.66,2.845586493
Pos,14738,Yellow,11.971,748.58893,PC 33:0|PC 16:0_17:0a,PC 16:0_17:0,[M+H]+,null,0.55,TRUE,9.837,748.58508,C41H82NO8P,PC,ZZHHCGNROKFQKC-UHFFFAOYSA-N,O=C(OCC(OC(=O)CCCC)COP(=O)([O-])OCC[N+](C)(C)C)CCCCCCCCCCCCCCCCCCCCCCCCCCC,420,FALSE,TRUE,TRUE,Normalized unit: Intensity; Annotation method: Msp20250218112233_NCDK_conventional_converted_dev_1,FALSE,FALSE,14738,0,0,0.97,0.62,0.85,0.41,6,1,1.62,209.56,Y6_M,748.58850:2164263 749.59317:972934 750.59784:229963,78.79908:3529 84.23306:3204 84.34454:3132 86.09636:57041 93.37453:3830 104.10674:5243 120.42877:3927 124.99982:35402 145.36195:4069 145.92926:3466 175.90753:3255 184.07336:1238135 185.79512:3311 190.64244:3220 191.22202:3784 212.68361:3619 225.74988:3594 236.03854:3414 267.29199:3880 269.73685:3702 279.61841:3164 426.30167:4506 453.70538:3351 460.87936:3703 607.50439:3588 710.48114:3953 710.88751:3924 739.03680:4099 748.58246:5185,23044328,24683720,33740023,21241524,42737391,25340960,46610324,42476959,49976728,41417692,49284549,35842940,29353260,34262345,43300684,34155698,52305161,29881610,16906202,15766229,20359866,16766646,31260944,15838215,0,0,0,50637640,50685192,50151022,49652724,47875494,55604444,85035936,51013775,113834416,48762432,56884514,45812175,112368936,35890775,118933912,39600212,52744228,60555132,72734887,69352057,111197104,50321968,42713843,46719189,77445433,51612047,99217432,43216800,46675049.43,27183204.82,5.143035979
Pos,14869,Yellow,12.485,752.56116,PE P-38:4|PE P-18:0_20:4,PE P-18:0_20:4,[M+H]+,null,0.47,TRUE,10.487,752.5589,C43H78NO7P,EtherPE,ZTZQZGHJLWFLFQ-UHFFFAOYSA-N,O=C(OC(COC=CCCCCCCCCCCCCCCCC)COP(=O)(O)OCCN)CCCCCCC=CCC=CCC=CCC=CCC,410,FALSE,TRUE,TRUE,Normalized unit: Intensity; Annotation method: Msp20250218112233_NCDK_conventional_converted_dev_1,FALSE,FALSE,14869,0,0,0.98,0.22,0.4,0.9,5,2,2.29,68.76,O7_N,752.56189:5395076 753.56656:2661562 754.57123:675881,75.11678:2704 79.05418:40466 81.06985:61956 83.04905:4935 83.08553:18331 85.06482:4951 85.10112:6743 88.11207:66284 89.11541:7333 91.05420:54927 93.06992:53377 95.04892:6171 95.08547:59186 97.06484:24830 97.10120:17443 99.08031:4869 105.06982:46159 107.08547:37257 109.10116:34160 111.11674:3987 114.33622:3369 117.06993:29419 119.08555:84670 120.96615:17375 121.10120:48669 123.08056:5940 123.11683:13997 129.05467:33740 129.06979:8052 129.50276:3221 131.08565:36013 133.10118:43458 135.11679:24948 137.09589:3931 137.13254:7063 145.10124:21703 147.11682:30820 149.09596:4841 157.10107:25393 159.11696:18473 161.13245:13964 163.14809:4467 163.94975:3215 164.00839:29846 169.08638:3913 171.11693:19574 185.13246:14773 187.14789:3611 189.16371:3944 191.17903:3950 197.11745:7843 199.50612:3574 201.16414:5503 203.17950:55131 218.00060:3237 259.67368:3276 269.22626:17668 294.31552:78379 307.30005:26816 312.32419:5055 347.33243:4575 361.27353:180774 392.29211:130855 410.61908:3708 451.75851:3610 611.53168:5154 709.50488:18927 722.79401:4056 752.54053:4982,27568966,18155230,69649582,22773401,84871544,35210585,45393464,35870364,56729936,33013047,63581673,36407302,26834722,37104538,62056484,24781032,59404509,42736666,31240726,32502515,40270044,14771752,80664846,20384573,1265343,1146243,2738421,46662388,48997935,43435260,46981506,41095330,36415548,97330900,26784888,99605206,32109284,40072640,35521092,105063227,36248737,85963439,44096365,47080685,42187382,67394654,55923134,111204411,41854065,33545622,29735108,64243511,42085820,75155992,37955218,45852306.51,24787672.57,3.0030872
Pos,14920,Yellow,10.747,754.53979,PE 37:4|PE 17:0_20:4,PE 17:0_20:4,[M+H]+,null,0.49,TRUE,9.783,754.53809,C42H76NO8P,PE,CKWQBCHPEQMNNL-UHFFFAOYSA-N,O=C(OCC(OC(=O)CCCCCCC=CCC=CCC=CCC=CCC)COP(=O)(O)OCCN)CCCCCCCCCCCCCCCC,410,FALSE,TRUE,TRUE,Normalized unit: Intensity; Annotation method: Msp20250218112233_NCDK_conventional_converted_dev_1,FALSE,FALSE,14920,0,0,0.99,0.17,0.31,0.7,4,2,2.19,2698.31,QC_3,754.53979:23889038 755.54446:11093303 756.54913:2647276,75.31355:5208 78.21960:4947 79.05422:70602 81.06999:149100 83.08553:99509 85.06467:6136 85.10122:109918 86.09646:10446 91.05424:123040 93.06991:85011 95.08554:202113 97.06486:37811 97.10134:70769 99.62600:5600 102.87920:5420 105.06992:97248 107.08556:50809 109.10127:112933 111.11683:29656 117.06985:51831 119.08562:144539 119.68536:4662 120.13516:5639 121.10126:43567 123.08037:10144 123.11691:53610 128.17787:4970 129.06982:24875 131.08569:46196 133.10124:110014 135.11673:22483 137.09583:5750 137.13257:38770 142.55281:5332 143.08566:8573 145.10124:39946 146.98181:39158 147.11674:27105 149.13283:8321 151.14812:20951 155.01074:6004 157.10127:33753 159.11670:20276 161.13245:10096 163.14783:9695 171.11671:33130 175.14830:24751 179.17952:6530 183.11719:5638 184.07344:249037 185.07706:32531 185.13251:9647 187.14824:12313 189.16377:8398 192.06941:5457 201.16415:11325 203.17958:130468 213.16403:5279 235.24179:8948 238.82417:5581 253.25249:64966 258.77924:6385 269.22607:61690 271.26154:9920 287.23578:6505 296.29468:8973 325.27341:9463 327.28943:904563 330.27936:85462 361.27362:35273 381.30011:51912 549.48560:6816 571.47156:18921 610.54553:7469 613.51971:767890,99998030,103500985,159436297,73713876,264855866,156853648,231478460,263758498,156887584,150010706,192895568,170609547,88636105,171080898,174057449,137202857,174128118,177567752,106902086,116357536,93852050,51213368,215468950,76168419,0,0,382972,187229198,194721415,196903318,200878104,246060947,252193119,298421959,153959156,406844093,154392897,148412730,153471929,290432769,131185501,285143658,149741506,280495975,247985534,207301905,333455188,404662937,203440889,142787810,137165319,178735532,239777959,263157472,172376442,179424597.9,86636668.17,2.253034038
Pos,14988,Yellow,8.837,756.5556,PC 34:3|PC 16:1_18:2b,PC 16:1_18:2,[M+H]+,null,0.91,TRUE,8.785,756.55377,C42H78NO8P,PC,WWRDYQGDVGTJLY-UHFFFAOYSA-N,O=C(OCC(OC(=O)CCCCCCCCCCCCC=CCC=CCC=CCCCCCCC)COP(=O)([O-])OCC[N+](C)(C)C)CCCCC,420,FALSE,TRUE,TRUE,Normalized unit: Intensity; Annotation method: Msp20250218112233_NCDK_conventional_converted_dev_1,FALSE,FALSE,14988,0,0,0.99,0.63,0.85,0.41,6,1,1.63,1164.8,Y4_A,756.55591:2239667 757.56058:1137022 758.56524:300530,86.09638:50453 95.36013:3738 98.98398:4053 100.99583:2788 104.10686:5322 124.99979:19954 132.44942:3174 142.90964:3555 146.85349:3456 184.07346:971125 234.46777:3418 313.04742:3688 371.70889:3914 375.53448:3762 428.71442:4051 466.21918:3654 498.47128:3787 502.41531:3677 502.45255:4038 756.55304:4356,26386639,30906744,81095871,37066802,19988126,32965498,26353810,28075560,84319280,44510834,15732364,22558305,23546864,25512616,74731374,39873230,17074798,18149083,17015136,30301303,72412278,34636724,17999487,23596268,0,0,0,38204536,41620605,36911613,34203615,15180793,19166358,62529112,31266432,14433855,14970194,30581753,23807761,77183533,37667541,14505389,17484672,16756882,23588587,62003975,44857161,14463441,15277063,20613814,20692307,73171383,37229164,15035556,23581638,31305413.26,20456545.59,2.418863103
Pos,14990,Yellow,9.403,756.55603,PC 34:3|PC 16:0_18:3,PC 16:0_18:3,[M+H]+,null,0.38,TRUE,8.868,756.55377,C42H78NO8P,PC,JMAYDGBZRHQJAT-UHFFFAOYSA-N,O=C(OCC(OC(=O)CCCCCCCC=CCC=CCC=CCC)COP(=O)([O-])OCC[N+](C)(C)C)CCCCCCCCCCCCCCC,410,FALSE,TRUE,TRUE,Normalized unit: Intensity; Annotation method: Msp20250218112233_NCDK_conventional_converted_dev_1,FALSE,FALSE,14990,0,0,0.99,0.62,0.84,0.34,6,2,2.24,2406.96,Y5_E,756.55566:11887786 757.56033:5585673 758.56500:1371444,77.22736:4357 86.09637:281926 98.98397:8200 104.10692:44938 114.03868:4868 124.16175:5205 124.99982:137656 165.81554:5236 184.07338:5015034 190.60344:4551 193.19324:5169 241.92807:4958 281.47687:5514 306.72733:4602 381.49030:4948 455.35873:5725 478.32849:6523 496.34140:7624 694.20544:5878,33004297,108366957,11103874,41595234,59442330,32470025,48768474,135464393,17447304,69444520,44489956,46250820,36566527,124157859,15600337,71993213,54970156,36372612,22843763,88210353,9868397,41486073,41909356,25121372,1366450,37393,103577,65795693,82022349,69212552,63588807,42369625,161030107,20943712,75111667,95715162,43449634,45124104,177524240,21898664,51746503,115507528,43109044,54373208,168743137,20754653,99640160,94116200,48711636,35545092,143319492,19720608,69430041,74024488,44074276,59364690.96,42723026.56,2.987229844
Pos,14992,Yellow,12.174,756.55682,PE 37:3|PE 18:0_19:3,PE 18:0_19:3,[M+H]+,null,0.47,TRUE,10.358,756.55377,C42H78NO8P,PE,BWWNDQLAGFAQDL-UHFFFAOYSA-N,O=C(OCC(OC(=O)CCCCCCCCC=CCC=CCC=CCC)COP(=O)(O)OCCN)CCCCCCCCCCCCCCCCC,410,FALSE,TRUE,TRUE,Normalized unit: Intensity; Annotation method: Msp20250218112233_NCDK_conventional_converted_dev_1,FALSE,FALSE,14992,0,0,0.98,0.18,0.3,0.71,4,2,2.18,1835.13,Y5_E,756.55707:5533356 757.56174:2621748 758.56640:742778,79.05424:20416 81.06990:41533 81.42271:2898 83.08550:25411 83.60927:3444 85.06473:3368 85.10120:29935 85.49260:3444 86.09640:7569 89.26125:2971 91.05415:6175 93.06989:48481 95.08549:78849 97.06457:4522 97.10126:37064 105.06972:13784 107.08550:35780 109.10118:37753 111.11678:14499 117.06991:5474 117.17412:3510 117.72920:3071 119.08555:7834 121.10127:32856 123.11691:15470 131.08545:6947 133.10120:6904 135.11697:24764 137.13260:5658 146.98192:62073 147.11649:3431 149.09698:4763 159.11700:5808 173.13243:8121 184.07346:14602 191.17926:24699 205.19542:7323 210.09045:4152 221.18900:3806 253.25208:4671 255.04866:4005 257.22672:7334 258.70795:3684 265.20859:3493 267.26849:8057 271.24231:5243 275.23648:4842 305.79465:3529 318.27939:15354 327.28931:89841 329.97238:3725 332.29398:4484 338.63895:3682 341.30499:205918 348.43674:3714 349.27341:3679 350.49377:4145 395.31586:12500 401.66415:3611 424.02094:4249 478.09396:4119 485.89169:3562 486.07333:3783 504.10349:3635 551.50348:17443 573.48529:24204 573.54016:6685 615.53540:250714,26653380,6457164,40317451,25796332,76358530,40585627,69058826,70858929,49966154,53244466,59311502,48701789,31818585,47757547,47300020,45330594,60210266,48200947,21193560,24163679,19111134,16304201,57909143,18515720,0,0,0,61219388,58496834,13968071,61313075,71145237,72187941,78434940,59180410,155390723,52059563,49757562,47704317,89519261,37244277,117848570,50070796,78183657,73708917,61339313,105963235,153403595,56153426,38400766,33012490,54498644,66659892,85347369,46970971,53351068.88,31921302.4,4.031438506
Pos,15044,Yellow,10.125,758.57111,PC 34:2|PC 16:0_18:2a,PC 16:0_18:2,[M+H]+,null,0.16,TRUE,9.15,758.5694,C42H80NO8P,PC,RXPVDHQFHIMZPN-UHFFFAOYSA-N,O=C(OCC(OC(=O)CCCCCCCC=CCCCCCCC)COP(=O)([O-])OCC[N+](C)(C)C)CCCCCCCC=CCCCCCCC,420,FALSE,TRUE,TRUE,Normalized unit: Intensity; Annotation method: Msp20250218112233_NCDK_conventional_converted_dev_1,FALSE,FALSE,15044,0,0,1,0.7,0.85,0.45,4,1,1.67,15475.52,Y5_F,758.57086:131944232 759.57553:63653880 760.58020:15952693,86.09645:1710475 92.22771:137511 98.98409:89489 104.10691:257064 106.37133:34346 122.34087:35740 124.99989:1000486 130.21074:36655 140.04591:38122 165.66432:46671 184.07349:40100808 229.38725:45724 259.92795:37441 297.57367:39709 366.25409:37438 383.88858:47343 403.35480:38646 408.71048:40263 470.25266:47704 496.33990:42971 758.56982:174467,323941158,256562281,1597520497,594789499,285775659,249891505,245330715,303573564,1767236748,475531499,290013183,335447163,283900262,359917981,1663511824,517079136,360050574,355429351,245768009,300462485,1611099197,557848610,222053020,217962210,1144,712,0,460977046,528874528,372620409,408609514,211476367,304958825,1699129466,330299549,362010515,229893709,333257743,364945714,2060181710,726287404,467404750,325071390,236820110,403845288,1484734502,530719717,518173667,343675672,199660784,218995792,1766017184,507423072,360949914,328550048,536477497.8,509081131.6,2.254243316
Pos,15045,Yellow,10.5,758.57135,PC 34:2|PC 16:0_18:2b,PC 16:0_18:2,[M+H]+,null,0.64,TRUE,9.333,758.5694,C42H80NO8P,PC,JLPULHDHAOZNQI-UHFFFAOYSA-N,O=C(OCC(OC(=O)CCCCCCCC=CCC=CCCCCC)COP(=O)([O-])OCC[N+](C)(C)C)CCCCCCCCCCCCCCC,410,FALSE,TRUE,TRUE,Normalized unit: Intensity; Annotation method: Msp20250218112233_NCDK_conventional_converted_dev_1,FALSE,FALSE,15045,0,0,0.99,0.67,0.85,0.44,6,2,2.29,1459.9,Y4_A,758.57141:10746144 759.57608:4942342 760.58075:1364953,78.59174:4386 86.09641:364438 90.55067:3972 91.55334:4284 98.98412:24899 104.10693:45315 124.99980:142551 125.48371:4382 130.90659:3947 162.51430:4527 170.81024:4964 184.07338:6484203 238.84665:4817 370.45807:4519 426.72537:4620 478.32748:5843 520.33862:7273 554.38928:4901 671.52246:22627 758.56854:31930,107816709,154166850,101238576,61161984,182412217,107760219,155172860,217700890,108450152,122088397,135097819,149182995,119881004,206669082,112996592,123746333,181427732,130404951,76342062,117549153,76185776,45172584,140853497,77649797,14522,25615,0,166551785,151708942,177423405,167101470,152980996,299380539,198577524,118635086,278704042,163654353,166800463,259064209,239832274,52270556,299555139,131446025,176806261,270943708,200011963,150503464,235494280,138474974,116583561,204663274,185119270,70463624,209970215,128884635,147686807.4,69716463.64,2.570628343
Pos,15047,Yellow,12.413,758.57251,PE 37:2|PE 18:1_19:1,PE 18:1_19:1,[M+H]+,null,0.45,TRUE,10.486,758.5694,C42H80NO8P,PE,VYGBMMLRWMCCRC-UHFFFAOYSA-N,O=C(OCC(OC(=O)CCCCCCCC=CCCCCCCCCC)COP(=O)(O)OCCN)CCCCCCCC=CCCCCCCCC,410,FALSE,TRUE,TRUE,Normalized unit: Intensity; Annotation method: Msp20250218112233_NCDK_conventional_converted_dev_1,FALSE,FALSE,15047,0,0,0.98,0.42,0.55,0.7,4,2,2.28,119.71,Y5_P,758.57269:1030402 759.57736:500581 760.58203:3784562,77.96854:2950 79.05435:2886 81.06992:14214 83.08553:13983 86.09634:4324 95.08549:21109 96.22639:3114 97.10123:18072 106.51315:3443 109.10116:17036 111.11679:5540 111.18275:3033 114.70410:2955 121.10122:6722 131.80690:3184 135.11667:16896 140.96269:3032 149.13269:3976 184.07353:71572 190.97881:3359 197.12076:3146 201.98157:4202 247.24149:3705 265.25201:18655 270.31830:3606 279.26816:17134 299.06107:6237 415.03912:3662 444.01788:3746 446.72797:3649 459.67520:3891 617.55133:173818,10584452,5592426,23228701,6663293,17015982,12698357,16008605,11455827,25332643,12063331,12761356,18595336,10921099,9316924,25902300,9813791,11428745,18306438,11121449,6782853,13986055,4454839,13041299,1604438,23376,59829,114928,14882919,15018699,16096794,14671635,17227538,12120411,46200953,11129333,26493945,14042298,14077625,7456171,52576488,7876798,20918232,13129493,18002932,11194132,29248403,21117767,25290342,16343695,9367686,7199203,29941783,14945947,17918169,12118840,15008852.78,9686182.753,4.09982264
Pos,15056,Yellow,13.435,758.6084,PC O-35:2|PC O-17:1_18:1,PC O-17:1_18:1,[M+H]+,null,0.47,TRUE,9.948,758.60577,C43H84NO7P,EtherPC,OHSFNZCZNMJYDD-UHFFFAOYSA-N,O=C(OC(COCCCCCCCCC=CCCCCCCC)COP(=O)([O-])OCC[N+](C)(C)C)CCCCCCCC=CCCCCCCCC,410,FALSE,TRUE,TRUE,Normalized unit: Intensity; Annotation method: Msp20250218112233_NCDK_conventional_converted_dev_1,FALSE,FALSE,15056,0,0,0.98,0.7,0.82,0.47,4,2,2.3,109.96,Y5_N,758.60852:1684303 759.61319:798577 760.61786:152491,78.13586:3171 82.25700:3180 86.09639:47071 87.34512:3764 90.38177:3657 100.67498:2898 106.37554:3449 124.99986:28850 184.07339:1004985 187.86600:3412 240.85980:3542 275.21866:4217 280.61679:3723 299.06131:20266 313.32907:3684 341.30478:6583 359.02783:8041 370.18420:3265 481.62872:4155 494.36038:4751 552.60913:3577 617.55023:8029 651.06329:3933,7907218,7047980,22154214,4175730,21448241,7550606,10725792,9770213,26503379,6038623,19292359,10293854,8602941,9642477,26278736,6255371,21414363,9079201,6541406,5969786,17457410,3950582,18551674,6128061,0,0,0,14588343,15572731,15060749,14852796,11804607,13131504,39312679,6572462,35287194,12646912,12248392,9809709,33001212,3768513,26840891,9670611,12342279,12606395,32929880,8331828,30237682,11396993,9746207,10679543,33199582,6168995,26639001,10378336,14029204.47,9628265.522,3.466886364
Pos,15271,Yellow,11.282,764.56201,PE P-39:5|PE P-19:1_20:4,PE P-19:1_20:4,[M+H]+,null,0.11,TRUE,10.517,764.5589,C44H78NO7P,EtherPE,HKYVSYPKQMUULM-UHFFFAOYSA-N,O=C(OC(COC=CCCCCCCC=CCCCCCCCCC)COP(=O)(O)OCCN)CCCCCCC=CCC=CCC=CCC=CCC,410,FALSE,TRUE,TRUE,Normalized unit: Intensity; Annotation method: Msp20250218112233_NCDK_conventional_converted_dev_1,FALSE,FALSE,15271,0,0,0.99,0.08,0.15,0.88,5,2,2.21,20.88,O3_N,764.56073:1197254 765.56540:535306 766.57007:101023,76.66615:3352 78.21011:3206 79.05421:16828 81.06979:14057 85.10112:19006 86.09650:7952 87.09966:4376 87.76112:3650 91.05419:8028 92.23067:7267 92.80959:3511 93.06973:6849 95.08549:24223 97.06477:5076 97.10143:4221 102.12772:129573 105.84879:3446 107.08546:8442 109.10126:6268 111.71124:3128 117.06952:4740 119.08563:8064 120.96616:18923 121.10122:7305 124.99969:4732 129.05460:7691 131.08575:5444 133.10107:14487 147.11685:4752 150.35390:4123 157.10165:3566 158.67926:3592 164.00847:27909 184.07347:195935 185.06947:6431 185.07692:82065 186.07764:89157 187.08127:16585 203.17934:4891 207.27118:3672 211.16292:3207 306.31583:16699 313.27383:4540 361.27396:28013 390.27197:4865 404.29288:25155 601.52148:6513 623.49927:47422 623.54187:8474 625.52539:3993 721.47833:4807 761.91040:4592,1143468,1198957,8123510,815627,11776533,4158357,7189297,5563254,7053918,6289464,11363791,4545010,2306139,2105954,7728099,1656212,5312779,6450004,2999859,4003748,3165606,1584962,7597918,2207275,0,0,0,5843290,11825566,6301436,10638248,12104810,4697228,14923077,5426884,22867834,4800576,9293456,3160754,11431875,3594486,8974063,7186291,15345362,5639368,9179502,17198737,12672454,6068438,4660109,3114399,8426360,11447729,8971980,5571552,6685556.405,4687495.899,4.067704921
Pos,15346,Yellow,10.466,766.57703,PC O-36:5|PC O-16:1_20:4,PC O-16:1_20:4,[M+H]+,null,0.18,TRUE,9.667,766.57452,C44H80NO7P,EtherPC,VXQMCPDKMGAOGH-UHFFFAOYSA-N,O=C(OC(COCCCCCCCCC=CCCCCCC)COP(=O)([O-])OCC[N+](C)(C)C)CCCCCCC=CCC=CCC=CCC=CCC,410,FALSE,TRUE,TRUE,Normalized unit: Intensity; Annotation method: Msp20250218112233_NCDK_conventional_converted_dev_1,FALSE,FALSE,15346,0,0,0.99,0.72,0.77,0.6,4,2,2.35,458.98,Y4_N,766.57703:7222146 767.58169:3327848 768.58636:766874,81.06972:6462 81.59418:3296 83.08568:3699 85.10155:3632 86.09642:153989 88.11203:4845 91.05424:8035 92.23153:7507 95.08535:13560 98.98407:4386 102.12771:84073 103.13100:19834 104.10685:19812 109.10123:4305 110.94669:3503 117.49751:3802 119.08561:5175 124.99982:63023 184.07341:2394058 191.21504:3820 209.08148:3644 271.43500:3394 341.30453:5906 457.74280:3966 480.34390:5096 526.32904:17708 530.37323:4069 625.51978:56382 725.37067:7156 766.57404:16503,194129056,196864368,71243600,157352896,53711432,65001288,121199272,106843784,143928464,176811200,151517120,196499168,166086640,199360752,166107968,169561216,154057024,64762904,59389608,55740288,172661776,144317056,70540120,185286176,171192112,184977712,95891168,158211888,150658624,148709264,147826464,80637360,181007248,52602824,148853920,199676208,155335696,146134496,171984736,55366012,177734176,117475168,186431968,107758824,199086528,140763104,113713032,47837540,181045792,220066368,182779024,162094704,52413428,174464976,202739632,141062603.1,50000699.01,3.274306587
Pos,15420,Yellow,11.687,768.55536,PE 38:4|PE 18:0_20:4,PE 18:0_20:4,[M+H]+,null,0.47,TRUE,10.325,768.55377,C43H78NO8P,PE,YEHAZLUVAZKVRO-UHFFFAOYSA-N,O=C(OCC(OC(=O)CCCCCCC=CCC=CCC=CCC=CCC)COP(=O)(O)OCCN)CCCCCCCCCCCCCCCCC,410,FALSE,TRUE,TRUE,Normalized unit: Intensity; Annotation method: Msp20250218112233_NCDK_conventional_converted_dev_1,FALSE,FALSE,15420,0,0,1,0.17,0.31,0.7,4,2,2.19,11890.36,O8_E,768.55426:25415232 769.55893:12286103 770.56360:3451076,75.44066:7210 79.05421:97988 81.06989:278186 83.08557:129222 85.10117:177379 87.12183:8915 91.05418:194486 93.06987:175326 95.04905:16161 95.08549:421567 95.98961:6908 97.06479:37812 97.10120:171126 98.26052:7176 105.06986:189251 107.08548:86747 109.10116:214210 111.11681:57869 117.06988:78739 119.08552:248279 121.10120:86640 123.08035:36392 123.11671:107754 125.13232:8775 129.06990:12458 131.08548:105068 133.10118:186881 135.11673:48126 137.09592:9063 137.13269:47519 143.08571:11952 145.10114:33178 146.98178:8132 147.11690:65355 149.22931:7850 151.14868:11885 151.69383:8913 157.10164:57160 159.11673:14921 161.13266:38054 163.14818:8953 164.00830:11143 165.02159:9472 165.16434:8662 171.11684:54611 173.13255:18421 175.11172:10001 175.14850:38454 177.16397:10031 185.13261:37963 189.16411:15744 199.14850:19271 201.16402:15930 203.17937:215439 217.19391:7971 241.19508:9405 242.49535:9746 249.25737:13264 267.26840:94069 268.29733:8275 269.22635:47695 271.24197:9264 285.27795:32493 287.23660:10003 310.31070:35459 330.27869:120587 339.28931:36876 341.30499:1473016 343.26245:8669 357.83624:10334 361.27325:36616 395.31558:96031 413.65930:9144 549.78290:8985 557.67999:10281 627.53503:1206002 652.97241:10318,177939603,161950371,293810362,136419460,364781967,285511561,391083717,383032910,258653688,257316791,284774680,282833071,189923927,291756270,323962403,242232855,258613844,355081786,240553860,226826766,195570144,103125624,363263591,160794542,0,0,0,274942679,279647806,293111487,284377330,336587119,293576310,367667566,212379228,402938017,222797256,263564992,223287985,439463235,245799528,317450562,281421666,387624883,303947917,243995144,432236092,421688358,276360100,219017870,171687376,247394970,361504965,266555126,242048577,264416144.4,98793853.58,2.068820767
Pos,15496,Yellow,12.491,770.5705,PC 35:3|PC 17:0_18:3,PC 17:0_18:3,[M+H]+,null,0.47,TRUE,9.142,770.5694,C43H80NO8P,PC,JWRXJXZFMNQZBD-UHFFFAOYSA-N,O=C(OCC(OC(=O)CCCCCCCC=CCC=CCC=CCC)COP(=O)([O-])OCC[N+](C)(C)C)CCCCCCCCCCCCCCCC,410,FALSE,TRUE,TRUE,Normalized unit: Intensity; Annotation method: Msp20250218112233_NCDK_conventional_converted_dev_1,FALSE,FALSE,15496,0,0,1,0.21,0.17,0.75,6,2,2.19,912.3,Y5_F,770.57031:4562971 771.57498:2042508 772.57965:504266,78.48338:3065 81.07000:15384 83.08546:22125 85.10119:8755 86.09645:194129 86.20248:3272 93.06985:3470 95.08558:30858 96.53578:3232 97.10106:19196 101.70122:3702 107.08560:3490 109.10124:23719 110.04086:3767 121.09985:3182 123.11697:8294 124.99986:15887 135.14851:3345 146.98187:611557 151.14740:3728 157.61728:3458 184.07352:441960 238.29620:4142 239.23674:15288 241.90227:4032 253.25288:6473 268.69028:4041 310.11560:3595 441.23727:24681 455.25323:4966 478.32568:3995 492.34393:5007 500.30981:4775 504.34439:3791 504.73169:3800 565.51941:196496 587.50146:276300 629.55060:52238 711.49097:87337 770.56628:58080,21840154,18313652,41313293,21221257,50850990,25829850,43747977,41697856,51036465,42828773,41212400,37670821,25212473,33739015,46445773,35058851,45087086,33813615,19473784,19582338,26484852,17533528,41975985,16526822,0,0,0,45087847,43696373,42077958,41828090,42110240,45036274,78532566,39554041,92949262,35885561,36267486,31799573,89874282,26609385,74251492,31450582,46080977,46052781,59341350,70882917,87523047,42262801,28756490,28421584,60126871,46029661,68197082,32425976,40211093.76,20407312.78,1.427515809
Pos,15497,Yellow,9.811,770.57098,PC 35:3|PC 17:1_18:2,PC 17:1_18:2,[M+H]+,null,0.69,TRUE,9.312,770.5694,C43H80NO8P,PC,WVQVDOAAOZLSNO-UHFFFAOYSA-N,O=C(OCC(OC(=O)CCCCCCCCCCCCCCC=CCC=CCC=CCCCCCCC)COP(=O)([O-])OCC[N+](C)(C)C)CCCC,420,FALSE,TRUE,TRUE,Normalized unit: Intensity; Annotation method: Msp20250218112233_NCDK_conventional_converted_dev_1,FALSE,FALSE,15497,0,0,0.99,0.63,0.85,0.39,6,1,1.62,730.81,Y5_E,770.57098:4634234 771.57565:2264190 772.58032:714372,86.09639:145249 86.92226:3417 88.87683:3119 91.48438:3293 97.05608:3227 98.98373:5927 99.51588:3314 99.88677:3348 100.68922:3577 104.10690:26138 105.13643:3336 108.02577:3247 108.16988:3589 117.83266:3179 124.99980:65423 177.55147:4066 180.43871:3563 184.07336:2756234 207.99799:20825 226.95137:7365 290.64548:4797 320.90305:4129 374.59891:3863 394.18369:4476 621.54504:4427 646.83704:3828 770.56970:7484,31201884,48924171,31169053,32901093,43292663,27073257,38065474,19206155,41774471,47348849,35409278,34135986,31635525,50476452,33467142,45287477,44939637,28027919,15951128,31808067,26278182,29273115,32734281,21085993,1860145,2156949,0,46682516,44903840,45604978,50700703,36881743,88537728,45527633,49255039,72706276,38660728,40615921,78047977,49930404,34864325,79348884,31625768,47476356,88370764,49660266,61047118,68144139,39413273,32322843,64660788,44527775,46512966,60561674,34500761,41755955.08,18744650.22,2.050431798
Pos,15501,Yellow,13.12,770.57227,PE 38:3|PE 18:0_20:3,PE 18:0_20:3,[M+H]+,null,0.47,TRUE,10.549,770.5694,C43H80NO8P,PE,MSYFXMJDQLPRGO-UHFFFAOYSA-N,O=C(OCC(OC(=O)CCCCCCCCCC=CCC=CCC=CCC)COP(=O)(O)OCCN)CCCCCCCCCCCCCCCCC,410,FALSE,TRUE,TRUE,Normalized unit: Intensity; Annotation method: Msp20250218112233_NCDK_conventional_converted_dev_1,FALSE,FALSE,15501,0,0,0.98,0.19,0.32,0.71,4,2,2.19,1772.27,O3_F,770.57245:4320910 771.57712:2163498 772.58178:652654,79.05415:22494 80.19408:3228 81.06996:48947 83.08546:22037 83.65930:3261 85.10118:40162 86.09640:3210 87.78183:3061 89.05960:3454 91.05408:17504 93.06990:51346 95.08549:60918 95.67157:3432 96.87165:3647 97.06475:7931 97.10109:34127 105.06985:8479 107.08537:24108 109.10125:41712 111.11673:8117 117.06982:3721 119.08565:5718 121.10123:37730 123.08067:3792 123.11678:24879 128.56544:3512 131.08548:13161 133.10126:5336 135.11678:25366 137.13243:4402 145.10127:5299 146.98154:5084 155.00972:4461 159.11685:6584 184.07355:17986 184.85219:3564 187.83708:3768 190.17393:3503 205.19527:21805 226.95059:5393 238.92389:3919 244.19838:3907 267.26733:17855 271.24112:15860 273.66025:3684 282.02173:3890 285.27652:3811 289.25229:5402 299.95169:3384 310.31018:4805 310.51535:3395 332.29459:22585 341.30508:323244 351.26932:3754 363.28824:7040 395.31549:18346 432.28946:3984 467.53418:3854 629.55078:243780,25373737,21878888,47641158,21747510,83879296,40045792,66971453,65222232,50576491,53116523,63529792,51301670,28842099,42020027,54316952,40555228,61342850,49843711,23447158,22172491,21161888,12090760,64230860,15585080,0,0,0,58461434,58921940,10641474,54103592,64564016,54114152,80604483,48233776,135222211,40481972,48829594,43634386,115311407,38023973,114171274,48497074,72611265,55483657,55401490,104545847,134589505,55566751,34834309,27981222,49883527,74606440,76020195,41822803,51346498.48,30139332.62,3.724518518
Pos,15510,Yellow,12.181,770.60895,PC O-36:3|PC O-18:3_18:0,PC O-18:3_18:0,[M+H]+,null,0.51,TRUE,10.185,770.60577,C44H84NO7P,EtherPC,GMYPCDLRBGVAFP-UHFFFAOYSA-N,O=C(OC(COCCCCCCCCC=CCC=CCC=CCC)COP(=O)([O-])OCC[N+](C)(C)C)CCCCCCCCCCCCCCCCC,410,FALSE,TRUE,TRUE,Normalized unit: Intensity; Annotation method: Msp20250218112233_NCDK_conventional_converted_dev_1,FALSE,FALSE,15510,0,0,0.98,0.76,0.85,0.6,4,2,2.38,1296211,O8_N,770.60907:3658771 771.61374:1832609 772.61841:535502,76.56396:3668 82.14683:3626 85.63033:3500 86.09645:129527 93.63945:3885 98.02993:3360 98.98410:13630 100.66301:3471 104.10702:13337 124.99988:59014 127.18488:3219 129.54608:3352 143.19977:3460 146.98189:20318 153.28824:4016 168.82298:3704 184.07346:2467598 226.95131:8506 257.92136:4022 269.87091:4725 297.19464:3567 306.78015:4882 316.28857:3667 344.58163:3552 364.84393:3414 375.76364:3625 504.34500:15303 506.36063:6647 583.36957:3462 587.49994:6573 630.43469:4012 638.61566:3950 658.17267:4616 693.16229:4531 715.35590:4367 770.60529:15352,29204814,20686235,85980789,17211835,89262892,29124628,39809497,29549662,102260910,23825467,70887912,36916209,30017481,29193112,97640764,22724483,85164485,36007072,22003191,19042934,60185565,14333229,68808186,21992282,0,0,0,51061166,49701127,50665950,47361228,37614436,33741523,123145806,21775110,110931110,39597609,39004656,24340118,111096908,16046274,90511620,35073949,38313004,30747683,93180774,27036377,98261576,34884847,28596025,22752386,101287810,20380415,83212637,32091569,46804496.89,32251733.72,4.126623656
Pos,15597,Yellow,13.34,772.58801,PE 38:2|PE 18:1_20:1,PE 18:1_20:1,[M+H]+,null,0.07,TRUE,10.968,772.58508,C43H82NO8P,PE,UITCASPZWUAJBW-UHFFFAOYSA-N,O=C(OCC(OC(=O)CCCCCCCCCC=CCCCCCCCC)COP(=O)(O)OCCN)CCCCCCCC=CCCCCCCCC,410,FALSE,TRUE,TRUE,Normalized unit: Intensity; Annotation method: Msp20250218112233_NCDK_conventional_converted_dev_1,FALSE,FALSE,15597,0,0,0.98,0.38,0.51,0.71,4,2,2.27,38.98,Y3_F,772.58801:785303 773.59268:391160 774.59735:534470,80.57050:2711 81.00832:3910 81.06976:13976 83.08541:22839 87.96400:3033 95.08547:20961 97.10108:5772 109.10114:7511 112.55879:3381 121.10151:5927 135.11665:5268 184.07358:67586 207.50551:3398 207.85899:3191 252.25839:3626 265.25299:4802 293.28271:4106 386.35349:4859 433.34009:3955 595.64716:4345 631.56622:123242 676.69000:4653 718.95905:4933,3459448,1678369,6505972,2539223,4676224,4709985,5565287,2613656,5917078,4762302,3351241,5256023,3695112,2638540,6166258,4677911,1988953,5885672,4463383,2374639,4634857,2075125,4814132,3269534,18483,76659,50749,4805555,5490794,4075760,4402043,6005003,1000745,9649298,4018454,5627448,3485855,4976673,1944543,11043143,3762359,3940056,4834693,4793596,2574617,5693041,7192033,5150743,4863743,3646994,1607298,6006254,5190530,3315964,4464888,4207762.47,2060198.553,3.792462573
Pos,15605,Yellow,12.466,772.62378,PC O-36:2|PC O-18:1_18:1,PC O-18:1_18:1,[M+H]+,null,0.56,TRUE,10.495,772.62152,C44H86NO7P,EtherPC,SLADRSJRKVHHAA-UHFFFAOYSA-N,O=C(OC(COCCCCCCCCC=CCCCCCCCC)COP(=O)([O-])OCC[N+](C)(C)C)CCCCCCCC=CCCCCCCCC,410,FALSE,TRUE,TRUE,Normalized unit: Intensity; Annotation method: Msp20250218112233_NCDK_conventional_converted_dev_1,FALSE,FALSE,15605,0,0,0.98,0.63,0.63,0.47,4,2,2.25,74069.27,Y3_P,772.62433:2296969 773.62900:1105306 774.63366:0,76.95845:3362 86.01080:3970 86.09641:65580 91.40342:3336 91.76140:3351 92.23143:7756 101.14137:3302 104.10683:6942 110.43753:3105 111.16273:3105 117.00720:3297 124.99991:30603 129.83589:3521 146.98167:34980 167.35124:3622 167.97981:18756 184.07344:1187287 185.99034:6175 205.89195:3285 214.67328:3426 227.39758:3774 246.56465:4475 273.22397:3962 292.98135:3857 334.93112:4157 404.59189:3714 463.01175:4332 508.37549:4929 539.09619:4438 589.50922:14163 609.08270:4952 645.99390:4516 743.04260:3624 772.52277:77589,35134498,21718107,51553810,21949205,44342080,34925867,44255663,31489814,58448009,29850153,34370388,42972135,34921487,31652572,57832761,29343573,40236798,40933696,26968879,21741792,37802853,17816186,34493884,25346272,49436,57135,124564,40814138,41690404,38915440,39081247,46021387,35156189,84540157,27497309,59877367,43470748,43447218,25065389,90892055,19452826,49940464,39602225,44008628,32429982,59920179,37626533,53548667,42398364,32885962,21708746,62369962,27019649,43755154,36313898,37632398.29,16880927.76,2.925106202
Pos,15701,Yellow,12.371,774.60217,PC 35:1|PC 17:0_18:1,PC 17:0_18:1,[M+H]+,null,0.55,TRUE,10.273,774.60071,C43H84NO8P,PC,SXNXGNVZTLZDHE-UHFFFAOYSA-N,O=C(OCC(OC(=O)CCCCCCCC=CCCCCCCCC)COP(=O)([O-])OCC[N+](C)(C)C)CCCCCCCCCCCCCCCC,410,FALSE,TRUE,TRUE,Normalized unit: Intensity; Annotation method: Msp20250218112233_NCDK_conventional_converted_dev_1,FALSE,FALSE,15701,0,0,1,0.67,0.85,0.44,6,2,2.29,8493.82,Y3_E,774.60205:56880128 775.60672:29463418 776.61139:7710395,76.68401:16171 80.64328:14735 86.09639:1072436 89.03358:16660 89.80290:15180 91.10590:19413 98.98406:71594 104.10690:119085 105.74397:17979 115.85535:17095 124.99977:500618 126.80412:18088 138.22043:16075 164.00781:20937 176.81079:17363 184.07341:21218842 315.51953:20360 346.13638:19890 420.09732:20225 492.34210:19956 510.35733:25046 570.06329:19595 570.94946:21590 591.53467:28395 668.95624:18625 774.53137:24917 774.59827:95772,444543968,370849750,740589702,290840698,967937924,482877548,766673353,657753253,971974747,533218083,772230734,664007590,485641771,544305532,881785322,474119890,854883298,587390503,331752584,282313888,465545277,248863083,667834160,313744388,15842,40745,35092,786207709,794914267,776199272,779817391,861363271,861996652,1784128296,593468399,2009823114,810559701,772768678,590706997,1937316684,346581816,1714919684,671367768,936767565,852725056,1372673898,892137817,1819192833,871788804,590836064,547055171,1304060470,582464159,1445702908,669488591,759614577.4,457075552.2,1.884842063
Pos,15853,Yellow,10.855,778.57599,PE O-40:6|PE O-18:0_22:6,PE O-18:0_22:6,[M+H]+,null,0.16,TRUE,10.261,778.57452,C45H80NO7P,EtherPE,AKCHGCHXQRCDRW-UHFFFAOYSA-N,O=C(OC(COCCCCCCCCCCCC)COP(=O)(O)OCCN)CCCCCCCCC=CCC=CCC=CCC=CCC=CCC=CCC,420,FALSE,TRUE,TRUE,Normalized unit: Intensity; Annotation method: Msp20250218112233_NCDK_conventional_converted_dev_1,FALSE,FALSE,15853,0,0,1,0.1,0.21,0.75,1,1,1.53,66.67,O8_E,778.57599:450212 779.58066:192297 780.58532:92925,79.06811:3531 81.42822:3631 83.08551:15605 85.10104:3942 86.63116:3054 91.94247:3362 92.22817:5894 95.08545:5814 97.10107:25625 109.10104:3656 111.11686:13809 115.79910:3064 116.14326:4880 120.96616:7387 164.00854:14595 184.07344:3634 191.08096:3429 191.80508:3388 405.09009:4634 637.50555:17089 637.55542:16079,3871023,2655400,7504089,3824435,6370230,8047037,11213821,6414214,7569366,7616940,5219008,7671896,3118310,3948891,7298112,5604420,2450923,6874130,5718484,4253435,5165816,3114082,5282288,3943323,0,0,0,4655520,5527356,5488309,5174298,5631810,3319730,9658136,3782174,4638579,3505201,3955241,1607367,10284361,4258969,2535904,4094048,5129978,2558052,5207212,8291307,4297782,3955637,2846607,1087576,4677947,7765978,2185147,3995303,4815730.895,2428977.802,1.888065898
Pos,15854,Yellow,12.367,778.57605,PE O-40:6|PE O-18:1_22:5,PE O-18:1_22:5,[M+H]+,null,0.38,TRUE,10.261,778.57452,C45H80NO7P,EtherPE,AKCHGCHXQRCDRW-UHFFFAOYSA-N,O=C(OC(COCCCCCCCCCCCC)COP(=O)(O)OCCN)CCCCCCCCC=CCC=CCC=CCC=CCC=CCC=CCC,420,FALSE,TRUE,TRUE,Normalized unit: Intensity; Annotation method: Msp20250218112233_NCDK_conventional_converted_dev_1,FALSE,FALSE,15854,0,0,0.99,0.12,0.23,0.75,1,1,1.54,33.81,QC_4,778.57654:367884 779.58121:218141 780.58587:28193,79.79192:3008 81.06999:5690 83.08547:13326 95.08537:4989 97.10111:14370 111.11642:4958 113.43034:3256 116.14348:5269 120.96587:5769 122.64240:3243 123.36636:3371 131.08530:3847 136.32616:3363 140.57118:3799 164.00816:8147 173.63367:3038 181.55722:4496 197.12256:3249 211.05663:3814 248.18074:3454 355.51404:3286 592.90839:4189 637.50854:14357 637.55609:17837,2037916,1236161,8255376,1686778,6789346,3260903,4726486,3454131,7569476,2402753,6135000,3531262,1778742,2149054,7135389,2257003,3949191,3375564,2229538,2469824,4608623,983224,5048303,1998397,0,0,0,4491000,4176581,3706251,3860936,2519763,2696280,10794891,1630841,6222619,1760008,2373832,1443800,11774057,2724648,4907862,2596819,2844444,2350416,7167657,3635528,6588652,2679979,1720112,1271961,5462668,3124271,4645633,2310180,3646365.93,2466425.9,1.965129812
Pos,16073,Yellow,21.258,782.72534,TG 45:0|TG 14:0_15:0_16:0,TG 14:0_15:0_16:0,[M+NH4]+,null,1,TRUE,14.042,782.72321,C48H92O6,TG,RIBSYLFDZQICKH-UHFFFAOYSA-N,O=C(OCC(OC(=O)CCCCCCCCCCCCCC)COC(=O)CCCCCCCCCCCCCCC)CCCCCCCCCCCCC,410,FALSE,TRUE,TRUE,Normalized unit: Intensity; Annotation method: Msp20250218112233_NCDK_conventional_converted_dev_1,FALSE,FALSE,16073,0,0,0.99,0.34,0.49,0.9,5,2,2.35,64385.76,Y6_F,782.72534:254393 783.73001:123700 784.73468:56165,81.06981:4863 91.68795:3329 92.02841:3056 92.23126:18472 95.08543:5339 105.67682:3206 123.11687:4276 156.26039:3608 275.19458:4027 283.82870:3590 299.34909:3153 410.81155:3538 431.11893:3931 436.66135:4238 460.94531:3748 509.45575:16578 523.47266:19159 537.48560:14391 628.88306:3686 683.82019:5054 711.80176:3751 721.89148:3597,879192,715110,1012502,810047,1038033,718935,706536,948476,1103938,1064130,1180368,914262,1031931,881023,914389,865877,983700,904992,704541,709652,918496,806885,664996,797330,698960,739766,713002,986335,1219792,1095168,1430171,828866,1016720,1505415,885763,1430450,840074,966668,1021927,1612352,830407,1309882,993285,911065,1119527,1301003,1105165,1342336,922908,924849,1019413,2227906,706967,1507721,1013725,1009144.171,284419.0563,2.72126848
Pos,16130,Yellow,10.506,784.58691,PC 36:3|PC 16:0_20:3,PC 16:0_20:3,[M+H]+,null,0.55,TRUE,9.575,784.58508,C44H82NO8P,PC,FHYXYDNOQOCPNC-UHFFFAOYSA-N,O=C(OCC(OC(=O)CCCCCCCCCC=CCC=CCC=CCC)COP(=O)([O-])OCC[N+](C)(C)C)CCCCCCCCCCCCCCC,410,FALSE,TRUE,TRUE,Normalized unit: Intensity; Annotation method: Msp20250218112233_NCDK_conventional_converted_dev_1,FALSE,FALSE,16130,0,0,1,0.63,0.83,0.41,6,2,2.27,5286.76,Y5_F,784.58643:12149524 785.59109:5718276 786.59576:1781627,79.82458:3948 84.91425:3448 86.09640:223989 89.00375:3281 89.28391:3912 89.66704:3556 98.98402:9519 103.72902:3704 104.10696:31003 124.99991:78626 146.56226:4554 153.08530:4892 162.95575:55682 168.19040:3543 168.50446:3918 175.48224:4275 184.07343:3428968 193.43652:3972 195.64493:4478 207.99806:15742 257.89294:4397 457.73245:4150 496.33841:6120 528.34534:5237 725.45123:9406 784.51880:5591 784.58380:7078,187084835,134032314,172997864,224423466,242693727,176499074,231698179,171545230,225827898,299230190,192191570,215047705,191812296,166910804,230612929,309323467,239559589,197027162,141566501,109268483,153995507,215037748,226915005,152713331,0,0,0,234724930,222149558,238851475,234728183,196095462,179978529,228271856,274656477,307302597,214172937,234325524,154818408,289959928,283805261,345616075,202118847,229140400,176156412,217189602,369118564,291454117,198660630,183218201,140219552,226170144,307340842,255036670,196463263,207995623.9,73300041.13,2.332443028
Pos,16208,Yellow,11.302,786.60217,PC 36:2|PC 18:1_18:1,PC 18:1_18:1,[M+H]+,null,0.49,TRUE,9.829,786.60071,C44H84NO8P,PC,SNKAWJBJQDLSFF-UHFFFAOYSA-N,O=C(OCC(OC(=O)CCCCCCCC=CCCCCCCCC)COP(=O)([O-])OCC[N+](C)(C)C)CCCCCCCC=CCCCCCCCC,410,FALSE,TRUE,TRUE,Normalized unit: Intensity; Annotation method: Msp20250218112233_NCDK_conventional_converted_dev_1,FALSE,FALSE,16208,0,0,1,0.73,0.85,0.49,4,2,2.33,55419.39,O8_M,786.60211:98481376 787.60678:45753408 788.61145:12365141,76.52707:37397 83.08562:39870 86.09643:2251004 86.45702:34512 98.98409:224890 99.27418:41802 102.05468:115943 104.10689:323495 124.99984:1123563 134.95113:38970 141.12878:36015 149.08307:43581 154.21040:37150 184.07344:50041232 388.65515:50699 403.92624:41567 504.34509:90452 513.97198:43046 514.91809:47199 522.35358:133430 786.59869:232882,2038253395,1494142606,2865088227,1468947606,3018007854,2207750457,2719606542,2133025203,3645610413,2118375187,2113663990,2493938379,2162664836,1997129204,3561887808,2340220955,2704337416,2613631174,1729619357,1336680192,2487631485,1415236913,2756144226,1814675444,258701,597,19736,2632630114,2615318157,2703387072,2751590399,2925150180,2489625114,4054123687,2369684367,4137369546,2991212554,3086496266,1875561394,4490193220,1552846109,3411272055,2645447382,2798711247,2119647697,3631755679,2681125300,3400751406,2473144001,2120574932,1627168123,3600354544,2248355543,2861989551,2264861270,2432670815,914272545.2,1.856087824
Pos,16237,Yellow,15.643,787.67157,SM 40:1;O2|SM 18:1;O2/22:0,SM 18:1;O2/22:0,[M+H]+,null,0.47,TRUE,11.827,787.66882,C45H91N2O6P,SM,FJJANLYCZUNFSE-UHFFFAOYSA-N,O=C(NC(COP(=O)([O-])OCC[N+](C)(C)C)C(O)C=CCCCCCCCCCCCCC)CCCCCCCCCCCCCCCCCCCCC,410,FALSE,TRUE,TRUE,Normalized unit: Intensity; Annotation method: Msp20250218112233_NCDK_conventional_converted_dev_1,FALSE,FALSE,16237,0,0,0.99,0.74,0.84,0.46,3,2,2.32,192901.6,Y6_E,787.67084:3112753 788.67551:1583035 789.68017:419884,76.89937:3142 77.28146:3259 86.09634:84060 104.10683:14542 104.39692:3376 124.99984:43770 141.24838:3701 148.98521:3596 184.07338:1556988 218.81485:3647 264.26730:6082 306.11121:3937 351.37897:3441 390.10822:3731 400.95206:4826 402.76743:4272 531.81628:4338 535.76044:3834 590.31421:3753,41832140,46826681,47349788,33818588,62252684,42014328,51009832,58162858,55560943,46361800,53694684,48847348,43013972,55047632,50987368,40942492,63539576,42389940,32971059,40185804,37253194,28990524,54773447,32731801,0,0,0,51846673,53645416,51154915,50609012,45645674,63072248,60666848,39677779,77515706,46174535,53436692,62597440,70193865,37338916,87019682,46116632,45792901,60939331,53821703,47542085,71214088,44276395,41440291,49016889,56484892,39039439,69024792,40733040,47756297.52,16255291.95,3.491315043
Pos,16285,Yellow,13.414,788.61926,PC 36:1|PC 18:0_18:1,PC 18:0_18:1,[M+H]+,null,0.49,TRUE,10.735,788.61639,C44H86NO8P,PC,ATHVAWFAEPLPPQ-UHFFFAOYSA-N,O=C(OCC(OC(=O)CCCCCCCC=CCCCCCCCC)COP(=O)([O-])OCC[N+](C)(C)C)CCCCCCCCCCCCCCCCC,410,FALSE,TRUE,TRUE,Normalized unit: Intensity; Annotation method: Msp20250218112233_NCDK_conventional_converted_dev_1,FALSE,FALSE,16285,0,0,0.98,0.67,0.84,0.45,6,2,2.3,1027.2,O7_F,788.61914:9268271 789.62381:4654080 790.62848:1247104,75.86433:3523 77.38725:3298 86.09645:239675 96.92160:3291 104.10702:32765 124.99992:143215 126.88616:3604 142.48344:3691 156.37848:3651 184.07353:4425156 194.81339:4052 250.46162:4730 251.97203:4751 263.89584:3628 275.07443:4061 284.87402:4116 392.21814:4179 400.63843:3770 425.20779:3916 445.76715:4121 462.59317:4082 504.34613:5147 506.35510:4542 524.37164:7229 788.61749:20525,137874026,109838532,185594853,100524324,172327640,144653883,174465015,147507180,226472285,139668458,146470464,176811056,149984211,143625972,231611944,151291193,170541874,160759232,137259935,106076569,173961287,109437280,162405050,129965320,39129,25466,81661,177321081,173791616,183220956,173083513,182761209,169359744,288986240,140306539,262042926,191330717,202937272,141791791,326762675,106871553,231984084,174563460,169014574,149670615,234622028,161074901,223372880,168204832,142831011,113723782,241911230,133728335,190068345,141460256,161564945.5,59626554.37,3.639285255
Pos,16421,Yellow,8.786,792.55603,PC 37:6|PC 15:0_22:6,PC 15:0_22:6,[M+H]+,null,0.89,TRUE,8.904,792.55377,C45H78NO8P,PC,FQRXPLSTXVPNPO-UHFFFAOYSA-N,O=C(OCC(OC(=O)CCCCCCCCCCCCC=CCC=CCC=CCC=CCC=CCC=CCC)COP(=O)([O-])OCC[N+](C)(C)C)CCCC,420,FALSE,TRUE,TRUE,Normalized unit: Intensity; Annotation method: Msp20250218112233_NCDK_conventional_converted_dev_1,FALSE,FALSE,16421,0,0,0.99,0.63,0.84,0.42,6,1,1.63,1723.81,Y6_E,792.55542:5122878 793.56009:2507914 794.56476:675988,86.09640:54325 88.08077:3542 92.79055:3106 97.83808:3219 110.23193:3473 111.29242:3759 114.17747:3768 124.54870:3542 124.99989:30171 126.89841:4003 164.08139:3455 179.81270:3570 184.07341:911549 202.35988:4245 365.68863:3669 395.67053:3989 480.18246:3847 792.55054:5031,22218694,24566327,14505970,18112237,39518059,24554428,37013952,41968034,18564033,30700623,36268455,33537645,25184677,35883424,18751975,32761751,43183672,29487601,13872127,14570144,8738246,14252617,29680017,13919139,0,0,0,35860288,38457267,38334117,37105188,40713919,60824218,27391717,40523367,77048642,46475594,37410550,44441445,27039614,29789832,74128520,37966639,51690839,64375984,26981770,66844356,72561136,49635177,34239520,44552738,26691726,42824903,73081844,41575686,34734189.88,18280158.61,2.851541543
Pos,16430,Yellow,10.294,792.59198,PC O-38:6|PC O-18:2_20:4,PC O-18:2_20:4,[M+H]+,null,0.58,TRUE,9.692,792.59021,C46H82NO7P,EtherPC,BOHZCIJMIPHZKG-UHFFFAOYSA-N,O=C(OC(COCCCCCCCCC=CCC=CCCCCC)COP(=O)([O-])OCC[N+](C)(C)C)CCCCCCC=CCC=CCC=CCC=CCC,410,FALSE,TRUE,TRUE,Normalized unit: Intensity; Annotation method: Msp20250218112233_NCDK_conventional_converted_dev_1,FALSE,FALSE,16430,0,0,1,0.75,0.84,0.56,4,2,2.36,1927.86,O8_F,792.59161:5879148 793.59628:2971728 794.60095:762891,75.02451:3454 77.72906:2956 85.00784:3437 86.09639:138828 87.05522:3941 89.45116:3502 91.09927:3439 92.23177:5672 95.12774:3405 104.10687:14521 106.73559:3464 124.99989:61769 130.15904:20241 184.07339:2157160 229.17451:3515 258.15564:3702 264.95584:3970 321.72232:4487 506.36365:6874 526.32709:19016 541.55249:4024 553.55481:4574 651.53387:4856 766.18164:5182 792.59137:7529,112850438,86051759,118072014,100568253,180928909,109967558,134838516,114767939,152439830,144137411,139242096,130753725,116484609,114918885,148653019,154848884,187230907,128678389,80537451,64682465,97328023,91585276,167088773,84627141,0,4694684,0,143132821,146611155,144279296,144440557,147938095,157274419,160629865,162855569,227741420,171634623,153561663,117096101,163223463,122865237,223453496,143780761,155203223,141121636,140472632,193118134,202121846,141375715,125612726,109272987,149757469,163542544,188972694,143009510,133637756.6,46191252.76,2.233184283
Pos,16514,Yellow,10.516,794.56885,PC 37:5|PC 17:1_20:4,PC 17:1_20:4,[M+H]+,null,0.58,TRUE,8.97,794.5694,C45H80NO8P,PC,GGSPKQXXUZFLNX-UHFFFAOYSA-N,O=C(OCC(OC(=O)CCCCCCC=CCC=CCC=CCC=CCC)COP(=O)([O-])OCC[N+](C)(C)C)CCCCCCCC=CCCCCCCC,410,FALSE,TRUE,TRUE,Normalized unit: Intensity; Annotation method: Msp20250218112233_NCDK_conventional_converted_dev_1,FALSE,FALSE,16514,0,0,1,0.23,0.16,0.7,6,2,2.17,1578911,O7_M,794.56891:11965350 795.57358:5436164 796.57824:14624320,79.05399:5203 81.06985:37931 83.08547:46344 84.29347:4196 86.09644:613956 90.14538:5056 92.22760:11954 93.07006:5347 94.03856:4668 94.51156:5389 94.68465:5369 95.08557:49699 97.10114:25586 98.98409:7426 104.10691:19404 107.08553:8339 109.10111:42355 111.11678:20279 112.15533:5253 121.10126:25995 121.50436:4429 123.11682:7434 124.93739:8362 124.99984:50568 135.11694:34065 137.13257:6715 146.98189:1676034 149.13239:10009 163.85439:5096 164.99269:32909 167.98000:61712 168.17923:4641 184.07355:1793513 185.07715:31639 185.99030:29599 186.07765:8939 196.62656:5229 198.97603:4730 222.01408:36442 247.24121:7935 251.23674:33125 265.25259:32252 349.21130:7841 405.79968:4986 425.48300:4815 453.23914:34232 467.25504:48226 490.32880:19936 504.34674:9127 523.94733:6050 526.32751:11126 578.52216:9960 578.96283:6163 589.51990:455936 611.50183:1023144 735.49463:296710 751.46503:31509 794.50635:284885 794.56970:134224,170233686,183855020,221378502,104024383,269424811,192750029,259384841,284144088,252003092,188978448,203015440,230481367,165080912,227793148,232997821,176959597,230947640,207520569,133417139,138174032,159606183,86319448,226921247,124341692,0,0,0,251874282,237851056,252682105,245011207,287050426,329279751,327690993,200044138,294660870,261475523,243960049,235358994,326113739,128108508,219437531,210373156,291026708,291407582,294813210,278662972,247786045,254990289,200561919,222186213,277018160,207812259,294115554,219148862,214550095.2,76028492.44,0.692198819
Pos,16520,Yellow,9.172,794.57117,PC 37:5|PC 17:1_20:4a,PC 17:1_20:4,[M+H]+,null,0.95,TRUE,8.97,794.5694,C45H80NO8P,PC,GGSPKQXXUZFLNX-UHFFFAOYSA-N,O=C(OCC(OC(=O)CCCCCCC=CCC=CCC=CCC=CCC)COP(=O)([O-])OCC[N+](C)(C)C)CCCCCCCC=CCCCCCCC,410,FALSE,TRUE,TRUE,Normalized unit: Intensity; Annotation method: Msp20250218112233_NCDK_conventional_converted_dev_1,FALSE,FALSE,16520,0,0,0.99,0.66,0.84,0.41,6,2,2.28,3301.25,O3_P,794.57117:5800154 795.57583:3141824 796.58050:859221,86.09645:131329 92.24821:3301 98.98428:3990 104.10709:15773 124.99976:57365 133.51651:3599 151.27370:3453 184.07347:2366037 246.55716:3699 270.73810:3769 303.90912:4281 318.92566:5248 356.73883:3737 490.33005:5046 496.74277:4589 508.33868:4392 794.56915:5277,82718274,89593871,43244197,80959005,102538862,69173521,98073809,125750939,80315999,127206801,95627462,99868962,74320230,106575948,60853788,127908722,114880543,75511137,47693064,64221434,35934123,81400504,90225776,57591552,18403,0,0,103072983,101689217,104972015,105652804,90193928,162775150,74448015,140704190,176046184,118032511,94211511,119123333,81038488,91101691,162368156,81336683,99768661,141384820,77553654,149653153,139164841,99969446,78411897,120266197,70422060,115413427,143862703,87797781,93866225.93,37702915.54,2.227621653
Pos,17079,Yellow,8.923,806.57129,PC 38:6|PC 18:2_20:4,PC 18:2_20:4,[M+H]+,null,0.71,TRUE,8.873,806.5694,C46H80NO8P,PC,ZZCKHSDYCDDKIG-UHFFFAOYSA-N,O=C(OCC(OC(=O)CCCCCCCCC=CCC=CCC=CCC)COP(=O)([O-])OCC[N+](C)(C)C)CCCCCCCCC=CCC=CCC=CCC,420,FALSE,TRUE,TRUE,Normalized unit: Intensity; Annotation method: Msp20250218112233_NCDK_conventional_converted_dev_1,FALSE,FALSE,17079,0,0,0.99,0.68,0.84,0.44,4,1,1.65,50846.61,O5_P,806.57147:2791384 807.57614:1333191 808.58081:1355465,82.37681:3279 86.09641:71986 90.78033:2950 91.32964:3180 104.10693:5979 104.74163:3676 108.30939:3618 124.99981:30680 163.89185:3332 184.07350:1191224 185.92957:3323 198.52611:3409 210.06296:3790 359.76083:3539 407.51013:3783 457.33075:4090 806.57233:4649,51122438,45786138,40747088,65630740,52173257,48071013,59431258,59774661,50014568,80214984,44997707,50990232,44007289,49383225,44467272,80445831,46596968,44915028,41410398,45335679,39304404,68581970,53000861,45262617,11973,0,0,50185241,49322629,51304799,49038259,39420187,44129340,39853332,60295673,45408439,38393595,45344804,38886217,39958004,70865703,40378174,36835327,39780149,44770816,33156736,71261874,38766069,34428840,36923997,35539972,37500588,63211740,37241178,36470522,45460905.51,15645898.78,2.343257753
Pos,17234,Yellow,10.537,810.60156,PC 38:4|PC 18:1_20:3a,PC 18:1_20:3,[M+H]+,null,0.11,TRUE,9.564,810.60071,C46H84NO8P,PC,TWXNOZDNXVHOLP-UHFFFAOYSA-N,O=C(OCC(OC(=O)CCCCCCCC=CCC=CCCCCCC)COP(=O)([O-])OCC[N+](C)(C)C)CCCCCCCC=CCC=CCCCCCC,420,FALSE,TRUE,TRUE,Normalized unit: Intensity; Annotation method: Msp20250218112233_NCDK_conventional_converted_dev_1,FALSE,FALSE,17234,0,0,1,0.6,0.82,0.34,4,1,1.59,708.53,QC_2,810.60199:4308254 811.60666:2263436 812.61133:635946,84.00926:3229 86.05609:4730 86.09639:123443 86.75242:3710 90.83904:3352 92.23109:16879 104.10683:9233 120.96564:3915 124.99981:48690 162.95573:39799 163.78868:3696 184.07339:2003558 185.07646:15043 207.99815:29436 277.46188:3940 442.18240:4082 472.81961:4267 540.12073:4370 603.53467:5049 611.60699:5170 627.42084:4041 633.90314:3836 670.28186:4337 695.42804:3992 734.11176:4062 751.46478:8722 764.64972:4858 769.61322:4864 772.15570:4062 796.44739:4511 807.61987:4490,69531632,40310408,79963940,88578859,96568811,62475688,78981672,52885300,98174880,120965940,64846704,75985924,68829083,49189183,97794390,121898568,85402383,75106339,53045576,36058085,80960238,87906984,85003632,59548524,0,0,0,83858456,82860189,87389280,84373093,75900766,52152200,102292025,113537328,114566912,82391550,87214581,39896550,123562658,108274280,123582812,72947291,77927312,45591617,90776677,135329607,102818659,67572926,61918860,35990520,95686505,117942856,88236066,70459992,77364805.7,30331329.52,1.048605052
Pos,17236,Yellow,11.379,810.60229,PC 38:4|PC 18:0_20:4,PC 18:0_20:4,[M+H]+,null,0.47,TRUE,9.917,810.60071,C46H84NO8P,PC,HAKKEJDMTIQLJH-UHFFFAOYSA-N,O=C(OCC(OC(=O)CCCCCCC=CCC=CCC=CCC=CCC)COP(=O)([O-])OCC[N+](C)(C)C)CCCCCCCCCCCCCCCCC,410,FALSE,TRUE,TRUE,Normalized unit: Intensity; Annotation method: Msp20250218112233_NCDK_conventional_converted_dev_1,FALSE,FALSE,17236,0,0,1,0.65,0.8,0.45,6,2,2.29,2250.36,Y6_A,810.60223:13830470 811.60690:8409452 812.61157:3272725,77.39697:5543 78.18159:5930 79.97410:5310 84.01955:4984 85.45795:5804 86.09640:363398 98.98413:24043 104.10693:56039 121.05131:6046 123.73261:5058 124.02679:6460 124.99989:154702 146.98187:95871 167.28671:5592 184.07344:6066507 184.92610:4924 192.87770:5924 451.57513:6690 524.32928:5978 524.37195:23001 526.33032:9297 605.54181:13354 626.52051:11420 627.52527:62790 751.51337:22276 799.96539:6311 810.59381:29512,165000874,142049505,112777200,163714700,181073418,188360436,217138325,190716765,147091681,208717234,163866784,188595173,179423999,171842557,161507092,258537186,195994939,200393392,151611039,124651289,113375638,194341401,193729796,167158519,0,0,0,172119948,176859850,197505435,200938501,213934471,191355519,154083158,246441875,252552520,222566615,216258384,163134400,156324369,198936226,217740427,191800410,197359659,161923763,132706775,253027923,203868219,170533909,163366549,153031636,138368422,244585161,198445849,168662802,173456394.8,53712656.36,1.949171744
Pos,17315,Yellow,12.282,812.61768,PC 38:3|PC 18:0_20:3a,PC 18:0_20:3,[M+H]+,null,0.69,TRUE,10.314,812.61639,C46H86NO8P,PC,RSFPKBHSGZGCAF-UHFFFAOYSA-N,O=C(OCC(OC(=O)CCCCCCCCCCCCCCCCC=CCC=CCC=CCCCCCCC)COP(=O)([O-])OCC[N+](C)(C)C)CCCCC,420,FALSE,TRUE,TRUE,Normalized unit: Intensity; Annotation method: Msp20250218112233_NCDK_conventional_converted_dev_1,FALSE,FALSE,17315,0,0,1,0.54,0.7,0.4,6,1,1.58,273253.4,Y3_N,812.61768:2895455 813.62234:1625803 814.62701:308883,76.60116:3176 86.09644:101299 92.54550:3400 98.98402:4532 104.71732:3266 110.02803:3627 112.43956:3515 124.99992:37470 136.19136:3374 140.42470:3544 148.93613:3706 162.95592:85254 183.26761:3385 184.07349:1170526 190.39349:3905 196.84497:3495 200.92905:3882 207.99818:25328 256.16202:4124 284.53046:3937 303.65945:3919 327.89017:4262 480.59784:5799 502.00952:3966 591.53589:5536 629.54602:6682 753.48431:31605 812.62164:5146,14001762,7773051,16737317,13708393,21969829,14880320,21326115,11921723,22871653,22159977,19167866,19529979,15036653,11837175,22780355,22167264,21263434,18767333,11880305,7295884,13616945,14620094,19114230,12060314,0,0,0,20639917,20435064,20461130,20317437,20111474,13345000,35269800,22283300,48561314,20394700,20230340,9576916,42676276,17754172,44220567,19676265,21838628,12786665,24016303,31464782,40266259,19744395,14961979,8416208,25168340,23168101,30197179,16957136,19298683.99,9836392.891,1.587464904
Pos,17359,Yellow,15.038,813.68707,SM 42:2;O2|SM 18:1;O2/24:1,SM 18:1;O2/24:1,[M+H]+,null,0.47,TRUE,12.215,813.68439,C47H93N2O6P,SM,WKZHECFHXLTOLJ-UHFFFAOYSA-N,O=C(NC(COP(=O)([O-])OCC[N+](C)(C)C)C(O)C=CCCCCCCCCCCCCC)CCCCCCCCCCCCCC=CCCCCCCCC,410,FALSE,TRUE,TRUE,Normalized unit: Intensity; Annotation method: Msp20250218112233_NCDK_conventional_converted_dev_1,FALSE,FALSE,17359,0,0,0.99,0.75,0.84,0.47,3,2,2.32,11498730,Y4_M,813.68646:15434949 814.69113:8557375 815.69580:2520061,83.94734:4993 86.09637:487049 87.59687:5183 94.17832:5144 98.98399:32479 104.10683:88736 118.43884:5924 122.29143:6089 124.99976:226151 176.48117:5374 184.07335:8290954 191.94127:6562 192.34517:6420 196.24765:5848 231.02513:6071 238.12854:7187 264.26791:24094 270.67065:6431 331.24905:6422 331.33768:7341 612.61328:9395 795.66937:9966,273516672,243087988,377043542,224968539,416677290,281919194,356806075,321509076,447049165,326291154,394262912,335482528,286799808,290962688,393080560,287234332,443012966,287690464,225311623,215926480,281364629,203718764,404448008,218204587,0,0,0,357617581,339344672,338873750,331058077,297531848,304870198,445606272,254195245,494416406,291627179,331375489,273864215,531939655,233527738,556400504,278812390,287229222,293518752,379278411,321602496,458149824,274045812,248092879,232049313,423160524,253665767,447429456,252896880,310337265.5,111812052.7,3.293660334
Pos,17397,Yellow,13.113,814.63495,PC 38:2|PC 18:1_20:1,PC 18:1_20:1,[M+H]+,null,0.95,TRUE,10.894,814.63202,C46H88NO8P,PC,HJYITXYOCDILBF-UHFFFAOYSA-N,O=C(OCC(OC(=O)CCCCCCCC=CCCCCCCCCC)COP(=O)([O-])OCC[N+](C)(C)C)CCCCCCCC=CCCCCCCCCC,420,FALSE,TRUE,TRUE,Normalized unit: Intensity; Annotation method: Msp20250218112233_NCDK_conventional_converted_dev_1,FALSE,FALSE,17397,0,0,0.99,0.59,0.57,0.46,4,1,1.58,509021.3,O3_F,814.63470:2432049 815.63937:1219572 816.64404:413006,86.09641:61475 92.22752:10631 93.74420:3926 99.66681:3882 104.10696:6425 112.56378:3305 124.99975:34532 142.96831:3944 149.10866:3519 164.17506:4012 167.97971:24603 179.13513:3400 184.07344:1159788 185.99045:4493 186.49963:4219 188.29562:4216 192.47797:4080 220.78134:3646 273.61478:4209 298.23370:3771 312.64685:3452 329.24280:6235 443.25320:6468 443.60944:3658 465.23666:14092 523.59650:4086 530.26233:7599 814.53418:118512 814.61249:7014,27514864,14941416,45989037,24260815,38296898,28627612,33000517,19729060,49964379,30982544,27136523,34554106,29248906,17717510,57236084,36035042,33552300,30949673,28177322,16310415,48976655,25863157,41724105,28394979,0,0,0,37172400,37658113,37021605,35507536,35866993,20762706,58739050,34221797,49785789,35764888,42392885,17495778,73226182,28305117,46168678,36740254,32078712,17904782,53684672,35776164,37010060,30396865,27200308,13512141,50319512,33704247,33989102,28637197,32549590.05,14085238.91,3.596715975
Pos,18302,Yellow,11.239,836.61829,PC 40:5|PC 20:1_20:4,PC 20:1_20:4,[M+H]+,null,0.82,TRUE,10.244,836.61639,C48H86NO8P,PC,DFHZRSMKHZITPL-UHFFFAOYSA-N,O=C(OCC(OC(=O)CC=CCC=CCC=CCC=CCC=CCC)COP(=O)([O-])OCC[N+](C)(C)C)CCCCCCCCCCCCCCCCCCCCC,420,FALSE,TRUE,TRUE,Normalized unit: Intensity; Annotation method: Msp20250218112233_NCDK_conventional_converted_dev_1,FALSE,FALSE,18302,0,0,0.99,0.55,0.84,0.32,6,1,1.58,183.43,Y6_N,836.61859:1726722 837.62326:918055 838.62793:228782,75.98037:3848 82.25820:3420 86.09643:39586 93.39298:3201 95.10860:3524 98.25671:3320 124.99989:15787 125.42814:3762 134.61955:3367 145.21632:3897 146.98169:5215 173.10876:4322 178.05368:4023 184.07346:630704 205.82172:4319 206.20985:3987 215.78604:3704 225.87746:3687 334.99576:4067 359.62549:3749 514.28918:4145 575.34161:4128 618.61066:4535 700.91742:4632 710.85181:4022 768.54535:4510 773.97540:4432 785.96735:4242,22256351,10395417,17440726,25244411,27538218,23155608,29586109,15344042,26253345,33822017,17798201,26495452,24037732,15126080,24680344,39979618,29334510,28243088,21418736,12285903,20010024,35497715,31430731,26952074,0,0,0,25450095,23163381,26425752,27787942,24453079,15474298,18901432,33851298,31567565,25761276,30355880,12838035,24211637,33469328,33233335,29143619,22610205,13481528,17312818,37258360,25609126,23195952,20602205,12114635,19022711,36502980,25326433,23998767,23226365.94,8869482.42,2.271052806
Pos,18704,Yellow,20.723,846.75616,TG 50:3|TG 16:1_16:1_18:1,TG 16:1_16:1_18:1,[M+NH4]+,null,0.78,TRUE,14.128,846.75452,C53H96O6,TG,UFHNZOACKFBCOM-UHFFFAOYSA-N,O=C(OCC(OC(=O)CCCCCCCC=CCCCCCC)COC(=O)CCCCCCCC=CCCCCCCCC)CCCCCCCC=CCCCCCC,410,FALSE,TRUE,TRUE,Normalized unit: Intensity; Annotation method: Msp20250218112233_NCDK_conventional_converted_dev_1,FALSE,FALSE,18704,0,0,0.99,0.29,0.53,0.81,4,2,2.31,61323.2,O5_E,846.75623:218564 847.76089:129185 848.76556:39759,80.97167:3556 81.06977:4217 92.52811:3939 97.10110:4185 110.49977:3607 121.10148:3655 138.06113:3636 148.46735:3305 158.93130:3475 179.69931:4239 283.13168:4109 294.96143:4136 313.62366:4185 355.79340:4328 471.27936:3593 547.47235:8687 575.50293:19836,2990412,3918704,3582184,2524184,4362940,3196250,3057739,4493668,3327442,2290656,2701196,2678434,2192456,4268086,2947723,2503431,3450224,2544188,1434734,2876285,1927863,1471709,2337501,1502721,16299,9266,20396,3335105,3143249,3046623,3284326,2818002,5841643,4197392,2027454,4393569,2687469,2808719,3355173,4433701,1696055,4412850,2499954,3201616,6239185,3271855,3117691,4311323,3515727,2245296,3831835,3149858,2602414,3634274,2288069,2982129.407,1205443.202,1.936806904
Pos,19220,Yellow,21.05,860.77155,TG 51:3|TG 16:1_17:1_18:1,TG 16:1_17:1_18:1,[M+NH4]+,null,0.85,TRUE,14.271,860.7702,C54H98O6,TG,VMZMPPFYTBICED-UHFFFAOYSA-N,O=C(OCC(OC(=O)CCCCCCCC=CCCCCCCC)COC(=O)CCCCCCCC=CCCCCCCCC)CCCCCCCC=CCCCCCC,410,FALSE,TRUE,TRUE,Normalized unit: Intensity; Annotation method: Msp20250218112233_NCDK_conventional_converted_dev_1,FALSE,FALSE,19220,0,0,1,0.35,0.61,0.9,5,2,2.38,62.63,Y3_E,860.77148:266339 861.77615:172520 862.78082:71082,78.11205:3373 78.26807:3557 81.06991:3977 83.08558:4670 89.14545:3901 89.39286:3493 91.51010:3276 92.58392:3822 95.08523:3763 99.09176:3825 104.45963:3280 109.10115:3511 125.43884:3660 125.76741:3552 135.11717:4710 165.09273:4493 203.08472:3629 246.72925:3972 297.80695:3857 416.47446:4180 433.73923:3769 464.85733:3886 551.13202:4698 561.48761:15716 575.50299:17531 589.51831:17336,1691329,2636245,2460059,1409491,3005009,2069074,2508404,3664406,2738154,2092999,2557925,2026912,1446775,3421536,2515233,1782548,2748279,1973483,1109155,1702570,1362620,923418,1850306,1122759,7794,28410,797,2743967,2602703,2631091,2404881,2559178,3397276,4689281,2016934,4898660,2857442,2150818,1873470,4505628,1447144,4586604,2038608,2770342,2884204,3918588,2654345,4567008,2679492,2008179,3068981,3641500,1962433,4005006,2093407,2445688.376,1115284.759,1.568362845
Pos,19221,Yellow,21.18,860.77203,TG 51:3|TG 17:1_17:1_17:1,TG 17:1_17:1_17:1,[M+NH4]+,null,0.11,TRUE,14.259,860.7702,C54H98O6,TG,ISSGPXMQOMAFMJ-UHFFFAOYSA-N,O=C(OCC(OC(=O)CCCCCCCC=CCCCCCCC)COC(=O)CCCCCCCC=CCCCCCCC)CCCCCCCC=CCCCCCCC,410,FALSE,TRUE,TRUE,Normalized unit: Intensity; Annotation method: Msp20250218112233_NCDK_conventional_converted_dev_1,FALSE,FALSE,19221,0,0,0.99,0.04,0.12,0.72,3,2,2.13,49.4,Y5_N,860.77203:224373 861.77670:110655 862.78137:47463,76.73236:4596 84.75124:3033 85.78446:3367 86.66751:3453 89.82011:3363 92.23106:4445 94.70108:3235 95.08560:5988 95.24274:3467 96.09821:3436 101.18338:3372 112.26206:3305 123.21118:3486 153.37688:4114 179.10756:4259 198.09392:3723 212.22675:3469 240.54472:3977 241.72919:4024 262.49820:4211 353.65515:4169 379.40710:3720 575.50366:4500 714.56140:4308,1691330,2509496,2456540,1409491,3005008,2066165,2482924,3657110,2731641,2092999,2593211,2026912,1450463,3247639,2513472,1782548,2795167,1973483,1109155,1700431,1362620,923418,1824130,1122758,153819,28410,133854,898590,2602703,714584,724791,2563030,4808920,4653250,1984362,4826002,2846342,2147216,4183526,4505628,1447144,4481984,2038608,2751336,4651034,3906620,2654345,4665613,2652954,2008179,3057979,3621178,1962435,4005006,2093407,2441835.61,1256094.596,2.126002968
Pos,20557,Yellow,20.848,898.78864,TG 54:5|TG 18:1_18:2_18:2,TG 18:1_18:2_18:2,[M+NH4]+,null,0.75,TRUE,14.321,898.78583,C57H100O6,TG,VVEBTVMJPTZDHO-UHFFFAOYSA-N,O=C(OCC(OC(=O)CCCCCCCC=CCC=CCCCCC)COC(=O)CCCCCCCC=CCCCCCCCC)CCCCCCCC=CCC=CCCCCC,410,FALSE,TRUE,TRUE,Normalized unit: Intensity; Annotation method: Msp20250218112233_NCDK_conventional_converted_dev_1,FALSE,FALSE,20557,0,0,0.99,0.29,0.44,0.8,4,2,2.28,23.76,Y4_N,898.78864:228820 899.79330:147565 900.79797:62846,79.59737:3768 81.06973:4894 96.30982:3970 112.02258:4582 120.82622:3877 156.48698:4239 181.38982:4078 193.12990:3768 254.99409:4014 363.31973:4587 561.68127:4756 575.72888:4535 599.50189:8359 601.51770:21738 628.69110:4901 643.47766:4591,983475,881968,1137513,826018,784954,666209,837934,1076783,843968,895571,641666,985514,860944,939280,693924,923398,897421,651421,1290333,1100753,785316,683588,570553,527220,586165,871351,824257,772690,873413,900734,837279,808848,854812,802000,678097,913830,491685,932865,663920,769567,935328,2084261,860317,721944,984988,538333,700883,1019186,770030,650685,832552,837636,856930,1138433,1062358,855656.3881,235172.6418,3.126440033
Pos,20627,Yellow,21.457,900.80371,TG 54:4|TG 18:1_18:1_18:2,TG 18:1_18:1_18:2,[M+NH4]+,null,1,TRUE,14.508,900.80151,C57H102O6,TG,JTMWOTXEVWLTTO-UHFFFAOYSA-N,O=C(OCC(OC(=O)CCCCCCCC=CCCCCCCCC)COC(=O)CCCCCCCC=CCCCCCCCC)CCCCCCCC=CCC=CCCCCC,410,FALSE,TRUE,TRUE,Normalized unit: Intensity; Annotation method: Msp20250218112233_NCDK_conventional_converted_dev_1,FALSE,FALSE,20627,0,0,0.99,0.3,0.53,0.81,4,2,2.31,122.26,Y4_N,900.80371:685698 901.80838:464192 902.81305:133215,75.33186:3549 76.46492:4023 81.06981:17551 88.11206:7933 95.08552:18571 106.74740:3975 109.10109:6793 119.75932:3579 123.77201:3921 127.86700:4061 135.11668:7334 147.23442:4253 166.32706:3903 172.73441:3879 175.14796:3927 200.90436:4578 219.00888:3553 246.55516:4521 265.25247:17378 294.91278:4042 294.92902:4775 352.39087:3922 354.80957:4171 601.52094:54658 603.53296:24111 608.10352:4417 720.31006:4445 822.73346:5378,3864876,3713243,4157860,3806165,6208450,3909245,4166530,3093528,4071887,3659927,3842626,4315945,2832511,3696414,4393718,3739922,5229066,3511305,2507642,2146301,3606337,2559699,4237390,2682855,1081374,1211164,1690719,4673965,4866683,4326268,4097505,3664222,3709446,5350304,3248937,6199784,4421510,4939685,3921012,6658680,3722712,8951934,4229092,4755279,4326867,5431675,4609565,6696610,4359837,3550682,2777851,5005255,3580691,6340982,3822343,4112292.226,1365003.56,2.442269441
Neg,1300,Green,2.732,436.28439,LPE O-16:1,LPE O-16:1,[M-H]-,null,0.95,TRUE,6.217,436.28329,C21H44NO6P,EtherLPE,QYTPGOPLNFESQC-UHFFFAOYSA-N,O=P(O)(OCCN)OCC(O)COC=CCCCCCCCCCCCCCC,410,FALSE,TRUE,TRUE,Normalized unit: Intensity; Annotation method: Msp20250218112233_NCDK_conventional_converted_dev_1,FALSE,FALSE,1300,0,0,0.99,0.72,0.78,0.93,5,2,2.5,76837.02,Y6_N,436.28448:195527 437.28915:58340 438.29382:0,78.95918:3260 118.93364:2307 140.01141:4011 165.00137:2654 165.70468:2220 196.03787:23972 234.05937:2160 239.23834:12699 284.71442:2415 306.82339:2311 334.23715:2298 354.75003:2434 436.28302:33140,157382,105307,924748,93912,1796934,255543,390076,376139,1251457,256334,1902261,144162,194687,176899,1250538,205931,2144339,385960,112328,251597,717634,59963,1750055,126017,0,0,0,691049,1024568,783894,1019939,356930,321349,2805043,229828,1649941,258912,409379,185420,2062577,243592,3030964,173294,345636,340017,1887892,518900,4198770,253280,156354,186310,1414689,451373,1628369,161006,760354.1723,888366.6721,2.521297572
Neg,1374,Green,2.239,448.28433,LPE O-17:2,LPE O-17:2,[M-H]-,null,0.6,TRUE,5.895,448.28329,C22H44NO6P,EtherLPE,XTXFTCPRYFPFRN-UHFFFAOYSA-N,O=P(O)(OCCN)OCC(O)COC=CCCCCCCC=CCCCCCCC,410,FALSE,TRUE,TRUE,Normalized unit: Intensity; Annotation method: Msp20250218112233_NCDK_conventional_converted_dev_1,FALSE,FALSE,1374,0,0,0.99,0.56,0.69,0.88,5,2,2.43,27473.31,Y5_N,448.28433:123954 449.28900:16479 450.29367:0,76.22553:2143 78.95902:5770 92.23820:3140 104.37868:2460 105.13963:2423 108.95356:3172 115.74521:2208 118.10117:2581 124.16195:2522 140.01164:4319 183.73851:2168 196.03821:17280 196.45242:2381 196.94571:2438 251.23764:3511 444.02090:2606 448.28381:27041,26928,27620,103188,0,349253,102724,219712,230143,244783,88970,445074,70460,17134,63878,183312,0,360571,105403,13480,43170,89565,0,261520,0,0,0,0,184460,196902,131674,253056,180226,107566,732638,91779,445089,87247,100776,44636,456043,36827,659061,48696,178748,209471,509486,242412,750776,53295,52812,39568,284652,124715,283781,37103,174006.9263,185586.6404,2.319961558
Neg,1384,Green,1.563,450.2637,LPE 16:1,LPE 16:1,[M-H]-,null,0.95,TRUE,5.713,450.2626,C21H42NO7P,LPE,DSOWUEHXZJUNID-UHFFFAOYSA-N,O=C(OCC(O)COP(=O)(O)OCCN)CCCCCCCC=CCCCCCC,410,FALSE,TRUE,TRUE,Normalized unit: Intensity; Annotation method: Msp20250218112233_NCDK_conventional_converted_dev_1,FALSE,FALSE,1384,0,0,0.99,0.81,0.92,0.92,5,2,2.55,146718.3,O5_E,450.26382:420422 451.26849:96387 452.27316:11377,87.64687:2082 88.92794:2401 89.69493:2259 107.20446:2170 116.63751:2467 120.26254:2262 121.58698:2154 140.01164:4102 144.87340:2352 152.13351:2363 182.36078:2801 193.39748:2358 196.03815:32950 198.78874:2234 214.04865:9038 231.55246:2313 253.21747:261486 266.03241:2365 272.63831:2456 292.72021:2565 332.76501:2516 336.84995:2549 345.25458:2592 450.26358:18454,969782,1786478,2318812,512130,2838780,2478422,2507605,4080009,1459254,1035583,1320910,1276690,883950,1838475,1651302,887723,1356620,2188917,1122961,2069289,906507,392639,2476603,961017,0,0,0,1706983,2255114,1910862,2228972,2796043,2338578,3253406,1020625,3021882,1026771,951571,1499618,2635148,798945,1833503,931111,1991526,2305672,1339632,2403974,4448455,1433011,1225252,1421417,1783225,2399134,2101646,1257230,1702541.202,920736.3062,2.443018807
Neg,1386,Green,3.582,450.30023,LPE O-17:1,LPE O-17:1,[M-H]-,null,0.95,TRUE,6.576,450.29901,C22H46NO6P,EtherLPE,ZFWMHRYWVXSKLK-UHFFFAOYSA-N,O=P(O)(OCCN)OCC(O)COC=CCCCCCCCCCCCCCCC,410,FALSE,TRUE,TRUE,Normalized unit: Intensity; Annotation method: Msp20250218112233_NCDK_conventional_converted_dev_1,FALSE,FALSE,1386,0,0,0.99,0.66,0.82,0.93,5,2,2.5,52222.34,Y5_N,450.30023:239743 451.30490:64082 452.30957:0,78.95898:2917 80.82013:2269 87.60508:2068 100.42032:2157 101.39230:2170 104.63840:2147 107.48652:2101 108.93313:2367 119.67299:2061 128.61908:2513 132.54704:2433 140.01152:5784 149.90999:2363 182.17780:2703 196.03799:21665 253.25325:11413 450.29913:37567,146165,158706,366249,104841,745583,261492,397233,591579,633220,322778,864161,239323,206580,225761,506187,288477,951659,526418,161765,355230,322573,89994,686461,106677,0,0,0,468897,667232,534804,638599,548089,594599,1711999,440619,933082,455226,463504,322968,1165124,220775,1395699,242585,547363,538455,1106551,804406,1989490,452325,267690,422182,743259,625115,807531,288942,521022.2363,398278.8488,2.709310864
Neg,1399,Green,2.31,452.27927,LPE 16:0,LPE 16:0,[M-H]-,null,0.95,TRUE,6.237,452.27829,C21H44NO7P,LPE,YVYMBNSKXOXSKW-UHFFFAOYSA-N,O=C(OCC(O)COP(=O)(O)OCCN)CCCCCCCCCCCCCCC,410,FALSE,TRUE,TRUE,Normalized unit: Intensity; Annotation method: Msp20250218112233_NCDK_conventional_converted_dev_1,FALSE,FALSE,1399,0,0,0.99,0.88,0.9,0.93,5,2,2.56,87320.98,Y3_F,452.27936:623898 453.28403:162082 454.28869:15880,77.16360:2071 78.95914:2644 79.94398:2315 103.61301:2299 112.98571:5448 126.16540:2440 143.96780:2581 163.38741:2357 196.03795:21526 214.04814:3469 255.23315:238091 380.81812:2939 452.27869:24087,1468846,1777010,1740211,1202833,3371415,3024218,3235145,3598977,1981278,1781135,2098994,1375031,1409522,1588152,1701094,1592811,2678730,3726511,1605330,2448795,1350696,631509,3516972,1363476,0,0,0,2226299,3086757,2464219,3169899,3591634,2789864,5081880,2033845,2819425,2032572,2016086,1736003,3420593,1646974,3276102,1638551,2714874,3030778,2631254,4649468,6358687,2104623,1654036,1874774,1866481,3808861,2527477,1677430,2330875.192,1186126.31,2.16680752
Neg,1489,Green,2.816,462.30023,LPE O-18:2,LPE O-18:2,[M-H]-,null,0.95,TRUE,6.4,462.29901,C23H46NO6P,EtherLPE,URGVIWXYPWWBQO-UHFFFAOYSA-N,O=P(O)(OCCN)OCC(O)COC=CCCCCCCC=CCCCCCCCC,410,FALSE,TRUE,TRUE,Normalized unit: Intensity; Annotation method: Msp20250218112233_NCDK_conventional_converted_dev_1,FALSE,FALSE,1489,0,0,0.99,0.83,0.87,0.92,5,2,2.54,391975,Y6_M,462.30038:516729 463.30505:136214 464.30972:22420,78.95901:20267 79.12390:1904 92.23544:3582 97.26014:2082 124.10412:2331 135.44310:2295 140.01186:18429 154.35703:2583 157.79678:2176 196.03806:56271 265.25357:23309 401.24738:4864 462.29959:94080,1941455,1748708,4493621,1666003,7108769,3261993,3968708,3852981,5784590,3407689,10806999,2435812,2496922,2244137,5240194,2805122,9267842,4507389,1893630,2386539,3124632,1195789,7352949,1348220,0,0,0,4055399,5831589,4537202,5441602,4178278,3280174,11386615,3890663,6823325,3502772,3999372,2268612,8654051,2052449,12208467,2295409,3868005,3046604,8927558,6014648,12859063,3778409,2491091,2328806,5192063,5253765,5699484,2442902,4375437.668,2972184.787,2.638984669
Neg,1498,Green,1.92,464.2793,LPE 17:1,LPE 17:1,[M-H]-,null,0.95,TRUE,6.082,464.27829,C22H44NO7P,LPE,LNJNONCNASQZOB-UHFFFAOYSA-N,O=C(OCC(O)COP(=O)(O)OCCN)CCCCCCCC=CCCCCCCC,410,FALSE,TRUE,TRUE,Normalized unit: Intensity; Annotation method: Msp20250218112233_NCDK_conventional_converted_dev_1,FALSE,FALSE,1498,0,0,0.99,0.86,0.9,0.9,5,2,2.55,148788.9,Y3_F,464.27936:632910 465.28403:133895 466.28869:7642,76.59538:2371 78.95885:4123 79.16159:1961 87.53493:2442 92.23482:2659 116.30997:2332 118.23694:2616 119.43328:2808 146.68707:3055 184.97528:2457 196.03789:31727 214.04901:9961 261.09140:2620 261.28906:2702 267.23300:368318 275.61890:2630 383.88898:2724 419.23398:2667 464.27869:17160,764680,1472290,2779918,306952,3010454,2424514,2406142,3495854,1860730,861483,1639883,1187208,637545,1523240,1656855,665857,1360064,2011497,921785,1517293,1146455,196084,2270623,727946,0,0,0,1839963,2507557,2078929,2429690,3357511,2415965,5121221,958449,4246925,1294024,984627,1308317,3808399,662484,2186905,928540,2378624,2328921,2249921,2510716,5507630,1691035,1276022,1309409,3097774,2175125,2811843,1616210,1853237.914,1185539.298,2.175419402
Neg,1499,Green,4.74,464.31577,LPE O-18:1,LPE O-18:1,[M-H]-,null,0.93,TRUE,6.709,464.31461,C23H48NO6P,EtherLPE,KACDZDULGKPXHT-UHFFFAOYSA-N,O=P(O)(OCCN)OCC(O)COC=CCCCCCCCCCCCCCCCC,410,FALSE,TRUE,TRUE,Normalized unit: Intensity; Annotation method: Msp20250218112233_NCDK_conventional_converted_dev_1,FALSE,FALSE,1499,0,0,0.99,0.65,0.74,0.94,5,2,2.48,62288.94,Y4_N,464.31604:202523 465.32071:61497 466.32538:9302,78.95890:8479 90.54089:2441 98.17110:2412 99.26187:2686 109.13950:2094 110.90586:2510 111.07003:2384 113.20826:2292 114.51112:2288 131.17657:2101 138.05788:2471 140.01186:9888 196.03815:17792 210.51561:2672 247.38774:2574 267.26941:10726 327.60739:3114 361.16885:2534 402.27988:2784 464.31613:39151,208330,160266,730604,197028,1387663,387320,449400,535105,844652,424954,1697742,265905,278643,322283,940094,301348,1515228,637125,224445,326950,604992,47806,1420090,159582,0,0,0,623033,877453,711909,799044,556529,492132,2007769,457473,1240955,470774,554890,326602,1548144,339310,2057436,355749,479454,411495,1542182,874868,2290966,507818,350462,336146,877647,622013,1090211,279649,675448.5426,548365.4709,2.498306052
Neg,1512,Green,2.987,466.29498,LPE 17:0,LPE 17:0,[M-H]-,null,0.95,TRUE,6.59,466.29391,C22H46NO7P,LPE,RVNBVQKDPQVSOY-UHFFFAOYSA-N,O=C(OCC(O)COP(=O)(O)OCCN)CCCCCCCCCCCCCCCC,410,FALSE,TRUE,TRUE,Normalized unit: Intensity; Annotation method: Msp20250218112233_NCDK_conventional_converted_dev_1,FALSE,FALSE,1512,0,0,0.99,0.75,0.82,0.89,5,2,2.5,116178.2,O7_N,466.29523:195299 467.29989:28783 468.30456:0,86.50229:2099 107.85146:2214 112.98545:2945 196.03812:11612 269.24881:91185 274.50012:2775 277.31445:2362 303.06317:2701 319.31793:2632 393.48187:2673 466.29453:8734,600193,735103,579492,458836,1490010,1127687,1361861,1749953,943033,1072503,1331855,708463,629751,719251,870950,773435,1232486,1425299,578540,1004696,457282,251192,1382805,437050,0,0,0,1092178,1726313,1100161,1543230,1827944,1631344,2893459,1175608,1974105,1059766,881498,941824,1785946,584212,2289500,622814,1393235,1501400,1422311,2349578,4004557,1172424,749906,997741,922629,1905573,1720465,730424,1162215.801,713247.9469,2.294690059
Neg,1594,Green,1.74,476.27957,LPE 18:2,LPE 18:2,[M-H]-,null,0.95,TRUE,5.89,476.27829,C23H44NO7P,LPE,DBHKHNGBVGWQJE-UHFFFAOYSA-N,O=C(OCC(O)COP(=O)(O)OCCN)CCCCCCCC=CCC=CCCCCC,410,FALSE,TRUE,TRUE,Normalized unit: Intensity; Annotation method: Msp20250218112233_NCDK_conventional_converted_dev_1,FALSE,FALSE,1594,0,0,0.99,0.49,0.58,0.88,5,2,2.39,48218.68,O3_P,476.27960:91790 477.28427:8694 478.28894:6079,77.50832:2501 105.74526:2249 108.95277:2200 117.81078:2622 120.99882:2249 135.88072:2610 161.56206:2966 179.41472:2769 196.03845:3035 205.65210:2949 249.21353:2739 262.48514:2553 267.40002:2318 279.23325:46495 313.92532:2498 364.18546:3227 408.99930:3325 454.94254:2520 476.27545:4385,256243,496189,1312798,187441,1110159,880801,805760,1147827,724007,433550,447055,370116,177519,470678,803696,359712,380422,683112,286206,561188,582251,78069,843852,250600,0,0,0,649829,788590,643654,833858,998478,618826,1647715,309768,1263181,275263,268526,332100,1461402,336820,519243,292256,678008,712780,695729,959427,1477292,481774,471155,392354,802055,889193,673325,465979,610687.903,380279.517,2.6875044
Neg,1611,Green,2.409,478.29495,LPE 18:1a,LPE 18:1,[M-H]-,null,0.93,TRUE,6.366,478.29391,C23H46NO7P,LPE,PYVRVRFVLRNJLY-UHFFFAOYSA-N,O=C(OCC(O)COP(=O)(O)OCCN)CCCCCCCC=CCCCCCCCC,410,FALSE,TRUE,TRUE,Normalized unit: Intensity; Annotation method: Msp20250218112233_NCDK_conventional_converted_dev_1,FALSE,FALSE,1611,0,0,0.99,0.92,0.92,0.92,5,2,2.57,1488051,Y3_A,478.29520:3501140 479.29986:961468 480.30453:116648,78.95899:13763 79.97259:2155 86.16754:2400 87.09572:2362 92.23894:2483 92.89963:2723 96.44760:2453 97.87590:2729 136.95242:2458 140.01161:16777 152.99608:2381 153.14215:2882 162.14236:2854 196.03806:114577 214.04878:23811 281.24878:987268 410.97910:2970 478.29428:68996,11819726,16727492,15608531,6132843,30117441,32598755,31479658,35933654,17266213,11332437,12089369,8039722,8812174,9021901,15673558,8264315,14113228,27160721,12805687,18675940,10696190,4461711,34558729,13238279,0,0,0,16021551,27258278,18178683,26911025,37566698,20847711,50286847,11598721,25328786,14347676,12325393,8638241,30582698,7900543,22120261,9027042,19378139,20571647,21318389,27198568,50380882,12103400,11077987,10049810,20430795,23468355,21614983,11725547,18088853.21,11139248.68,2.174395237
Neg,1612,Green,2.233,478.29507,LPE 18:1b,LPE 18:1,[M-H]-,null,0.16,TRUE,6.366,478.29391,C23H46NO7P,LPE,PYVRVRFVLRNJLY-UHFFFAOYSA-N,O=C(OCC(O)COP(=O)(O)OCCN)CCCCCCCC=CCCCCCCCC,410,FALSE,TRUE,TRUE,Normalized unit: Intensity; Annotation method: Msp20250218112233_NCDK_conventional_converted_dev_1,FALSE,FALSE,1612,0,0,0.99,0.76,0.86,0.81,5,2,2.47,1014594,Y6_F,478.29529:1469871 479.29996:365785 480.30462:1120182,108.18717:2539 110.60322:2432 115.00374:2396 118.54945:2379 140.01187:3395 146.38936:2427 196.03738:3275 213.69690:2498 214.04895:10776 250.13889:2535 281.24890:466869 298.23093:2460 387.08969:2683 408.39352:2755 442.12683:2835 473.78027:2567 478.29382:10325,2284881,3008647,25670170,1154490,10009993,5329309,6302974,6755085,5545450,1686722,5969124,9967006,2847000,7536196,11218347,2235047,3759752,4321391,4834316,2698003,7251423,822342,6362829,2983259,0,0,0,6251295,4429572,5980319,4195829,6269720,3874422,5677641,2019045,16917506,2721280,2419086,3515844,11444554,2446730,3587703,6124899,7450218,4166057,4273954,3264328,7119627,8215922,7784267,3057153,11608887,3306961,5654538,6178887,5463818.17,4270168.017,2.425286996
Neg,1624,Green,3.935,480.31079,LPE 18:0,LPE 18:0,[M-H]-,null,0.95,TRUE,6.828,480.3096,C23H48NO7P,LPE,BBYWOYAFBUOUFP-UHFFFAOYSA-N,O=C(OCC(O)COP(=O)(O)OCCN)CCCCCCCCCCCCCCCCC,410,FALSE,TRUE,TRUE,Normalized unit: Intensity; Annotation method: Msp20250218112233_NCDK_conventional_converted_dev_1,FALSE,FALSE,1624,0,0,0.99,0.76,0.83,0.91,5,2,2.51,149320.2,O3_N,480.31076:205376 481.31543:57921 482.32010:0,92.23505:2139 116.19394:2348 135.36549:2546 137.15445:2565 143.16983:2330 146.55690:2413 148.46021:2265 196.03819:2452 214.05043:2441 283.26447:84379 376.33957:2865 480.30765:9880,1109767,1182868,1016887,883969,1926412,1841934,2190079,2400886,1484695,1681569,1636850,1228153,1141264,1225377,1392833,1456774,1908399,2476316,1044380,1729425,746893,659627,2203331,875869,0,0,0,1685628,2216173,1711669,2033440,2195857,1954228,3301806,1697361,1808001,1347911,1471177,1325712,2343028,1212507,2390192,923206,1848484,1710602,1748776,3089117,4166490,1498515,1115818,1167869,1132513,2907528,1742593,1170292,1606564.562,767198.2612,2.477568635
Neg,1682,Green,1.758,488.27963,LPE 19:3,LPE 19:3,[M-H]-,null,0.82,TRUE,6.084,488.27829,C24H44NO7P,LPE,KOBOYNYKNIGKDQ-UHFFFAOYSA-N,O=C(OCC(O)COP(=O)(O)OCCN)CCCCCCCCC=CCC=CCC=CCC,410,FALSE,TRUE,TRUE,Normalized unit: Intensity; Annotation method: Msp20250218112233_NCDK_conventional_converted_dev_1,FALSE,FALSE,1682,0,0,0.99,0.54,0.68,0.74,5,2,2.36,43446.56,Y5_N,488.27963:256900 489.28430:77375 490.28897:7282,139.89174:2997 145.33522:2909 146.48447:2484 179.33234:2301 185.13666:2469 196.03751:3763 197.59946:2579 200.33618:2707 214.04842:2585 282.05219:3293 291.23309:39547 440.45578:3005,52088,291695,223333,48363,661372,297246,586761,896311,190633,176854,202881,237934,83572,281535,184082,78319,314681,290505,33769,156813,37818,12546,471916,26575,0,0,0,482099,622142,537369,591380,914009,688424,830456,305135,2140056,274036,162045,321404,722582,163789,808132,186741,574720,641438,309526,993039,2295899,417590,180460,213507,414733,695256,881328,398040,429144.3466,445545.5508,2.744336636
Neg,1779,Green,1.616,500.2796,LPE 20:4,LPE 20:4,[M-H]-,null,0.95,TRUE,5.813,500.27829,C25H44NO7P,LPE,JPNPIRVRGLGTRE-UHFFFAOYSA-N,O=C(OCC(O)COP(=O)(O)OCCN)CCCCCCC=CCC=CCC=CCC=CCC,410,FALSE,TRUE,TRUE,Normalized unit: Intensity; Annotation method: Msp20250218112233_NCDK_conventional_converted_dev_1,FALSE,FALSE,1779,0,0,0.99,0.84,0.86,0.94,5,2,2.55,931409.1,O7_P,500.27982:1426108 501.28448:392336 502.28915:76676,78.95894:15403 84.57153:3037 107.30312:2469 140.01181:15791 156.80670:2723 167.79170:2873 188.54791:2416 196.03799:87747 205.19611:15706 214.04890:21765 221.32414:2453 259.24301:41533 303.23318:433723 338.66879:3068 500.27951:31354,6094435,9443970,16483948,4114556,19344610,17002968,14908609,17910934,8695192,7577839,9256056,8544224,5891843,9378968,11678385,7090656,8899515,13486873,9161079,10203913,8488122,3401735,18784323,8180597,0,0,0,11187233,14422969,12920486,13605511,19115761,10785120,20544910,7494088,20813108,7329138,5878499,6638884,17736347,8278037,10916253,7990349,12555115,10673236,8368627,17907631,25374440,10167545,9591069,6816525,12592867,17380924,12964058,10198013,10986728.91,5432343.057,2.618542572
Neg,1979,Green,1.51,524.27979,LPE 22:6,LPE 22:6,[M-H]-,null,0.95,TRUE,5.657,524.27832,C27H44NO7P,LPE,XEVRBOQZSXWGQO-UHFFFAOYSA-N,O=C(OCC(O)COP(=O)(O)OCCN)CCC=CCC=CCC=CCC=CCC=CCC=CCC,410,FALSE,TRUE,TRUE,Normalized unit: Intensity; Annotation method: Msp20250218112233_NCDK_conventional_converted_dev_1,FALSE,FALSE,1979,0,0,0.99,0.62,0.66,0.91,5,2,2.45,563283.1,Y5_N,524.27954:1434483 525.28421:444743 526.28888:71895,78.20494:2378 78.95902:15555 86.86785:2361 96.82156:2534 98.75421:2628 106.03656:2931 111.13195:2499 132.88882:2638 140.01176:13098 177.16519:3583 191.73997:2615 196.03801:60372 214.04878:16295 223.99339:2586 229.19641:3672 274.01550:2903 283.24307:42799 327.23328:79908 332.76755:3012 524.27911:16793,3254218,5405816,9743014,1685419,10102339,9433833,8373940,10201961,4187483,3510503,4531657,5412082,3470233,6716280,6363200,3401228,4402100,7034388,4368387,3916481,4098848,1326015,8328988,4054491,0,0,0,6781472,7471352,7503863,7480054,13103114,6765593,9275575,3998032,13714675,4407729,3236591,4932995,9522787,4671602,5673146,6127694,8422758,7570026,4169316,9409082,12257255,8483468,7131293,4668988,8524168,8739405,7983566,7534472,6234235.944,3098586.012,2.803854258
Neg,1995,Green,1.691,526.29529,LPE 22:5,LPE 22:5,[M-H]-,null,0.27,TRUE,5.877,526.29388,C27H46NO7P,LPE,OSRWIBSZJTWIKA-UHFFFAOYSA-N,O=C(OCC(O)COP(=O)(O)OCCN)CCCCCC=CCC=CCC=CCC=CCC=CCC,410,FALSE,TRUE,TRUE,Normalized unit: Intensity; Annotation method: Msp20250218112233_NCDK_conventional_converted_dev_1,FALSE,FALSE,1995,0,0,0.99,0.39,0.55,0.71,5,2,2.29,63691.01,O5_E,526.29529:145231 527.29996:41323 528.30462:0,104.14841:2360 114.65537:2446 123.66441:2551 179.44707:2513 196.03780:3770 241.20576:2597 241.21764:16671 299.33054:2725 329.24915:36711 436.16559:3632 500.12723:2535,386897,695462,2104663,280951,990024,1339266,1432632,1849701,897630,648794,780898,784422,282317,937908,1192424,529045,343027,909040,850617,632649,812098,274455,892378,871512,0,0,0,1048463,1031223,964863,1135793,1151350,437871,1522215,302024,1106960,401763,221023,291405,1565487,687874,254198,554656,732566,562239,573907,863476,919930,773881,795012,294023,1328756,889287,546888,820869,772669.2799,446629.0908,2.679111526
Neg,3871,Green,8.971,758.50085,PS 34:2|PS 16:1_18:1,PS 16:1_18:1,[M-H]-,null,0.71,TRUE,8.164,758.4978,C40H74NO10P,PS,ISTSBKDAWNZURU-UHFFFAOYSA-N,O=C(OCC(OC(=O)CCCCCCCC=CCCCCCCCC)COP(=O)(O)OCC(N)C(=O)O)CCCCCCCC=CCCCCCC,410,FALSE,TRUE,TRUE,Normalized unit: Intensity; Annotation method: Msp20250218112233_NCDK_conventional_converted_dev_1,FALSE,FALSE,3871,0,0,0.99,0.44,0.63,0.72,8,2,2.32,206509.7,Y4_E,758.50018:285561 759.50485:116312 760.50952:22645,78.95921:3383 86.66385:3246 88.93555:3004 89.69862:3467 89.76975:2898 91.97556:3134 96.11846:3269 96.52948:3184 96.96935:3898 101.38018:3639 125.28149:3183 127.36285:3046 127.99039:3167 137.03821:3197 152.99573:20331 157.95993:4204 253.21791:45323 267.23358:17121 269.03320:3448 281.24875:21166 370.31683:3753 389.21072:24651 407.22122:6833 417.24133:5649 429.41095:3823 435.24939:4207 609.66907:4413 649.40582:4181 671.46606:22944 675.36407:3565,2431406,3320830,2886481,2489981,5470129,2097124,2048334,4671473,4500864,4003840,3623257,3647256,3215068,4483944,3969865,3247436,4196230,1964773,1642624,2291299,2632179,2242373,3679812,1701721,0,0,0,4126271,4260615,4215560,3910463,2482052,5668237,4078707,2608522,5827135,3943459,3489974,4695299,5648053,2357852,6243587,3398830,3073932,5706285,4420644,3577721,5218466,3839549,2151434,4359791,5192506,2933949,4951039,2942746,3486926.855,1432207.074,4.021105928
Neg,3892,Green,8.821,759.521,PG 35:2|PG 17:1_18:1,PG 17:1_18:1,[M-H]-,null,0.27,TRUE,8.237,759.51819,C41H77O10P,PG,XSAFRXKUAFDXEW-UHFFFAOYSA-N,O=C(OCC(OC(=O)CCCCCCCC=CCCCCCCCC)COP(=O)(O)OCC(O)CO)CCCCCCCC=CCCCCCCC,410,FALSE,TRUE,TRUE,Normalized unit: Intensity; Annotation method: Msp20250218112233_NCDK_conventional_converted_dev_1,FALSE,FALSE,3892,0,0,0.98,0.57,0.63,0.71,7,2,2.34,163606.8,Y4_F,759.52100:375568 760.52566:193693 761.53033:0,75.23183:2870 78.95894:3718 82.20108:2913 84.07164:3260 123.05824:3340 143.17055:3388 152.99594:4481 156.67468:3161 175.08061:3066 233.23621:3615 243.52557:3190 253.21754:4686 254.22032:3528 267.23306:76148 281.24872:82896 282.25241:4853 296.68854:3415 571.71716:3766 657.70520:3474 752.75800:4457 759.52020:6197,132344,208230,1725451,35325,795060,275233,304525,1030705,2393291,800501,636545,376678,125787,796937,2464804,503261,751834,344839,179295,439512,1520305,82474,707154,252410,0,0,0,1079453,1051839,1329295,968673,497481,895657,4050568,698352,1887182,554502,299969,836870,4615569,135092,821797,386004,675258,827162,3086354,1145589,2030878,694131,46157,460377,3032965,662740,1081152,236651,926731.2237,988277.4195,3.699713894
Neg,3896,Green,10.313,760.51624,PS 34:1|PS 16:0_18:1,PS 16:0_18:1,[M-H]-,null,0.95,TRUE,8.451,760.51343,C40H76NO10P,PS,OIWCYIUQAVBPGV-UHFFFAOYSA-N,O=C(OCC(OC(=O)CCCCCCCC=CCCCCCCCC)COP(=O)(O)OCC(N)C(=O)O)CCCCCCCCCCCCCCC,410,FALSE,TRUE,TRUE,Normalized unit: Intensity; Annotation method: Msp20250218112233_NCDK_conventional_converted_dev_1,FALSE,FALSE,3896,0,0,0.98,0.56,0.75,0.73,8,2,2.37,2147744,Y4_F,760.51617:3716365 761.52084:1701198 762.52551:441316,75.11418:3656 76.57549:3431 78.95903:206559 79.40633:4061 92.97369:3400 94.22919:3491 96.96960:36777 111.13811:3701 111.24057:3164 115.58212:3378 116.58159:3352 132.65073:3484 134.98532:8661 137.95824:3388 141.34323:3326 142.62204:3306 152.59756:3748 152.99583:407103 171.00658:5327 197.14789:3638 198.45551:3338 205.92517:3364 236.26074:3894 255.23318:853221 260.24820:3755 267.23343:15811 269.24847:40348 281.24884:338767 283.26468:7712 301.21619:3696 330.43668:3809 359.48538:3799 391.22607:335304 405.24130:18889 409.23663:136507 417.24152:68379 435.25275:17524 532.04773:4188 642.50708:3964 650.98334:4276 673.48230:146914 760.51605:4232,28384873,27027999,31260683,23213233,57691603,24084482,24445837,38943752,41332036,31068174,37126076,37048277,33348124,37556445,39908649,27691747,44377207,24663114,21165253,23082392,26747426,17907039,39796345,20333339,0,0,0,37362267,36971897,38025420,36863997,27112358,45635595,42613162,34342243,56380105,38745052,37613389,36477603,53932600,21903061,55455742,33203842,30455206,44936714,50921623,33788052,52301617,39339658,26902079,31939869,49420155,26742701,51114668,30246494,33799114.06,12843816.1,3.694872292
Neg,4097,Green,11.138,774.53094,PS 35:1|PS 17:0_18:1,PS 17:0_18:1,[M-H]-,null,0.91,TRUE,8.676,774.52911,C41H78NO10P,PS,UNBDIKFARPKNLC-UHFFFAOYSA-N,O=C(OCC(OC(=O)CCCCCCCC=CCCCCCCCC)COP(=O)(O)OCC(N)C(=O)O)CCCCCCCCCCCCCCCC,410,FALSE,TRUE,TRUE,Normalized unit: Intensity; Annotation method: Msp20250218112233_NCDK_conventional_converted_dev_1,FALSE,FALSE,4097,0,0,0.98,0.56,0.73,0.75,8,2,2.37,1574054,Y3_P,774.53204:2105603 775.53671:925920 776.54138:258590,77.42770:3391 78.95903:86354 84.15535:3236 87.15768:3720 96.96958:17797 99.33632:3385 100.39728:3334 113.87063:3396 114.18751:3770 114.42931:3551 115.19970:3708 139.55878:4075 142.74426:3503 152.99580:215388 176.44131:3290 220.34064:3374 235.74500:4125 244.58875:3613 255.23340:8338 267.23465:5340 269.24887:474725 281.24893:192550 283.26486:25427 285.25891:8018 293.26709:3568 295.26462:6382 325.64261:4198 329.24902:28230 403.84433:3759 405.24176:177509 417.24191:41027 419.25671:7084 419.75400:3729 423.25241:88955 435.25269:6705 462.30093:4979 631.36554:4015 687.49805:80783 774.52820:4221,17481362,17644485,19914382,12692436,40525574,14772778,17561980,29298406,31839772,20843348,28751214,28203390,21714583,25903903,28285460,18204406,31427755,16093741,13337074,14294532,17160925,9909455,25725832,10515799,0,0,0,26927506,29285325,29448342,27193118,22230766,38968666,39596377,24634210,54834761,31500665,26724792,25601005,44358077,12416878,45743512,21635744,23643238,37601129,42218381,24028906,48389050,30413993,18227288,24953505,40524469,18845260,46471932,21316542,25269746.02,12028497.64,2.362725915
Neg,4208,Green,10.308,782.49854,PS 36:4|PS 18:2_18:2,PS 18:2_18:2,[M-H]-,null,0.91,TRUE,8.174,782.4978,C42H74NO10P,PS,ZTNFQEXYTMNFHG-UHFFFAOYSA-N,O=C(OCC(OC(=O)CCCCCCCC=CCC=CCCCCC)COP(=O)(O)OCC(N)C(=O)O)CCCCCCCC=CCC=CCCCCC,410,FALSE,TRUE,TRUE,Normalized unit: Intensity; Annotation method: Msp20250218112233_NCDK_conventional_converted_dev_1,FALSE,FALSE,4208,0,0,0.99,0.25,0.41,0.77,5,2,2.25,303673.2,Y4_N,782.49945:480530 783.50412:228886 784.50879:24180,85.69819:4270 91.61338:3327 99.84570:3529 101.56303:2969 107.08948:3409 109.95956:3042 114.30859:2962 116.87951:3125 119.77853:3029 126.85494:2989 127.48636:4029 152.99553:18341 178.97005:3555 255.23285:28292 271.85541:3471 272.54349:3869 279.23306:46033 279.26834:3653 281.24893:41537 305.24844:16583 320.97870:4785 366.26581:3905 387.60681:3837 391.22617:33665 417.24161:5067 431.21606:4898 437.01215:3547 450.80066:4007 460.97247:3850 467.21677:3762 518.25006:33070 532.26648:5362 544.26447:5839 582.29871:3720 606.53027:3653 695.46399:17566 782.49225:68238,4142910,3478034,4751816,3133197,8126396,3237932,3594598,5062069,5604719,4409646,5073012,5325016,4586691,4953737,5780965,4230336,5728596,3270295,3021255,3172167,4128275,2389836,5666311,2876994,0,0,0,3843859,5828990,4610491,5203348,3693990,5619061,6430036,4706721,7653294,5380332,5297451,4500538,7709594,3144564,5875848,5125500,4849563,5847894,7202452,4820468,6986228,5239158,3902744,3716036,6730003,3875330,6850141,4227001,4629371.576,1725027.142,0.94568956
Neg,4210,Green,8.979,782.50043,PS 36:4|PS 16:0_20:4,PS 16:0_20:4,[M-H]-,null,0.91,TRUE,8.164,782.4978,C42H74NO10P,PS,FNOBGXQUVKEMEE-UHFFFAOYSA-N,O=C(OCC(OC(=O)CCCCCCC=CCC=CCC=CCC=CCC)COP(=O)(O)OCC(N)C(=O)O)CCCCCCCCCCCCCCC,410,FALSE,TRUE,TRUE,Normalized unit: Intensity; Annotation method: Msp20250218112233_NCDK_conventional_converted_dev_1,FALSE,FALSE,4210,0,0,0.99,0.43,0.65,0.56,8,2,2.25,258165,Y5_M,782.50037:438459 783.50503:185308 784.50970:64094,78.95899:20828 79.48363:3323 82.72810:3066 85.11014:2754 92.23841:12138 101.00761:3091 113.42309:3630 135.91869:3655 140.24355:3530 142.27211:3359 152.99577:57288 154.45512:3258 213.68359:3229 246.21114:3487 255.23329:127654 303.23312:35386 320.20996:3718 338.62991:3964 391.22684:35828 409.23718:31572 580.09998:3574 695.46362:14079 785.38043:4709,2465659,2539260,2002957,2793521,5808845,2042052,2120743,4464350,2763706,4111608,4140594,3601997,2946266,3996402,2524642,3593551,4696919,2129919,1759750,2022447,1420630,2031797,4058258,1921297,0,0,0,3412785,3776845,3696269,3395764,2554560,4224710,2796976,4034175,5373965,3265280,3644084,3731544,3432037,3072381,5491159,3156866,3003235,4330257,3649544,4570297,5744211,3819063,2441635,3214485,3138622,3579190,5268476,2800261,3210469.952,1292839.774,3.361031814
Neg,4284,Green,10.264,786.53186,PS 36:2|PS 18:1_18:1,PS 18:1_18:1,[M-H]-,null,0.95,TRUE,8.486,786.52911,C42H78NO10P,PS,WTBFLCSPLLEDEM-UHFFFAOYSA-N,O=C(OCC(OC(=O)CCCCCCCC=CCCCCCCCC)COP(=O)(O)OCC(N)C(=O)O)CCCCCCCC=CCCCCCCCC,410,FALSE,TRUE,TRUE,Normalized unit: Intensity; Annotation method: Msp20250218112233_NCDK_conventional_converted_dev_1,FALSE,FALSE,4284,0,0,0.98,0.55,0.75,0.66,5,2,2.34,1741850,Y6_N,786.53186:2565604 787.53653:1267292 788.54120:344037,76.23492:3440 78.62318:3160 78.95900:144038 83.16129:3331 92.23837:11945 96.96957:20503 106.56757:3417 152.33748:3326 152.99579:312528 184.52071:3456 267.23337:6926 279.23337:18711 280.98193:4269 281.24872:956791 319.77499:4117 335.65002:4126 355.04956:3962 417.24176:309886 435.25180:126435 442.57788:4124 670.02612:4578 699.49823:108466 733.97205:4168 786.52954:5738,24092605,19420436,29556157,18824064,45855954,19030797,21597262,28007597,42445682,26981428,29663061,32185889,27913721,25466267,38172575,23247625,32178540,20005209,17687781,15942026,27774721,15397235,31023221,17579592,0,0,0,30053133,31472825,30579015,31028510,24594137,32010097,44875994,27934339,43643956,33296501,33893713,24936309,55381960,16711404,41277977,28786051,25771109,30545398,48438268,25732887,39192963,31867591,21136729,22270850,46857827,20696909,37508877,24015522,27901096.33,11242111.37,3.496374089
Neg,4348,Green,7.321,791.48969,PG 38:7|PG 16:1_22:6,PG 16:1_22:6,[M-H]-,null,0.95,TRUE,8.407,791.48688,C44H73O10P,PG,BRJYLBKRWAAAEC-UHFFFAOYSA-N,O=C(OCC(OC(=O)CCC=CCC=CCC=CCC=CCC=CCC=CCC)COP(=O)(O)OCC(O)CO)CCCCCCCC=CCCCCCC,410,FALSE,TRUE,TRUE,Normalized unit: Intensity; Annotation method: Msp20250218112233_NCDK_conventional_converted_dev_1,FALSE,FALSE,4348,0,0,0.97,0.42,0.54,0.73,7,2,2.29,92110.29,O3_N,791.49084:137660 792.49551:84201 793.50018:0,88.29061:2931 103.54997:3186 112.57590:3378 124.69538:3540 124.84560:3021 137.33575:3929 152.99597:3697 155.18045:3177 176.34239:3432 235.82753:4105 253.21722:46285 279.11395:3763 283.24353:3453 327.23413:15863 354.26932:3695 394.33209:3843 408.83252:3435 469.77850:4008 791.49377:4464,806116,969231,541605,560499,1569998,621170,767490,1319265,978762,871532,1051412,875657,998413,1622610,1303676,1101991,1695172,879632,716898,1115176,808508,476062,2066877,695718,0,0,0,1060701,1155679,957515,1226577,1022886,1550090,895790,856541,1547986,884346,1024803,1473149,951993,554367,1308844,1031879,1110303,1624833,940714,1001363,1648372,1007716,853652,1113237,1049319,864366,1442066,759619,1006039.609,410703.8744,3.550279949
Neg,4439,Green,9.632,796.51599,PS 37:4|PS 17:0_20:4,PS 17:0_20:4,[M-H]-,null,0.71,TRUE,8.344,796.51343,C43H76NO10P,PS,NYRLAGYOGZBIFV-UHFFFAOYSA-N,O=C(OCC(OC(=O)CCCCCCC=CCC=CCC=CCC=CCC)COP(=O)(O)OCC(N)C(=O)O)CCCCCCCCCCCCCCCC,410,FALSE,TRUE,TRUE,Normalized unit: Intensity; Annotation method: Msp20250218112233_NCDK_conventional_converted_dev_1,FALSE,FALSE,4439,0,0,0.99,0.46,0.63,0.76,8,2,2.34,354657.3,Y3_E,796.51605:569200 797.52072:283695 798.52539:121883,75.07683:2961 76.66064:2999 76.72057:2803 78.95914:14595 83.45042:4421 92.23893:8135 100.63072:3221 103.87428:3311 111.10964:4107 121.30894:3009 130.55263:3260 148.62282:4912 152.99586:50347 169.84901:3266 235.44472:4066 236.10187:4399 248.18832:4360 261.60706:3903 269.24887:79177 303.23331:34061 405.24112:41379 419.35880:3709 423.22357:3498 423.25272:22352 465.17313:4049 597.70807:3655 709.48322:27024 759.94678:3523 796.51666:4988,2952228,3124812,2090365,2949251,6357623,1813479,2733295,4619906,3665398,4767348,5301269,4610878,3728811,4456478,3439731,4343383,5574027,2094092,1388910,1755675,1711313,2439040,4421408,1651982,0,0,0,4421067,4879821,4502943,4499033,3016063,6332716,4168292,5877871,9069907,4129217,4467752,4794473,4985606,3787166,8951412,3244111,3810070,6547057,5289333,5310660,8031444,4566067,3024786,4435613,4792982,3973339,7834855,3589610,4078617.623,1965576.767,3.214007327
Neg,4628,Green,8.956,808.51587,PS 38:5|PS 18:1_20:4,PS 18:1_20:4,[M-H]-,null,0.93,TRUE,8.357,808.51343,C44H76NO10P,PS,YEPDLFVZBAYNRO-UHFFFAOYSA-N,O=C(OCC(OC(=O)CCCCCCC=CCC=CCC=CCC=CCC)COP(=O)(O)OCC(N)C(=O)O)CCCCCCCC=CCCCCCCCC,410,FALSE,TRUE,TRUE,Normalized unit: Intensity; Annotation method: Msp20250218112233_NCDK_conventional_converted_dev_1,FALSE,FALSE,4628,0,0,0.99,0.54,0.73,0.66,8,2,2.33,435968.6,Y3_E,808.51605:607029 809.52072:298942 810.52539:65199,78.95893:14170 105.57426:3331 120.17120:4219 141.73779:3350 150.85236:3733 152.99585:29377 251.25511:3288 270.52161:3615 281.24890:84767 303.23273:40841 378.37534:3662 380.53192:4181 400.92236:4197 417.24133:38926 435.25208:18798 439.22549:7385 568.67456:3692 696.49701:4805 721.48157:18481,5629662,5170902,4245847,5056250,9216408,3735609,4501556,5896253,7008042,8283479,7067666,7455902,6220784,6232653,6280150,7226095,7762101,3908666,3248741,2886395,3496142,3956990,6733053,3896045,0,0,0,6421125,6795463,6913035,6643689,4953784,7212071,6801840,7891312,9470572,6858968,6673145,5477562,8835726,5491394,9385473,6563599,5029563,7255914,7422918,7562134,8805731,7092914,4486633,5081878,7017088,5339747,8740186,5950959,5950723.862,2161562.088,3.017884316
Neg,4658,Green,12.024,810.52991,PS 38:4|PS 18:1_20:3,PS 18:1_20:3,[M-H]-,null,0.95,TRUE,8.555,810.52911,C44H78NO10P,PS,VYKUHSAPTTXFOP-UHFFFAOYSA-N,O=C(OCC(OC(=O)CCCCCCCCCC=CCC=CCC=CCC)COP(=O)(O)OCC(N)C(=O)O)CCCCCCCC=CCCCCCCCC,410,FALSE,TRUE,TRUE,Normalized unit: Intensity; Annotation method: Msp20250218112233_NCDK_conventional_converted_dev_1,FALSE,FALSE,4658,0,0,1,0.21,0.36,0.7,8,2,2.21,247224.4,Y6_N,810.52966:361114 811.53433:165489 812.53900:48031,78.85980:3399 78.95950:3328 102.73327:3755 104.18417:3308 133.32492:3478 144.96831:3430 152.99586:32756 200.18120:3575 227.07161:3674 235.41008:3612 262.01001:14084 281.24902:38500 283.26462:34395 305.24927:7841 333.27911:13997 419.25626:17069 495.42334:3893 523.22650:4224 544.26807:6330 546.28204:16074 723.49359:5988 810.52777:22812,3318687,3449916,4715218,2192741,6161727,3265851,3537532,5150673,6146269,3815736,4806868,5018530,4539860,4433668,6357428,3128274,4890092,3493806,2847133,3102226,4181561,2129038,5019511,2558784,0,0,0,4136427,4923083,4483966,4615144,3985426,5342534,6635164,3370534,6457812,4295872,5588290,3761615,8434914,2812737,5351221,4566226,4067919,5255756,6816594,3554427,5869632,4618209,3358236,3426899,6682830,2964114,5443321,3895905,4235926.159,1646809.15,0.987009584
Neg,4663,Green,10.35,810.53253,PS 38:4|PS 18:0_20:4,PS 18:0_20:4,[M-H]-,null,0.91,TRUE,8.565,810.52911,C44H78NO10P,PS,IULWELDCBXQXED-UHFFFAOYSA-N,O=C(OCC(OC(=O)CCCCCCC=CCC=CCC=CCC=CCC)COP(=O)(O)OCC(N)C(=O)O)CCCCCCCCCCCCCCCCC,410,FALSE,TRUE,TRUE,Normalized unit: Intensity; Annotation method: Msp20250218112233_NCDK_conventional_converted_dev_1,FALSE,FALSE,4663,0,0,0.98,0.45,0.6,0.76,8,2,2.33,540966,Y4_F,810.53217:743115 811.53683:408814 812.54150:78567,78.95901:16301 79.56224:3681 85.13890:3269 98.38625:3860 120.04001:3288 120.50941:3698 152.99556:24535 155.23805:3443 182.87199:3505 223.29407:3501 223.77565:3823 249.51189:4114 265.32138:3525 279.23251:7160 280.23657:18862 281.24945:4413 282.25238:7549 283.26480:74375 303.23334:22605 335.88428:3571 345.45636:4181 381.57993:4045 419.25833:52964 437.26788:17605 459.17981:3854 471.42068:4079 723.49744:27873 742.52924:4203 810.52338:8014,6941377,6344728,5957069,6810267,11270388,5883130,6279855,9440385,7913708,9717100,8503859,9485720,8076979,8737204,7956594,9878937,9736337,6209655,5514956,5185536,4950810,6322093,9504077,5082713,0,0,0,8356354,8665608,8371783,8105085,5892477,8586824,7302344,9656267,10246873,8278011,8468945,7825131,8941854,7832479,10568630,8200687,6667795,8955492,7686344,9756813,9810894,8501253,6158498,6208721,7684098,7880592,9896700,6734519,7508082.74,2372812.075,4.219465973
Neg,4992,Green,8.631,832.51556,PS 40:7|PS 18:1_22:6,PS 18:1_22:6,[M-H]-,null,0.87,TRUE,8.131,832.51343,C46H76NO10P,PS,FZVOBDJBRIEKPS-UHFFFAOYSA-N,O=C(OCC(OC(=O)CCC=CCC=CCC=CCC=CCC=CCC=CCC)COP(=O)(O)OCC(N)C(=O)O)CCCCCCCC=CCCCCCCCC,410,FALSE,TRUE,TRUE,Normalized unit: Intensity; Annotation method: Msp20250218112233_NCDK_conventional_converted_dev_1,FALSE,FALSE,4992,0,0,0.99,0.38,0.61,0.53,8,2,2.22,403106.3,QC_1,832.51556:541649 833.52023:235361 834.52490:60015,78.95908:13450 92.82471:3430 99.68421:3148 99.76677:3110 115.62752:3594 120.37805:4121 123.59867:3309 152.99599:25269 164.69666:3322 168.33231:3649 185.32315:3352 192.28629:3483 201.24550:3532 209.78952:3761 250.69469:3968 251.28345:3831 256.14008:3577 281.24872:53659 283.24307:4102 327.23294:18901 417.24210:34375 435.25284:22073 745.48193:7098,4086992,3067736,3497013,3434802,7210800,3409497,4247127,5719386,5150328,5988334,4803999,6564597,5031048,5629483,4873425,5098038,5219187,3987560,2735232,2439136,2723688,2915616,5012773,3047894,0,0,0,5655437,5869174,5874389,5297368,4995783,7727095,5752180,7131957,8357065,6911306,6207199,5317111,7729153,4467382,8568839,6361464,5461999,7095188,6030445,7732062,8318242,7154699,4051326,4127422,6445950,5524655,7250793,5265830,5137730.937,1986418.642,2.558517284
Neg,5323,Green,7.835,855.50568,PI 36:5|PI 16:1_20:4a,PI 16:1_20:4,[M-H]-,null,0.8,TRUE,7.893,855.50293,C45H77O13P,PI,HBRQUUCXZMGFFA-UHFFFAOYSA-N,O=C(OCC(OC(=O)CCCCCCC=CCC=CCC=CCC=CCC)COP(=O)(O)OC1C(O)C(O)C(O)C(O)C1O)CCCCCCCC=CCCCCCC,410,FALSE,TRUE,TRUE,Normalized unit: Intensity; Annotation method: Msp20250218112233_NCDK_conventional_converted_dev_1,FALSE,FALSE,5323,0,0,1,0.27,0.47,0.76,9,2,2.27,54199.66,Y4_E,855.50452:158976 856.50918:84867 857.51385:0,75.74346:2877 91.42171:3657 119.05123:3331 155.95352:3541 157.67349:3442 166.17610:3905 173.71919:4395 241.01192:6246 253.21751:7719 302.04678:3905 303.23279:6984 389.21085:4697 395.70859:4042 410.30655:4093 488.34509:4878 621.39380:3798 760.60754:4839 790.03406:3695 855.50208:16339,331701,450935,202966,247860,645121,79564,35506,484476,448925,356847,429465,509331,352638,627222,437695,198675,613645,199968,112327,71758,275865,102593,194506,305206,0,0,0,375038,496675,427257,462368,189529,1004003,465128,508974,512316,587838,690462,882102,506196,203140,792647,424772,373665,862756,802288,357303,499379,734468,392658,686384,571778,165103,874034,406578,417629.6824,246460.4356,3.214483438
Neg,5324,Green,8.138,855.50568,PI 36:5|PI 16:1_20:4b,PI 16:1_20:4,[M-H]-,null,0.33,TRUE,7.893,855.50293,C45H77O13P,PI,HBRQUUCXZMGFFA-UHFFFAOYSA-N,O=C(OCC(OC(=O)CCCCCCC=CCC=CCC=CCC=CCC)COP(=O)(O)OC1C(O)C(O)C(O)C(O)C1O)CCCCCCCC=CCCCCCC,410,FALSE,TRUE,TRUE,Normalized unit: Intensity; Annotation method: Msp20250218112233_NCDK_conventional_converted_dev_1,FALSE,FALSE,5324,0,0,0.96,0.31,0.58,0.69,9,2,2.25,29518.01,Y5_E,855.50812:21167 856.51279:0 857.51745:0,77.61231:3267 77.92696:3516 78.95895:3555 79.21651:3606 91.89281:3590 112.98551:5229 118.37894:3661 119.32790:3422 141.02162:3507 146.35373:4684 241.01216:8174 253.21767:8219 278.48703:4134 303.23282:25955 345.42963:4260 451.15289:4182 629.91443:4334 712.98663:4305 855.50519:18221,129057,140015,99536,129393,260214,58831,75607,141749,335724,284039,281145,314660,280704,213674,221640,226632,239514,39111,66244,42183,182251,64679,126617,66559,0,0,0,217104,150479,136946,210518,86084,202730,122646,165799,130120,256822,389678,166521,257185,84589,127929,72230,123611,249871,414425,68857,187043,92051,181927,109155,279211,72540,94975,73983,158996.4628,97223.76344,3.214483438
Neg,5355,Green,8.837,857.52032,PI 36:4|PI 16:0_20:4,PI 16:0_20:4,[M-H]-,null,0.95,TRUE,8.174,857.51862,C45H79O13P,PI,VWRYMIZQLPXULA-UHFFFAOYSA-N,O=C(OCC(OC(=O)CCCCCCC=CCC=CCC=CCC=CCC)COP(=O)(O)OC1C(O)C(O)C(O)C(O)C1O)CCCCCCCCCCCCCCC,410,FALSE,TRUE,TRUE,Normalized unit: Intensity; Annotation method: Msp20250218112233_NCDK_conventional_converted_dev_1,FALSE,FALSE,5355,0,0,0.99,0.63,0.76,0.86,9,2,2.45,801617.3,Y4_N,857.52039:1884419 858.52505:900011 859.52972:193724,77.18451:3619 78.95907:7673 81.16882:3333 81.68258:3276 90.19812:3302 97.82458:3521 152.99582:34020 156.66351:4134 166.26776:3806 194.53777:3515 207.76448:4130 223.00194:26514 231.54726:3520 241.00043:6782 241.01208:111738 246.65584:3718 255.23331:127291 255.36606:3750 259.02292:5506 259.24271:5538 272.52258:3898 290.47418:3984 297.03815:19111 303.23334:129762 361.82785:4460 391.22577:46388 484.78329:4139 528.22327:4570 553.27960:33310 571.28992:9073 601.28113:4958 772.86414:5103 857.51984:167332,6993571,6200417,5195117,6131867,11490869,3212364,3657881,6855277,9973915,6707660,10052226,8568687,9402570,8264581,8357925,6238969,10625404,3941465,3387353,2977650,5543371,4486621,7241767,4485329,0,0,0,8314808,8669747,8596220,8818861,4502064,10974904,8210753,8641695,11950646,11042499,12260776,9073274,11721815,5739209,13489277,8529485,5679879,11217900,14792274,5207577,9898308,9227475,7361108,8649507,13062488,4471420,12442788,7141130,7630559.032,3395917.218,1.982464241
Neg,5384,Green,9.825,859.53644,PI 36:3|PI 17:0_19:3,PI 17:0_19:3,[M-H]-,null,0.75,TRUE,8.368,859.53418,C45H81O13P,PI,AJTGQFUHXDDYGS-UHFFFAOYSA-N,O=C(OCC(OC(=O)CCCCCCCCC=CCC=CCC=CCC)COP(=O)(O)OC1C(O)C(O)C(O)C(O)C1O)CCCCCCCCCCCCCCCC,410,FALSE,TRUE,TRUE,Normalized unit: Intensity; Annotation method: Msp20250218112233_NCDK_conventional_converted_dev_1,FALSE,FALSE,5384,0,0,1,0.53,0.74,0.76,9,2,2.39,249230.5,Y3_E,859.53467:428723 860.53934:248470 861.54400:42249,88.18373:4419 88.28698:3722 102.17630:4489 102.98956:3512 152.99629:3846 241.01204:28469 259.67361:5068 269.24921:19133 291.23328:25647 297.03748:4078 393.33871:4194 565.47223:4898 633.69171:4546 698.99066:4548 859.53387:37612,1229893,1758334,53014,1130794,4295165,481919,1303475,2809847,1744839,2473857,3901899,2173275,2254198,2699038,1500882,1926405,3824122,1093733,60305,120986,391439,963244,1659498,445881,0,0,0,2444413,2725686,2424964,2775910,1315913,4396905,1949827,3401961,7522668,3093903,3465804,3899243,2642724,1849175,8243264,1613410,1925967,5258274,3184525,2398389,5960797,2821796,1803011,3130403,2460407,1791740,6088606,1961730,2415408.37,1786476.672,2.629331157
Neg,5534,Green,8.679,869.52002,PI 37:5|PI 17:1_20:4a,PI 17:1_20:4,[M-H]-,null,0.44,TRUE,8.097,869.51862,C46H79O13P,PI,RORLLARSMMOWBD-UHFFFAOYSA-N,O=C(OCC(OC(=O)CCCCCCC=CCC=CCC=CCC=CCC)COP(=O)(O)OC1C(O)C(O)C(O)C(O)C1O)CCCCCCCC=CCCCCCCC,410,FALSE,TRUE,TRUE,Normalized unit: Intensity; Annotation method: Msp20250218112233_NCDK_conventional_converted_dev_1,FALSE,FALSE,5534,0,0,0.99,0.42,0.71,0.75,9,2,2.35,51028.97,O5_N,869.52039:103379 870.52505:31452 871.52972:0,78.95885:4228 86.24145:3703 87.25553:3557 88.24886:3527 103.77660:4104 108.20944:3718 114.62879:3567 126.08178:3939 129.16681:3660 173.46355:3704 186.18439:3482 188.02574:3663 190.24664:3904 223.00159:3709 233.54433:3863 241.01163:20120 267.23343:25474 303.23291:20191 320.88242:3768 406.38528:4250 565.28003:8212 653.37708:4244 869.51874:29373,502539,347164,91200,357307,658210,41848,55565,541786,688302,355054,651479,427787,480967,362988,320982,322087,434854,91842,54946,88638,262800,216707,246261,183525,0,0,0,385845,505693,270519,305964,41486,436447,332643,205768,596142,410538,465244,247206,418185,158692,539501,213354,240274,375678,812108,88937,165999,344590,285931,325515,649596,90948,403678,143351,313539.4266,197129.2921,1.61008628
Neg,5535,Green,8.292,869.52032,PI 37:5|PI 17:1_20:4b,PI 17:1_20:4,[M-H]-,null,0.95,TRUE,8.097,869.51862,C46H79O13P,PI,RORLLARSMMOWBD-UHFFFAOYSA-N,O=C(OCC(OC(=O)CCCCCCC=CCC=CCC=CCC=CCC)COP(=O)(O)OC1C(O)C(O)C(O)C(O)C1O)CCCCCCCC=CCCCCCCC,410,FALSE,TRUE,TRUE,Normalized unit: Intensity; Annotation method: Msp20250218112233_NCDK_conventional_converted_dev_1,FALSE,FALSE,5535,0,0,1,0.44,0.67,0.8,9,2,2.37,143961.8,Y5_M,869.51917:161965 870.52383:33791 871.52850:0,102.96053:3973 143.31618:3932 182.15425:3722 241.01225:8367 267.23306:7447 279.75128:3771 297.03766:3930 301.05597:4152 303.23334:5096 342.15732:3811 417.83133:4948 448.45908:4923 869.52014:16630,908133,1255505,638391,799394,1604028,355836,487676,1401244,1758625,890869,1349321,1428354,1246233,1224013,1251068,915538,1433045,455727,385779,414799,662286,556612,809892,282609,0,0,0,1488904,1333214,1291236,1338373,740028,2752947,1666742,1346152,2416450,1615895,1597964,1819968,1884825,761158,2021024,1211485,908831,2826925,2771265,776132,1660497,1902333,916925,2109848,2605036,690786,2137870,1127184,1240635.779,707161.555,1.955104768
Neg,5557,Green,9.467,871.53601,PI 37:4|PI 17:0_20:4,PI 17:0_20:4,[M-H]-,null,0.95,TRUE,8.348,871.53418,C46H81O13P,PI,NHCUHDJVBAQLLF-UHFFFAOYSA-N,O=C(OCC(OC(=O)CCCCCCC=CCC=CCC=CCC=CCC)COP(=O)(O)OC1C(O)C(O)C(O)C(O)C1O)CCCCCCCCCCCCCCCC,410,FALSE,TRUE,TRUE,Normalized unit: Intensity; Annotation method: Msp20250218112233_NCDK_conventional_converted_dev_1,FALSE,FALSE,5557,0,0,1,0.63,0.76,0.86,9,2,2.45,1056294,Y5_E,871.53583:2450904 872.54050:1135715 873.54516:416092,78.95896:23697 92.23476:8720 96.96939:4121 99.23132:4109 142.87248:4994 152.99586:56513 223.00185:30055 241.00050:7475 241.01210:151046 246.55244:4217 256.96841:3816 259.02280:15572 259.24323:8827 269.24884:211471 292.73859:3831 297.03769:15928 303.23331:190685 307.14963:3628 315.04877:6764 355.49490:4788 360.58688:3979 405.24094:61676 439.61502:4434 554.22198:4581 567.29462:49137 585.30688:17705 601.27881:14271 611.47217:4832 733.06488:4964 871.53455:229455,8524663,8668538,5963282,7790757,15361619,3763990,5360160,10633608,12441583,10164941,14297279,10846651,10855445,11383191,9385514,7937287,15904126,4743774,4228389,3922817,6194862,5664231,8485677,4639284,0,0,0,10916219,11920663,11275450,10735138,6863655,17191461,10876334,12525491,18979999,13997208,14408524,13341907,14072275,6704787,19162877,9782082,8630156,18480440,19722412,8377957,16036878,13859528,10141206,13222911,16772895,5884383,19962902,9691494,10376343.66,4991316.455,2.099745532
Neg,5558,Green,9.115,871.53625,PI 37:4|PI 18:1_19:3,PI 18:1_19:3,[M-H]-,null,0.58,TRUE,8.276,871.53418,C46H81O13P,PI,FTLGIZHPNQDJMR-UHFFFAOYSA-N,O=C(OCC(OC(=O)CCCCCCCCC=CCC=CCC=CCC)COP(=O)(O)OC1C(O)C(O)C(O)C(O)C1O)CCCCCCCC=CCCCCCCCC,410,FALSE,TRUE,TRUE,Normalized unit: Intensity; Annotation method: Msp20250218112233_NCDK_conventional_converted_dev_1,FALSE,FALSE,5558,0,0,0.99,0.42,0.71,0.78,9,2,2.36,221647.3,QC_4,871.53674:229390 872.54141:104319 873.54608:0,88.16722:3596 88.56774:3888 107.82623:3713 123.93449:4298 130.67657:3796 171.35741:3864 217.34932:4049 241.01181:9469 261.70709:4294 274.18533:3895 281.24854:9110 291.23340:14364 458.57410:4486 513.09863:4587 579.29156:5481 871.53485:21287,968887,1309860,289551,960391,2658283,411082,940339,1814962,1305358,1713223,2168209,1668378,1080255,1726055,907174,1106215,2316313,656218,286854,266372,158950,376240,1185733,201300,0,0,0,1876252,1893371,2033013,1520608,1114020,3093033,1490679,3000558,5295285,2464228,2276129,2455994,2114945,657374,5172469,1587607,1243925,3117476,2258027,1966698,4157716,2353631,1222271,1831442,1997371,1113542,3686087,1281563,1650027.552,1175885.424,2.375121995
Neg,5590,Green,10.558,873.55157,PI 37:3|PI 17:0_20:3,PI 17:0_20:3,[M-H]-,null,0.91,TRUE,8.702,873.54993,C46H83O13P,PI,ULLXFXIZYYTQGK-UHFFFAOYSA-N,O=C(OCC(OC(=O)CCCCCCCCCC=CCC=CCC=CCC)COP(=O)(O)OC1C(O)C(O)C(O)C(O)C1O)CCCCCCCCCCCCCCCC,410,FALSE,TRUE,TRUE,Normalized unit: Intensity; Annotation method: Msp20250218112233_NCDK_conventional_converted_dev_1,FALSE,FALSE,5590,0,0,1,0.47,0.65,0.82,9,2,2.37,502212.3,Y6_N,873.55127:1481826 874.55594:715348 875.56061:161036,78.95898:5034 83.47041:3258 96.96956:3989 103.94949:3281 114.78184:3650 127.00127:5262 152.99574:7767 153.89296:3806 223.00140:6214 225.79330:3963 241.01218:38023 242.57133:3763 255.61017:4133 269.24927:37601 283.26431:25889 291.23270:24444 297.03897:14847 305.24890:50219 314.17429:3812 347.90265:4343 381.74918:4381 387.99469:4586 405.24118:7007 421.48178:4668 524.78131:4732 567.29437:7694 580.07751:5142 581.31049:8318 824.54529:4444 873.55054:69358,2105191,3766500,1285927,3413955,8283585,1225983,2141910,5274408,3774870,5753048,6503852,4272235,4222427,5175078,2812850,4109699,8380294,1708628,1081688,1355534,896657,2027616,4325694,1368765,0,0,0,5418357,5799154,5568157,5319643,3080855,9614742,3923765,8584929,15320060,7530360,6920273,8107287,4719593,3158752,15718746,4571188,3620771,9390884,6173964,4771617,11548529,6217467,4011892,6648945,5279897,3695622,12817811,5408797,5058335.483,3480983.02,1.877396979
Neg,5667,Green,8.525,881.51923,PI 38:6|PI 18:1_20:5a,PI 18:1_20:5,[M-H]-,null,0.6,TRUE,8.015,881.51862,C47H79O13P,PI,ZHEIBMBVWLKKJS-UHFFFAOYSA-N,O=C(OCC(OC(=O)CCCC=CCC=CCC=CCC=CCC=CCC)COP(=O)(O)OC1C(O)C(O)C(O)C(O)C1O)CCCCCCCC=CCCCCCCCC,410,FALSE,TRUE,TRUE,Normalized unit: Intensity; Annotation method: Msp20250218112233_NCDK_conventional_converted_dev_1,FALSE,FALSE,5667,0,0,1,0.2,0.36,0.72,9,2,2.21,55701.65,Y4_F,881.51874:66553 882.52341:60130 883.52807:0,77.83304:3403 79.77425:3975 80.04706:3721 85.63617:3408 100.55983:3438 107.74865:3172 107.88873:3036 108.47057:3552 120.66877:3394 126.67271:3644 130.25882:3262 138.83698:3536 145.32976:3640 163.91661:3488 241.01193:8368 241.26062:4594 281.24887:16082 296.30841:4174 301.21649:3956 356.78128:4052 417.24109:5382 502.72266:4195 563.54388:4291 591.39703:4867 627.31354:4938 657.71198:5100 705.38324:4718 812.12964:4255 881.51898:14849,177666,398824,243510,282659,521381,142853,95128,355223,137957,256489,396985,625531,611589,284233,321458,315251,767174,145437,86092,146477,338629,225434,422947,205726,0,0,0,249643,452604,322478,541035,267125,885668,152547,573378,708759,635042,748614,682417,382329,231843,834011,559834,249033,751246,343585,179003,358221,463958,358828,323089,392727,41589,686648,512247,370766.4437,226424.4866,0.691987652
Neg,5668,Green,8.139,881.52106,PI 38:6|PI 18:1_20:5b,PI 18:1_20:5,[M-H]-,null,0.93,TRUE,8.015,881.51862,C47H79O13P,PI,ZHEIBMBVWLKKJS-UHFFFAOYSA-N,O=C(OCC(OC(=O)CCCC=CCC=CCC=CCC=CCC=CCC)COP(=O)(O)OC1C(O)C(O)C(O)C(O)C1O)CCCCCCCC=CCCCCCCCC,410,FALSE,TRUE,TRUE,Normalized unit: Intensity; Annotation method: Msp20250218112233_NCDK_conventional_converted_dev_1,FALSE,FALSE,5668,0,0,0.99,0.2,0.36,0.72,9,2,2.21,82974.31,Y4_F,881.52094:80273 882.52560:42042 883.53027:0,77.83304:3403 79.77425:3975 80.04706:3721 85.63617:3408 100.55983:3438 107.74865:3172 107.88873:3036 108.47057:3552 120.66877:3394 126.67271:3644 130.25882:3262 138.83698:3536 145.32976:3640 163.91661:3488 241.01193:8368 241.26062:4594 281.24887:16082 296.30841:4174 301.21649:3956 356.78128:4052 417.24109:5382 502.72266:4195 563.54388:4291 591.39703:4867 627.31354:4938 657.71198:5100 705.38324:4718 812.12964:4255 881.51898:14849,1059468,840793,706911,1107053,1454451,316852,509076,762134,1625962,1458285,1203095,1405852,1409627,976975,1449032,1348961,1347087,387411,349824,307224,898244,813509,1018073,573730,0,0,0,1131150,1103447,1025641,1108278,474313,1196210,1259073,1205892,1279188,1231369,1743815,702363,1456859,630408,945164,856543,468998,850076,1717065,607970,865692,978669,933722,735715,1536721,455460,863253,720469,934784.524,433367.2317,2.767950608
Neg,5696,Green,8.804,883.53595,PI 38:5|PI 18:1_20:4a,PI 18:1_20:4,[M-H]-,null,0.95,TRUE,8.217,883.53418,C47H81O13P,PI,XGZVRASBCZTHNO-UHFFFAOYSA-N,O=C(OCC(OC(=O)CCCCCCC=CCC=CCC=CCC=CCC)COP(=O)(O)OC1C(O)C(O)C(O)C(O)C1O)CCCCCCCC=CCCCCCCCC,410,FALSE,TRUE,TRUE,Normalized unit: Intensity; Annotation method: Msp20250218112233_NCDK_conventional_converted_dev_1,FALSE,FALSE,5696,0,0,0.99,0.64,0.78,0.86,9,2,2.45,2233244,Y5_M,883.53668:2160279 884.54135:1173429 885.54602:345288,78.10562:4066 78.95907:7935 82.46320:3456 82.49954:4382 92.23819:6593 105.11229:3678 133.67961:3853 152.99609:17768 201.32115:3816 205.19568:4386 219.94702:3647 223.00192:7347 230.57687:4097 241.01221:80666 259.02222:7067 259.24344:5610 281.24869:90973 297.03885:7535 303.23331:92174 315.04837:4716 392.41779:4073 417.24155:23476 516.08301:4424 579.29486:30688 597.30554:7231 601.27942:5598 646.43372:4414 697.15485:4673 883.53442:124162,23485379,18341156,17251043,21842769,32245270,10962758,11781948,18616088,35432476,24854344,25798272,28573710,30022372,23312441,33531939,24860561,31488324,13949870,11194132,9068585,22246465,17839127,20750222,15549911,0,0,0,24000798,27263375,26150373,26495117,15701563,29494481,28247391,31474722,34190473,35495377,37050615,22431847,35701223,17438763,31506758,26816686,16222462,26587719,43272002,18614949,24026470,26758314,20939845,20620134,41603267,15677043,30381341,22163800,23260474.01,9539670.245,2.003318083
Neg,5697,Green,9.275,883.53601,PI 38:5|PI 18:1_20:4b,PI 18:1_20:4,[M-H]-,null,0.93,TRUE,8.217,883.53418,C47H81O13P,PI,XGZVRASBCZTHNO-UHFFFAOYSA-N,O=C(OCC(OC(=O)CCCCCCC=CCC=CCC=CCC=CCC)COP(=O)(O)OC1C(O)C(O)C(O)C(O)C1O)CCCCCCCC=CCCCCCCCC,410,FALSE,TRUE,TRUE,Normalized unit: Intensity; Annotation method: Msp20250218112233_NCDK_conventional_converted_dev_1,FALSE,FALSE,5697,0,0,1,0.58,0.75,0.81,9,2,2.42,185990,Y5_E,883.53540:229588 884.54007:203220 885.54474:90724,76.14301:3788 78.95902:7188 86.22052:3501 96.97003:4749 107.65575:3662 123.11987:4160 133.08916:3645 143.06395:3834 152.99557:27722 158.77911:3505 205.32120:3511 212.46210:3778 223.00150:24320 232.07651:3940 241.01207:85222 259.02280:5853 259.24289:5786 280.61508:4215 281.24844:102738 297.03815:7051 303.23331:116322 344.89386:4338 376.36661:4470 417.24207:43837 421.45679:3978 445.87479:4968 579.29297:46625 597.30396:8062 883.53516:133899,1815477,1750865,1167403,2153449,2679751,964372,1021460,1792371,2698425,2014523,2271395,2456447,3049393,2079919,2361450,1934222,2515924,856039,1084775,1121780,2394251,2034686,1971812,1475213,0,0,0,1913008,1772292,1693415,2010202,1096808,2027237,1903749,2116800,1459071,1824354,3161896,1529271,2529090,1873902,1825298,1749406,777427,1594463,2935710,884042,1221537,1341369,1368314,1600904,2649609,999385,1380902,1292884,1712686.193,712310.7268,2.071227171
Neg,5698,Green,9.759,883.54132,PI 38:5|PI 18:0_20:5,PI 18:0_20:5,[M-H]-,null,0.51,TRUE,8.272,883.53418,C47H81O13P,PI,SUYDNPBYMBTSMM-UHFFFAOYSA-N,O=C(OCC(OC(=O)CCCC=CCC=CCC=CCC=CCC=CCC)COP(=O)(O)OC1C(O)C(O)C(O)C(O)C1O)CCCCCCCCCCCCCCCCC,410,FALSE,TRUE,TRUE,Normalized unit: Intensity; Annotation method: Msp20250218112233_NCDK_conventional_converted_dev_1,FALSE,FALSE,5698,0,0,0.91,0.43,0.75,0.79,9,2,2.33,73812.6,O3_M,883.54199:94810 884.54666:0 885.55133:226640,75.61763:3214 92.50157:3502 100.19739:3760 100.72166:3534 105.34913:3698 105.43446:3553 116.36525:3702 117.48423:3455 122.09393:3562 127.32786:3437 137.50806:3828 159.46719:3943 163.38435:3419 191.39549:4048 191.46181:4211 241.01196:21360 257.14484:3648 264.46112:3902 283.26422:22956 301.21698:16370 419.25653:6264 581.30951:6016 618.94849:5241 883.53625:37235,510807,720778,592271,467028,835691,608973,623059,880589,781601,512480,556485,553437,446798,700832,695051,187390,592212,510242,453726,391115,523141,313227,776418,439499,0,0,0,104176,941611,460451,580041,529664,669875,892288,149222,884578,557875,788469,487363,1146163,538319,429371,506714,576876,700425,366693,365422,1003658,345217,631227,402109,775441,327241,800897,487489,547667.7076,246394.977,8.081181421
Neg,5711,Green,9.718,885.55139,PI 38:4|PI 18:1_20:3,PI 18:1_20:3,[M-H]-,null,0.82,TRUE,8.372,885.54993,C47H83O13P,PI,CXNBRAHXDUJOGO-UHFFFAOYSA-N,O=C(OCC(OC(=O)CCCCCCCCCC=CCC=CCC=CCC)COP(=O)(O)OC1C(O)C(O)C(O)C(O)C1O)CCCCCCCC=CCCCCCCCC,410,FALSE,TRUE,TRUE,Normalized unit: Intensity; Annotation method: Msp20250218112233_NCDK_conventional_converted_dev_1,FALSE,FALSE,5711,0,0,1,0.48,0.79,0.79,9,2,2.4,270171.8,O5_P,885.55109:349304 886.55575:146474 887.56042:63192,78.95882:3864 83.39552:3644 92.23843:13719 103.10457:3597 110.10072:3337 111.69838:4107 114.26975:3591 150.38118:3812 152.99565:8842 156.55031:4092 157.34109:4543 212.35031:4755 241.01201:25758 271.79691:4672 277.23956:5154 281.24847:25004 305.24878:37422 579.29419:8323 597.30688:4642 885.55176:37876,1871996,1203955,1053168,2362879,4360486,924026,1438421,1744465,3255827,3552677,3216603,2840478,2878157,1858768,2394899,3021747,3734699,1271968,738605,381038,1078401,1464060,1928073,711100,0,0,0,2809042,2980219,2820786,3034718,1751162,2705288,2690189,5243529,7070547,3425574,4069774,2039908,4034114,2171125,6468498,2695081,1934944,2618473,4306009,2771279,4493254,3373331,1963519,1887109,3337522,2082014,4126116,2218251,2552870.368,1459565.19,1.648693033
Neg,5712,Green,10.164,885.55157,PI 38:4|PI 18:0_20:4,PI 18:0_20:4,[M-H]-,null,0.95,TRUE,8.474,885.54993,C47H83O13P,PI,OJESNYFIPWSOPO-UHFFFAOYSA-N,O=C(OCC(OC(=O)CCCCCCC=CCC=CCC=CCC=CCC)COP(=O)(O)OC1C(O)C(O)C(O)C(O)C1O)CCCCCCCCCCCCCCCCC,410,FALSE,TRUE,TRUE,Normalized unit: Intensity; Annotation method: Msp20250218112233_NCDK_conventional_converted_dev_1,FALSE,FALSE,5712,0,0,0.99,0.64,0.79,0.87,9,2,2.46,3979217,O7_N,885.55182:7378159 886.55649:3718966 887.56115:1160346,78.95898:49703 82.67978:4052 84.19152:3307 94.10569:3873 95.51827:3672 96.96960:4385 99.38192:4038 101.63007:3856 104.61885:4046 107.65146:3797 111.35342:4092 118.61021:3768 130.20087:4179 144.65031:3905 149.92294:3965 152.99579:92086 177.42303:5230 178.25552:4609 209.52013:4021 212.18588:4513 223.00140:58354 241.01202:259085 258.56250:4302 259.02252:25251 259.24347:21546 283.26450:299983 297.03720:38394 303.23315:272324 315.04892:9268 398.65225:4119 412.49567:4212 419.25732:81324 437.26950:6049 553.96155:5192 581.31061:95838 599.32141:37044 601.27942:24271 885.55103:356808,38850113,34554536,26131357,36793784,55725307,20014111,21351033,36635307,51924826,40736904,50453015,46456986,55536487,44196280,47886208,42075178,62765736,23776138,24012585,22321990,38789225,37422259,41059049,29535795,0,0,0,41439923,45905788,45350274,45916682,27233370,55967043,43369834,55775244,55175979,60591840,67816660,50978200,56275498,35846705,59305316,48747271,27860472,51832044,64039224,29097383,42861474,47136118,39543787,45303519,63323274,26404964,59413847,37610337,41075023.25,15696816.28,1.851956558
Neg,5747,Green,11.341,887.56653,PI 38:3|PI 18:0_20:3a,PI 18:0_20:3,[M-H]-,null,0.95,TRUE,8.733,887.56549,C47H85O13P,PI,GGSSNEAFVQRIHU-UHFFFAOYSA-N,O=C(OCC(OC(=O)CCCCCCCCCC=CCC=CCC=CCC)COP(=O)(O)OC1C(O)C(O)C(O)C(O)C1O)CCCCCCCCCCCCCCCCC,410,FALSE,TRUE,TRUE,Normalized unit: Intensity; Annotation method: Msp20250218112233_NCDK_conventional_converted_dev_1,FALSE,FALSE,5747,0,0,1,0.57,0.74,0.82,9,2,2.42,515016,Y4_N,887.56653:1506338 888.57120:852129 889.57586:200921,77.09687:3857 88.86831:3690 99.11529:3627 103.90464:3860 108.03773:3848 125.92966:3399 127.00129:8929 141.64510:3606 152.99576:9539 167.93248:3927 179.26344:3684 223.00156:16349 241.01257:42342 242.31711:3678 283.26440:56501 297.03867:6551 305.24918:71990 359.26508:3861 419.25681:15613 518.69635:3792 581.30939:16966 599.31622:6440 644.15503:4999 836.84369:5799 887.56586:72441,3733815,3327911,1889054,5870787,9025471,1845052,2718494,4717849,4055872,7210169,8060337,5473773,6213592,5130966,4450864,5566672,8731025,2415174,1717394,1332663,2003957,4361295,5252309,2511883,0,0,0,5486060,6249493,5973332,5722039,3052518,6720147,4035619,9870572,12056590,7123741,7737788,5878358,6025552,6698039,12663512,5044708,2711749,6122466,6674233,4937404,8919018,5516798,5006990,4983699,6070393,4532745,10507585,4694625,5247857.238,2763764.553,1.171744521
Neg,5852,Green,9.339,897.5517,PI 39:5|PI 19:1_20:4,PI 19:1_20:4,[M-H]-,null,0.58,TRUE,8.395,897.54993,C48H83O13P,PI,LUOXRNDGEVTYJG-UHFFFAOYSA-N,O=C(OCC(OC(=O)CCCCCCC=CCC=CCC=CCC=CCC)COP(=O)(O)OC1C(O)C(O)C(O)C(O)C1O)CCCCCCCC=CCCCCCCCCC,410,FALSE,TRUE,TRUE,Normalized unit: Intensity; Annotation method: Msp20250218112233_NCDK_conventional_converted_dev_1,FALSE,FALSE,5852,0,0,0.98,0.41,0.63,0.73,9,2,2.31,124930.5,O5_F,897.55383:256010 898.55850:69036 899.56317:0,97.13545:4273 121.11430:4266 187.96446:4270 188.70110:4685 217.64890:4580 241.01239:9144 250.31537:3654 295.26392:22831 303.23282:20535 320.34705:4588 411.35468:5234 418.72089:3959 755.48395:4453 857.20856:4297 891.32202:4493 897.54974:30616,814719,606835,797381,1080537,1389347,328160,578167,570999,1958893,1602065,1535933,1456495,1483410,974904,1996238,1064153,1521123,578239,378993,409476,1581740,952167,963229,598747,126622,99850,106129,1191042,1429542,1360144,1129489,709196,1255227,1577182,1938361,2067101,1766517,1830451,785721,1722207,767549,1796001,1008085,668315,1307872,2712455,785291,1246826,1192065,1359556,792155,2512164,766399,1613482,1183701,1164157.181,583629.8651,1.972035138
Neg,5964,Green,8.503,907.53705,PI 40:7|PI 18:1_22:6,PI 18:1_22:6,[M-H]-,null,0.95,TRUE,8.156,907.53418,C49H81O13P,PI,QHPDGSFYNQHVMI-UHFFFAOYSA-N,O=C(OCC(OC(=O)CCC=CCC=CCC=CCC=CCC=CCC=CCC)COP(=O)(O)OC1C(O)C(O)C(O)C(O)C1O)CCCCCCCC=CCCCCCCCC,410,FALSE,TRUE,TRUE,Normalized unit: Intensity; Annotation method: Msp20250218112233_NCDK_conventional_converted_dev_1,FALSE,FALSE,5964,0,0,1,0.45,0.68,0.77,9,2,2.36,175751.3,Y6_F,907.53589:320551 908.54056:174489 909.54522:63821,106.57175:3739 152.99596:6961 157.10918:4436 241.01230:20043 241.85727:4658 278.78610:4212 281.24890:30201 327.23291:7217 411.64578:4497 417.24243:5900 436.83704:5475 447.16147:4300 484.94855:4254 579.29156:5166 876.81122:4663 907.53790:33567,1726259,1481563,872164,1734857,2120758,676394,848652,1685480,2344765,2169257,1769981,2369400,2181446,2422431,1959790,2469407,2307998,1026935,1048667,987200,1339141,2006113,1630220,1633799,0,0,0,1699566,1800775,1889335,1757674,979895,2244233,1250103,2759902,2242237,2598010,2275993,2167403,1569682,1357581,2360948,2318736,992150,1875187,2016257,1212831,1618471,2028488,1372484,1761646,2350291,1026568,2270610,1786767,1679936.331,651516.1538,3.162415326
Neg,5984,Green,9.743,909.55109,PI 40:6|PI 18:0_22:6,PI 18:0_22:6,[M-H]-,null,0.84,TRUE,8.47,909.54993,C49H83O13P,PI,DJVOKHFQPGWUPK-UHFFFAOYSA-N,O=C(OCC(OC(=O)CCC=CCC=CCC=CCC=CCC=CCC=CCC)COP(=O)(O)OC1C(O)C(O)C(O)C(O)C1O)CCCCCCCCCCCCCCCCC,410,FALSE,TRUE,TRUE,Normalized unit: Intensity; Annotation method: Msp20250218112233_NCDK_conventional_converted_dev_1,FALSE,FALSE,5984,0,0,1,0.33,0.58,0.75,9,2,2.3,106093,O7_E,909.55164:287193 910.55630:102127 911.56097:0,78.23507:3652 79.54407:3343 83.73293:3609 84.36842:4009 84.69499:3220 86.17380:4511 92.23531:4823 99.06039:4251 120.29809:4074 127.00124:5097 235.75331:3860 241.01237:16084 247.18848:4868 283.26419:16961 327.23224:5324 330.96048:4295 373.35046:4235 581.31042:7670 685.77234:4028 721.42865:4776 798.21747:4486 909.55011:19612,852846,656547,431236,695170,792529,133162,127956,775256,965195,857802,800583,1311362,1330901,1429276,1212683,1203680,1370216,590432,381024,726312,1246778,1391107,1256079,1248461,0,0,0,693089,859918,1090565,856785,471778,963453,464940,1490894,1105553,1005162,1223278,1349083,678688,587042,880271,1124303,535187,1300645,908562,451826,679141,775311,814662,1069401,789089,341688,1027005,948185,841310.8308,388368.9446,1.275356043
Pos,5572,Green,2.759,482.36218,LPC O-16:0,LPC O-16:0,[M+H]+,null,0.93,TRUE,6.617,482.3605,C24H52NO6P,EtherLPC,RKKJZVVEVRCBJA-UHFFFAOYSA-N,O=P([O-])(OCC[N+](C)(C)C)OCC(OCCCCCCCCCCCCCCCC)CO,410,FALSE,TRUE,TRUE,Normalized unit: Intensity; Annotation method: Msp20250218112233_NCDK_conventional_converted_dev_1,FALSE,FALSE,5572,0,0,0.99,0.52,0.76,0.82,5,2,2.41,29.99,O3_A,482.36185:111395 483.36651:28309 484.37118:4785,76.04612:2518 77.62772:2141 82.23799:2291 104.10699:42171 104.75666:2447 110.61266:2298 133.08626:3250 159.11581:2421 184.07298:3445 199.97624:2455 230.74551:2551 482.35913:16674,1008213,1137353,887628,1004232,1171715,1224437,1456966,1246990,1051406,1494787,1160691,1245735,1465973,1312894,1157545,1726211,1401051,1216849,946450,801026,871973,1176031,1218076,943055,9602,17076,7576,1299066,1366163,1353173,1453570,1488496,1604971,1271184,1889767,1552802,1863704,1858659,1376529,1407561,1200692,1792365,1329948,1627644,1351915,1382758,1654091,1266002,1576835,1662638,1538039,1154359,1618374,1112496,1431202,1269937.147,398643.6721,3.48287225
Pos,5958,Green,1.519,494.3255,LPC 16:1,LPC 16:1,[M+H]+,null,0.95,TRUE,5.618,494.3241,C24H48NO7P,LPC,LFUDDCMNKWEORN-UHFFFAOYSA-N,O=C(OCC(O)COP(=O)([O-])OCC[N+](C)(C)C)CCCCCCCC=CCCCCCC,410,FALSE,TRUE,TRUE,Normalized unit: Intensity; Annotation method: Msp20250218112233_NCDK_conventional_converted_dev_1,FALSE,FALSE,5958,0,0,0.98,0.64,0.74,0.9,3,2,2.46,434.11,Y6_F,494.32596:478454 495.33063:108691 496.33529:21195,77.20055:2133 81.62615:2431 84.01077:2328 86.09645:16236 102.40059:2995 104.10701:96183 163.96771:2494 184.07343:174412 188.32761:2551 233.98351:2882 294.00745:2588 333.81845:2682 476.31311:5936 494.31784:74265,5034859,9127170,5396364,5032995,9408048,6059920,8330579,11146743,7440196,7117333,6925202,4972418,5371958,7780042,7047346,6893116,8282889,5859266,3526205,7129896,4259279,5088070,7588750,4686429,11409,0,10329,6281559,7674451,6825840,8408110,6437484,9837846,8919094,8138284,9101234,6701684,6586405,7834049,6798641,5021299,10143863,4293512,7308488,8255588,7205883,7347531,11195143,5903949,5754877,8499364,7043419,8514381,7528832,4947946,6691555.738,2339362.246,2.83215
Pos,6032,Green,2.219,496.34091,LPC 16:0b,LPC 16:0,[M+H]+,null,1,TRUE,6.131,496.33981,C24H50NO7P,LPC,ASWBNKHCZGQVJV-UHFFFAOYSA-N,O=C(OCC(O)COP(=O)([O-])OCC[N+](C)(C)C)CCCCCCCCCCCCCCC,410,FALSE,TRUE,TRUE,Normalized unit: Intensity; Annotation method: Msp20250218112233_NCDK_conventional_converted_dev_1,FALSE,FALSE,6032,0,0,0.99,0.55,0.67,0.89,3,2,2.43,3367.18,QC_3,496.34113:9424447 497.34579:2626980 498.35046:416952,83.08553:4383 85.86462:3214 86.09378:7294 86.09644:226616 104.10697:2199069 119.00865:3111 124.99989:68697 163.01549:13354 169.19554:3543 181.02650:6399 184.07343:2938247 199.03661:5585 252.99686:3801 258.10980:54496 280.30466:3578 291.55856:4179 313.27344:89994 317.54691:3649 331.18085:3907 357.94272:3762 419.25671:28212 474.86777:3963 478.32962:247324 496.34006:442443,48709309,62415794,62106422,40340708,110718484,65250024,97962977,86498280,71156213,59822167,64765390,49231888,54936889,59177538,74014847,63366738,81261565,58067014,41751109,53730294,38720083,48207134,78541114,49726284,187902,52686,110228,71506675,73879089,73306838,83729456,83626514,88347990,108226783,72619696,105912893,66218758,69281651,52073500,92112041,69455673,100633773,56231118,86047106,66422747,65878013,83886035,101863169,59739406,64968275,60305284,78166294,92073563,92639524,62629730,67320194.04,23948877.48,2.216223599
Pos,6033,Green,2.005,496.34122,LPC 16:0a,LPC 16:0,[M+H]+,null,0.53,TRUE,6.131,496.33981,C24H50NO7P,LPC,ASWBNKHCZGQVJV-UHFFFAOYSA-N,O=C(OCC(O)COP(=O)([O-])OCC[N+](C)(C)C)CCCCCCCCCCCCCCC,410,FALSE,TRUE,TRUE,Normalized unit: Intensity; Annotation method: Msp20250218112233_NCDK_conventional_converted_dev_1,FALSE,FALSE,6033,0,0,0.99,0.58,0.9,0.44,3,2,2.28,462.02,Y3_M,496.34143:1132960 497.34610:296773 498.35077:52586,82.37240:2537 86.09643:22299 89.44392:2113 97.34476:2305 104.10717:3377 113.04530:2486 123.17567:2342 124.99973:12037 137.16420:2740 137.17052:2432 137.79924:2470 143.07561:2386 143.38382:2351 145.17911:2425 147.85765:2670 153.61459:2512 155.92651:2388 161.62166:2918 175.19299:2584 176.91922:2357 184.07355:487721 235.81187:2652 305.94662:2653 478.32962:3333,4946927,6142548,6651504,4806517,9112214,5370029,7973910,8678759,8923609,6528254,6573148,5437676,5344597,5445355,8248944,6934674,7879215,5006249,3256745,5004545,5648516,4940351,7483743,5110494,7401,0,0,5474858,6827246,6823408,8202297,6562124,9902441,10864654,8488179,7433916,6556080,5964613,4919783,8390641,4261490,7003706,4507351,6308563,6428208,7821979,7566653,11004458,5291553,5343330,6137868,6617387,8301253,8619548,4925646,6327366.518,2247230.025,2.840795704
Pos,6350,Green,2.833,508.3782,LPC O-18:1,LPC O-18:1,[M+H]+,null,0.95,TRUE,6.725,508.37619,C26H54NO6P,EtherLPC,LGYDTKYITBAFRQ-UHFFFAOYSA-N,O=P([O-])(OCC[N+](C)(C)C)OCC(OCCCCCCCCC=CCCCCCCCC)CO,410,FALSE,TRUE,TRUE,Normalized unit: Intensity; Annotation method: Msp20250218112233_NCDK_conventional_converted_dev_1,FALSE,FALSE,6350,0,0,0.98,0.43,0.48,0.83,5,2,2.33,1105.08,Y5_P,508.37823:101854 509.38290:23602 510.38757:0,85.35168:2198 92.91235:2385 102.51856:2469 104.10696:36277 109.34850:2410 175.66370:2655 180.09886:2415 182.23416:2546 184.07352:4115 320.02701:3001 364.76126:2627 434.57907:2856 447.22305:4679 508.33466:3574 508.37552:10243,569719,571365,575972,756467,602834,666388,781738,565799,825092,1078373,857581,708155,938468,628475,813187,1236756,908976,697519,550033,387821,681689,894502,621440,525957,0,0,0,700803,790144,811138,897591,827616,751317,875244,1461646,851319,1198096,1208794,676820,914403,570884,1058844,702940,841425,545695,1105290,901773,623896,921687,974178,715261,695468,862187,480787,690304,747270.0604,275008.4242,3.953765026
Pos,6422,Green,2.857,510.3577,LPC 17:0,LPC 17:0,[M+H]+,null,0.95,TRUE,6.464,510.35541,C25H52NO7P,LPC,SRRQPVVYXBTRQK-UHFFFAOYSA-N,O=C(OCC(O)COP(=O)([O-])OCC[N+](C)(C)C)CCCCCCCCCCCCCCCC,410,FALSE,TRUE,TRUE,Normalized unit: Intensity; Annotation method: Msp20250218112233_NCDK_conventional_converted_dev_1,FALSE,FALSE,6422,0,0,0.98,0.52,0.63,0.9,3,2,2.41,19309.6,O3_N,510.35724:801202 511.36191:223695 512.36657:43174,75.40734:2337 77.44072:2446 79.03188:2652 86.09640:4760 86.57383:2408 89.05962:2850 93.95152:2941 104.10694:86896 114.53364:2624 178.96864:2878 184.07346:113254 204.33284:2438 276.92664:3017 280.25494:3331 313.37393:2680 357.68011:2700 492.34369:14562 510.35648:17548,2982086,3998521,3707961,2246632,7346613,3971521,6347495,6456142,4737649,3940697,4814720,3203661,3057257,3992749,4501014,3749082,5249152,3577677,2336164,3263456,2276652,2436920,4895196,2662898,629,0,0,4747675,4977954,5268588,5536345,6068748,7879735,8360209,5021123,10032228,4838261,4462937,3927112,6934297,3998440,7760035,3492276,6391459,5770482,4902791,6638483,8962821,4342644,4334433,4742144,5955149,6240290,8593578,4615473,4737240.947,2102421.264,4.487069119
Pos,6729,Green,2.299,522.35724,LPC 18:1b,LPC 18:1,[M+H]+,null,0.93,TRUE,6.299,522.35541,C26H52NO7P,LPC,YAMUFBLWGFFICM-UHFFFAOYSA-N,O=C(OCC(O)COP(=O)([O-])OCC[N+](C)(C)C)CCCCCCCC=CCCCCCCCC,410,FALSE,TRUE,TRUE,Normalized unit: Intensity; Annotation method: Msp20250218112233_NCDK_conventional_converted_dev_1,FALSE,FALSE,6729,0,0,0.98,0.55,0.68,0.9,3,2,2.42,1451.88,QC_3,522.35724:2526857 523.36191:733711 524.36657:108890,78.78906:2900 86.09647:60714 91.35826:2748 92.22740:4849 98.20739:2426 104.10699:565319 105.45200:2694 109.86554:2669 119.00226:2757 124.99979:23097 131.43466:3088 184.07350:768493 210.66330:2973 232.57867:2559 251.17520:2633 253.80812:2560 258.11026:13802 338.23294:3225 339.29022:20833 360.95859:3027 389.86780:2919 422.87396:3211 445.27118:3638 504.34558:76081 522.35632:114968,19074303,22929506,19754503,14820375,36520703,24830238,32819265,28573803,28963247,20617072,21247209,15012531,19254085,14605817,22682787,22853119,28398555,24616393,15170316,21277615,15780346,17489479,34299450,18032964,26166,0,0,21715133,26913373,23335332,32525321,28447934,28903364,57657861,28737505,25751404,25937279,24746752,14676281,30898028,17628047,30676502,14210053,26772595,19514330,33101630,27500884,47369158,18050167,17996889,21871908,23673324,34504963,28637400,16056976,23408368.05,9846274.343,3.50336182
Pos,6730,Green,2.104,522.3576,LPC 18:1a,LPC 18:1,[M+H]+,null,0.64,TRUE,6.299,522.35541,C26H52NO7P,LPC,YAMUFBLWGFFICM-UHFFFAOYSA-N,O=C(OCC(O)COP(=O)([O-])OCC[N+](C)(C)C)CCCCCCCC=CCCCCCCCC,410,FALSE,TRUE,TRUE,Normalized unit: Intensity; Annotation method: Msp20250218112233_NCDK_conventional_converted_dev_1,FALSE,FALSE,6730,0,0,0.99,0.66,0.89,0.56,3,2,2.35,1002.11,O8_F,522.35699:1655443 523.36166:472769 524.36633:87361,77.68955:3197 86.09645:32149 104.10688:16605 117.04690:2437 124.99989:6305 145.04858:2821 163.48862:2587 184.07336:546896 239.91594:2942 339.28928:3580 380.84470:2854 468.13104:3108 504.34644:5322 520.36438:3135 522.35638:4191,7946894,9794524,14184482,5015565,17187796,7945988,13125887,15826954,15658547,7981268,11607657,10625541,8760695,10920352,19052286,7318273,11884391,8041615,5425710,6257603,12572392,4370736,12953968,8383235,12941,0,0,12378318,13864480,13395900,14585649,11446780,13960566,19105704,9461218,24964433,11440291,10574612,9844141,23657635,6346433,17913926,9048444,13010642,11112924,14800106,8097572,16493843,10719735,11160193,8966074,16923840,9320944,15292939,8578656,11260387.18,5065413.809,4.192547752
Pos,6796,Green,3.75,524.37323,LPC 18:0,LPC 18:0,[M+H]+,null,0.95,TRUE,6.748,524.37109,C26H54NO7P,LPC,IHNKQIMGVNPMTC-UHFFFAOYSA-N,O=C(OCC(O)COP(=O)([O-])OCC[N+](C)(C)C)CCCCCCCCCCCCCCCCC,410,FALSE,TRUE,TRUE,Normalized unit: Intensity; Annotation method: Msp20250218112233_NCDK_conventional_converted_dev_1,FALSE,FALSE,6796,0,0,0.98,0.55,0.66,0.9,3,2,2.42,214.17,QC_3,524.37341:391307 525.37808:112026 526.38275:17451,75.69724:2244 84.93143:2566 86.09639:5887 89.75864:2300 92.53212:2512 104.10702:82036 111.95125:2351 114.89852:2566 116.64605:2592 132.80428:2571 148.27342:2348 152.26408:2613 184.07347:129592 227.08910:2403 341.30478:3088 394.46884:2929 506.35977:11960 524.37195:19767,2811416,3078249,3445058,2032424,4981782,3415325,4723698,4463441,3956031,3209370,2930068,2730130,2572255,3296084,4227561,3243592,3547647,3256910,2501210,3141747,2557814,2666999,4063797,3261641,4572,2044,1789,3712255,3908381,3792408,3931730,4177629,4936212,5125042,3362032,5712594,3191013,3341625,2475463,4933718,3886645,4009491,3193694,3931997,3242041,2776827,4089020,4220199,2786184,2929524,2720789,4071080,4620726,4374103,3343358,3398516.993,1131676.184,4.081079298
Pos,7356,Green,1.53,544.34167,LPC 20:4,LPC 20:4,[M+H]+,null,0.95,TRUE,5.79,544.33978,C28H50NO7P,LPC,GOMVPVRDBLLHQC-UHFFFAOYSA-N,O=C(OCC(O)COP(=O)([O-])OCC[N+](C)(C)C)CCCCCCC=CCC=CCC=CCC=CCC,410,FALSE,TRUE,TRUE,Normalized unit: Intensity; Annotation method: Msp20250218112233_NCDK_conventional_converted_dev_1,FALSE,FALSE,7356,0,0,0.99,0.51,0.55,0.78,3,2,2.34,11422.52,Y6_M,544.34167:541336 545.34634:161046 546.35101:30281,82.91279:2651 86.09631:25307 104.10700:112913 108.15531:2528 124.09887:3098 125.00009:3463 144.94553:2655 182.66156:2791 184.07339:221840 191.86053:2847 248.92314:2978 258.10999:3005 288.08771:2697 291.42062:2970 334.28580:3517 349.19354:3178 526.32794:6478 544.34039:14589,2831032,4329335,2920729,3364320,5998332,4516485,4525319,4689482,3350918,4008984,3646736,2567380,2999549,2701992,3667145,4544567,4277057,3723144,2574978,3291416,2931385,4253634,6588748,3863789,0,0,0,3198048,4359091,3775036,4847004,4482589,3696892,4230298,5364400,5213039,3564591,2697202,2497804,2944742,4361468,4133973,2292706,3464878,3038304,2765246,5091379,6268605,2849823,3266448,3272603,3347284,6686495,4908766,2925462,3667466.031,1367185.369,3.47209605
Pos,8099,Green,1.435,568.34186,LPC 22:6,LPC 22:6,[M+H]+,null,0.95,TRUE,5.888,568.33978,C30H50NO7P,LPC,LSOWKZULVQWMLY-UHFFFAOYSA-N,O=C(OCC(O)COP(=O)([O-])OCC[N+](C)(C)C)CCC=CCC=CCC=CCC=CCC=CCC=CCC,410,FALSE,TRUE,TRUE,Normalized unit: Intensity; Annotation method: Msp20250218112233_NCDK_conventional_converted_dev_1,FALSE,FALSE,8099,0,0,0.99,0.54,0.52,0.71,3,2,2.31,101626.4,O8_N,568.34161:319933 569.34628:94888 570.35095:32993,75.15873:2635 86.09641:16156 92.22794:3456 104.10703:38630 121.12524:2779 132.27251:2402 159.96701:2886 184.07355:134971 224.80441:2809 228.96548:2702 315.42386:3246 456.33865:2715 550.32776:4050 568.33868:4454,1979399,3228511,2270087,2072084,4635772,3109478,3220592,3687020,2282476,2724454,3014601,2140554,2198803,2569187,2724970,3139291,3620652,2784426,1425920,1744080,1854947,2008948,3752140,2242392,0,0,0,2826539,3338091,2988485,3692187,3865379,3765307,3108630,4042016,4891941,3477243,2369056,2413315,2060314,2450400,3682407,2415437,3130339,3215984,2262030,3748119,4993227,3209688,2783733,3289149,2923337,4534986,4363314,2787910,2855624.554,1061970.701,3.659782534
Pos,12582,Green,8.748,688.49268,PE 32:2|PE 16:1_16:1,PE 16:1_16:1,[M+H]+,null,0.95,TRUE,8.633,688.49121,C37H70NO8P,PE,PGPMCWZMPPZJML-UHFFFAOYSA-N,O=C(OCC(OC(=O)CCCCCCCC=CCCCCCC)COP(=O)(O)OCCN)CCCCCCCC=CCCCCCC,410,FALSE,TRUE,TRUE,Normalized unit: Intensity; Annotation method: Msp20250218112233_NCDK_conventional_converted_dev_1,FALSE,FALSE,12582,0,0,0.99,0.56,0.63,0.7,3,2,2.33,108.24,O7_P,688.49304:581919 689.49771:225644 690.50238:71766,76.93863:3076 81.06992:7561 97.10122:6111 102.12766:3796 104.07983:3136 109.10097:4661 111.11665:4937 121.10103:5787 123.11718:3121 134.89780:2912 135.11691:6369 136.52638:3133 148.55202:3195 159.00250:2973 191.82266:3029 237.22093:14899 273.21191:3706 395.87109:3949 547.47253:93804,2604415,4827197,3538217,1539266,5663113,4324824,5807504,11199088,3080017,3062910,3381928,4246040,2299583,7423573,3427080,2847608,3104091,4425043,2723465,5916498,1527002,712822,3605147,1709383,0,0,0,4462758,4584676,4831099,4417033,4971397,8861084,4037452,2315233,6237010,3009711,3604446,7333319,5545604,2239871,5670136,4047473,6287405,9729235,3297152,6410543,7586605,4538438,3080840,5476847,2987406,4111361,3917409,3251350,4178885.592,2263486.706,2.135103511
Pos,12645,Green,10.066,690.50848,PE 32:1|PE 16:0_16:1,PE 16:0_16:1,[M+H]+,null,0.95,TRUE,9.23,690.50677,C37H72NO8P,PE,CZOSTDZGCCEZTJ-UHFFFAOYSA-N,O=C(OCC(OC(=O)CCCCCCCC=CCCCCCC)COP(=O)(O)OCCN)CCCCCCCCCCCCCCC,410,FALSE,TRUE,TRUE,Normalized unit: Intensity; Annotation method: Msp20250218112233_NCDK_conventional_converted_dev_1,FALSE,FALSE,12645,0,0,0.99,0.57,0.65,0.7,4,2,2.34,574.84,Y4_A,690.50891:1391508 691.51358:627181 692.51825:81171,75.38213:2666 76.01752:2548 81.06992:20042 83.08550:21369 85.10112:5025 88.88962:2878 92.22756:10079 95.08549:32196 97.10117:16122 97.86932:3251 101.95427:2877 109.10111:16901 118.70363:3269 121.10115:14566 121.53427:2904 123.11687:6748 126.31857:2957 135.11687:14131 137.13300:3688 219.21155:3400 237.22157:21630 239.23720:20617 300.98352:3855 549.48889:240198,8295591,13983704,17386129,4494281,25518154,17279762,22208774,32511927,15820866,13438636,17369416,16730603,10290277,21662531,18365810,13662690,13950237,16261131,10564190,15735840,6177614,2694298,16225013,6863737,0,0,0,21039354,16786950,20197500,20416491,20309147,26404433,24098771,12628836,28915473,13549700,16294223,20974236,31878887,13251311,27210998,16895398,26103009,29909609,19072656,25549363,34536790,20573284,16254323,16724778,17217251,20190905,19636255,16713427,17287719.49,7933077.918,2.476442049
Pos,12747,Green,9.185,692.52405,PC 29:0|PC 14:0_15:0,PC 14:0_15:0,[M+H]+,null,0.95,TRUE,8.64,692.52252,C37H74NO8P,PC,JERIBPHBOOFETI-UHFFFAOYSA-N,O=C(OCC(OC(=O)CCCCCCCCCCCCCC)COP(=O)([O-])OCC[N+](C)(C)C)CCCCCCCCCCCCC,420,FALSE,TRUE,TRUE,Normalized unit: Intensity; Annotation method: Msp20250218112233_NCDK_conventional_converted_dev_1,FALSE,FALSE,12747,0,0,0.99,0.67,0.85,0.45,6,1,1.66,946.31,Y3_N,692.52417:8491521 693.52884:4260490 694.53351:921105,86.09648:157640 87.13390:3145 98.98430:6166 103.80690:3111 104.10700:24057 114.97781:3203 124.99995:83083 150.04901:3312 163.94128:3938 184.07355:3351724 429.38049:3587 450.29861:4050 512.44556:4148 692.52203:18466,20828149,25726233,19848782,17447938,34753494,18444165,30412733,34065027,38974131,34315721,29464977,26953192,21340599,28268717,28880978,30476781,38929214,20397373,9574716,12586864,14789647,15981393,24366295,12925601,0,0,0,35364370,34700389,37565648,37198980,25542073,43888480,44962470,33987599,79013932,36049572,36746661,38154694,59137893,23612083,87612800,25969911,35830382,49392663,50713747,46666190,71227062,34603570,25540523,39078037,46174464,32260084,65124808,28122532,32618078.9,17492497.12,2.209314435
Pos,12749,Green,11.754,692.52521,PE 32:0|PE 16:0_16:0,PE 16:0_16:0,[M+H]+,null,0.95,TRUE,9.939,692.52252,C37H74NO8P,PE,SLKDGVPOSSLUAI-UHFFFAOYSA-N,O=C(OCC(OC(=O)CCCCCCCCCCCCCCC)COP(=O)(O)OCCN)CCCCCCCCCCCCCCC,410,FALSE,TRUE,TRUE,Normalized unit: Intensity; Annotation method: Msp20250218112233_NCDK_conventional_converted_dev_1,FALSE,FALSE,12749,0,0,0.99,0.59,0.63,0.69,3,2,2.34,128.32,O7_M,692.52441:386235 693.52908:211577 694.53375:0,85.10129:2725 87.59393:3106 95.08556:4852 97.10117:5238 107.37543:3038 118.78451:3461 122.98795:2878 161.64148:3026 221.54422:3233 239.23682:11690 378.81873:4006 551.50378:54017,2767712,2204515,6289182,2449690,6253737,4345997,5279073,6004800,5852569,4335235,4440798,4652790,2606248,4335014,6282225,3551885,3694726,5067819,3797574,4037612,4699350,1924630,6741998,2601935,0,0,0,5019644,4890155,4939638,4942246,5104232,4433951,8089194,3465328,7113442,3655239,3807681,3307150,9619842,3657384,5102365,3744556,5627556,4405500,5021800,6780929,7408610,4793633,3643352,2702545,4848385,5688743,4283984,3794335,4438336.958,1838473.87,3.884350216
Pos,13004,Green,10.687,700.52972,PE P-34:2|PE P-18:1_16:1,PE P-18:1_16:1,[M+H]+,null,0.95,TRUE,10.013,700.52759,C39H74NO7P,EtherPE,LALFTIIBOJSVNP-UHFFFAOYSA-N,O=C(OC(COC=CCCCCCCC=CCCCCCCCC)COP(=O)(O)OCCN)CCCCCCCC=CCCCCCC,410,FALSE,TRUE,TRUE,Normalized unit: Intensity; Annotation method: Msp20250218112233_NCDK_conventional_converted_dev_1,FALSE,FALSE,13004,0,0,0.99,0.58,0.72,0.82,5,2,2.41,550.83,Y4_E,700.52985:1831200 701.53451:949362 702.53918:249408,75.59435:2720 81.06992:20510 82.15501:2853 83.08549:5745 85.15458:2892 91.31645:2676 93.06996:6427 95.08543:17280 97.06455:6038 97.10114:13712 107.08521:4363 109.10119:6912 111.11690:3578 112.41019:3226 121.10124:13675 123.11662:4191 134.15251:2876 135.11696:7338 149.13274:3138 158.15120:2930 178.96590:2942 184.71852:3274 204.91144:3213 219.21048:3851 225.85936:3917 237.22112:4896 291.05545:3082 292.29944:26660 311.25800:252625 325.27353:6884 390.27661:60151 396.92181:3226 499.39996:3729 559.50983:4225 601.16248:3394 661.44550:3910,16286905,16472549,45008493,9826726,55852659,23489533,39104573,42920891,45954502,22187992,42598863,28345556,15652053,27700329,46565737,18290982,37984622,27867252,16343528,20684946,23339037,6128792,43844764,11844152,895,0,36533,33812102,35249195,35867294,35317480,33593307,35250801,64342416,18838125,70477153,22281686,25560572,23906135,69464100,15672308,47498677,23046709,38674464,36303984,46924482,36580478,73759880,26743844,20678922,20596456,43546788,30615492,42625668,23732004,31187152.5,16893114.28,3.040565469
Pos,13077,Green,9.348,702.50885,PE 33:2|PE 16:1_17:1,PE 16:1_17:1,[M+H]+,null,0.95,TRUE,9.189,702.50677,C38H72NO8P,PE,WRAPIMBVEFZRSV-UHFFFAOYSA-N,O=C(OCC(OC(=O)CCCCCCCC=CCCCCCCC)COP(=O)(O)OCCN)CCCCCCCC=CCCCCCC,410,FALSE,TRUE,TRUE,Normalized unit: Intensity; Annotation method: Msp20250218112233_NCDK_conventional_converted_dev_1,FALSE,FALSE,13077,0,0,1,0.51,0.6,0.71,4,2,2.32,168.14,Y3_A,702.50812:1383177 703.51279:612280 704.51745:154383,78.78402:2868 81.06973:14553 83.08540:18359 95.08545:19695 97.10095:7709 107.08520:3480 109.10103:7785 109.80727:2917 110.55549:3472 111.11676:4326 121.10101:7375 123.11682:5116 135.11678:20033 160.38470:3250 190.21449:3407 224.44710:2772 226.95163:4448 229.78731:3559 233.22668:3710 237.22076:4327 251.23668:7583 280.26282:3169 423.24341:3420 453.67212:3770 531.61365:3819 557.73395:3468 561.48828:168943,5712129,9912551,9854583,2653336,15472669,8929865,15583968,25250647,9272156,7745299,9851028,10151098,5226857,15779220,8712429,5596287,8523512,9700470,4867693,9262840,4040756,1419144,8079719,3118180,6212,0,0,13375161,11846465,13413980,12330789,14295828,25450558,18667130,7144581,25778395,8881721,10126634,16633461,21253734,4442697,19072315,9071348,18940636,27944603,13885607,16294644,26783049,13708036,8770612,14667129,12265250,9600029,16167646,10634146,11566706.02,6845828.467,2.960825559
Pos,13143,Green,9.816,703.57666,SM 34:1;O2|SM 18:1;O2/16:0,SM 18:1;O2/16:0,[M+H]+,null,0.95,TRUE,8.863,703.57489,C39H79N2O6P,SM,RWKUXQNLWDTSLO-UHFFFAOYSA-N,O=C(NC(COP(=O)([O-])OCC[N+](C)(C)C)C(O)C=CCCCCCCCCCCCCC)CCCCCCCCCCCCCCC,410,FALSE,TRUE,TRUE,Normalized unit: Intensity; Annotation method: Msp20250218112233_NCDK_conventional_converted_dev_1,FALSE,FALSE,13143,0,0,0.99,0.76,0.85,0.49,3,2,2.34,2623.01,O7_P,703.57642:17096664 704.58108:8188270 705.58575:1370230,75.65702:5003 86.09646:210092 88.39905:4382 92.22758:17059 92.50249:5202 97.97412:4855 98.85582:4337 98.98391:7754 104.10699:39765 104.59492:4392 124.99990:108176 184.07346:4673959 215.56042:4834 264.26791:6367 368.99118:5183 394.35229:5276 677.42267:4963,165114070,182496432,186051864,132654517,236684805,181935807,207062225,203575773,205060846,167301831,193064930,182123705,156293220,175730724,195293361,161193264,204482363,152140833,121771238,130483094,152930375,120789497,185034582,148925239,0,0,0,187146267,178316506,193689577,193179307,168903981,199798161,214149373,148338870,274489376,184214769,220587859,181402874,257132333,151280124,294045406,162657045,170245171,176655371,183984263,143114185,241196828,149608438,151238216,163170690,193844711,134823260,220532403,140500723,171389830.6,54634598.72,2.515723664
Pos,13168,Green,8.554,704.52411,PC 30:1|PC 14:0_16:1,PC 14:0_16:1,[M+H]+,null,0.95,TRUE,8.517,704.52252,C38H74NO8P,PC,BBPSXPRIJHOZLQ-UHFFFAOYSA-N,O=C(OCC(OC(=O)CCCCCCCCCCCCC=CCCCCCCCCCC)COP(=O)([O-])OCC[N+](C)(C)C)CCCC,420,FALSE,TRUE,TRUE,Normalized unit: Intensity; Annotation method: Msp20250218112233_NCDK_conventional_converted_dev_1,FALSE,FALSE,13168,0,0,0.99,0.57,0.81,0.46,6,1,1.63,357.77,Y6_F,704.52441:1651618 705.52908:756123 706.53375:170028,79.03333:3032 82.41005:3205 86.09633:23225 89.05949:2781 90.76257:3333 92.22749:6938 92.79182:2572 93.94404:3358 96.02830:3523 102.69901:3499 112.83978:2937 113.39716:3042 117.00588:2725 119.36061:3365 124.99998:5304 130.51958:2997 137.93146:3414 146.80788:2997 152.62987:2946 184.07355:422563 184.50598:3374 189.13382:3629 189.84343:3067 199.60907:3015 205.13167:3048 212.81038:3365 214.96700:3133 217.93974:3173 225.28378:3612 252.08722:3406 672.07086:3935 704.45770:4408 704.51831:4139,15077003,21437381,17213646,13980705,23389903,15954826,21890413,31047456,22532315,22109555,16422444,19659773,16132341,26721359,19533281,19473615,21768843,16524506,10848653,17427909,11027908,12060257,17562792,11784732,0,0,0,20890988,21065248,20684226,20535140,16757615,31061484,22466994,16409708,28558104,16278345,18932973,27932711,31036044,14244085,34442323,16736471,21053666,33347134,20778929,27902509,32645327,18763769,14497909,22624233,23759809,19909289,25167888,16593013,19575591.83,7446127.422,2.256847659
Pos,13170,Green,10.822,704.52484,PE 33:1|PE 16:0_17:1,PE 16:0_17:1,[M+H]+,null,0.95,TRUE,10.404,704.52252,C38H74NO8P,PE,CBDUTJYWWDMHBN-UHFFFAOYSA-N,O=C(OCC(OC(=O)CCCCCCCC=CCCCCCCC)COP(=O)(O)OCCN)CCCCCCCCCCCCCCC,410,FALSE,TRUE,TRUE,Normalized unit: Intensity; Annotation method: Msp20250218112233_NCDK_conventional_converted_dev_1,FALSE,FALSE,13170,0,0,0.99,0.5,0.64,0.71,4,2,2.33,637.57,Y5_N,704.52484:6717416 705.52951:2792262 706.53418:754671,76.16002:2977 77.75798:3084 79.05415:6025 79.29559:2727 79.84077:3393 81.06982:72014 83.08546:53409 84.26301:2942 85.10117:36694 91.37479:3186 93.05009:3078 93.06982:4976 95.08546:101344 97.10121:40379 103.22990:2921 107.08529:4570 109.10112:60596 111.08035:3161 111.11684:25188 111.89250:3797 112.31633:3501 121.10120:30230 123.11686:30931 125.13255:3850 125.61122:3244 135.11667:33331 137.13275:7951 149.13239:13614 151.14827:7301 151.65118:3003 156.46310:3477 165.16373:5174 184.07323:27067 225.22079:6109 227.16891:3841 233.22607:6733 237.22119:6827 239.23685:39115 249.57906:3029 251.23680:29501 253.25163:6714 258.13174:3862 265.25253:12279 268.90518:3501 280.26389:13919 294.27933:23262 313.27289:5938 325.27341:4348 327.29056:3385 336.88223:3527 363.95056:3918 450.28513:3955 561.96277:3895 563.50391:734710,13815972,16595058,26700574,7232604,40549105,22606827,36490229,45109981,24610664,17759489,29043984,25449081,13088819,27999953,25231365,14065269,25783310,24479728,13899818,16159870,12883851,4386497,25066556,9426895,0,0,10966,30005788,31597370,31543988,32198419,37781619,42671417,52393398,18140523,69443501,24738087,26779745,29187771,64032980,13931011,53439081,23833626,48718557,47555552,38121188,41110951,76188242,34764524,23881067,25709017,33385230,27639196,47619941,26490079,28569969.76,16402324.57,3.293010421
Pos,13174,Green,10.09,704.5603,PC O-31:1|PC O-15:0_16:1,PC O-15:0_16:1,[M+H]+,null,0.13,TRUE,9.547,704.5589,C39H78NO7P,EtherPC,CWQPTIZXCLUEJS-UHFFFAOYSA-N,O=C(OC(COCCCCCCCCCCCCCCC)COP(=O)([O-])OCC[N+](C)(C)C)CCCCCCCC=CCCCCCC,410,FALSE,TRUE,TRUE,Normalized unit: Intensity; Annotation method: Msp20250218112233_NCDK_conventional_converted_dev_1,FALSE,FALSE,13174,0,0,0.99,0.74,0.84,0.58,4,2,2.37,860.28,Y5_M,704.56049:2749370 705.56515:1138053 706.56982:267269,78.84618:4054 79.12186:2501 86.09638:73702 89.36890:2808 92.04608:3450 92.22737:16079 95.15565:3175 104.10693:26742 124.03880:3436 124.99993:33705 136.23701:3143 138.71048:3257 145.38016:2889 156.41711:3552 184.07339:1548393 185.07680:14056 239.88707:3654 468.34512:4512 469.48602:4105 495.26614:15019 541.12488:3637 551.32947:12848 606.90179:3763 607.39001:4712 704.55518:5669,17064719,23340327,16222915,14825633,23976857,19444728,33280728,39120755,21028592,26726822,18209640,27457052,20659276,33454497,21130367,23751128,24700745,23563186,11403447,13156384,6204010,5909610,14697669,8824835,0,0,0,28522786,29560570,29494668,29081177,36115748,55144038,36342363,30671964,47897183,36577312,32633537,40900706,41397220,16893844,47225309,26225047,42580829,54485272,33300036,47644509,48074085,34053396,26848310,39176866,32490550,33712655,34483501,30259277,27453575.96,13313664.9,1.987058853
Pos,13248,Green,9.874,706.53998,PC 30:0|PC 15:0_15:0,PC 15:0_15:0,[M+H]+,null,0.96,TRUE,8.95,706.53809,C38H76NO8P,PC,LJARBVLDSOWRJT-UHFFFAOYSA-N,O=C(OCC(OC(=O)CCCCCCCCCCCCCC)COP(=O)([O-])OCC[N+](C)(C)C)CCCCCCCCCCCCCC,410,FALSE,TRUE,TRUE,Normalized unit: Intensity; Annotation method: Msp20250218112233_NCDK_conventional_converted_dev_1,FALSE,FALSE,13248,0,0,0.99,0.72,0.85,0.51,4,2,2.34,31918.07,Y5_F,706.53979:109709568 707.54446:47103096 708.54913:11196256,80.99406:38424 86.09640:1803821 97.33919:34725 98.98404:87073 99.44260:31404 104.10708:249887 113.84885:33339 117.74365:37987 124.99969:621125 126.69304:32881 131.27370:32543 132.79143:34869 146.46902:39853 184.07339:33520802 317.43301:40792 454.62866:44428 464.31311:64207 482.32520:64852 485.18646:40218 532.45453:44953 611.74493:35630 706.53516:158558,458063101,524815525,606085787,434183585,847293142,520255431,783494128,809240276,775655635,701895496,728681849,623382442,522042185,603623121,717321125,664113342,812649464,523118059,334382471,341626856,419124701,388760635,638704807,382388541,90805,0,0,760560755,780187168,828254703,810181093,750877053,887530238,1022676369,760034386,1469372120,763417907,839691702,698403685,1170103028,620537559,1510206939,605685170,873945042,913541739,1031684526,987491688,1428707358,770889679,673217512,777483122,979634993,821314184,1300603360,641664768,720707097.4,312988838.2,2.675015016
Pos,13447,Green,19.027,712.64746,TG 40:0|TG 12:0_14:0_14:0,TG 12:0_14:0_14:0,[M+NH4]+,null,1,TRUE,13.492,712.64502,C43H82O6,TG,UGBCBXMLXHJYBS-UHFFFAOYSA-N,O=C(OCC(OC(=O)CCCCCCCCCCCCC)COC(=O)CCCCCCCCCCCCC)CCCCCCCCCCC,410,FALSE,TRUE,TRUE,Normalized unit: Intensity; Annotation method: Msp20250218112233_NCDK_conventional_converted_dev_1,FALSE,FALSE,13447,0,0,0.98,0.32,0.54,0.85,4,2,2.32,4685.37,Y4_P,712.64764:101260 713.65231:45444 714.65698:0,80.13008:2815 88.17422:3446 90.80602:3048 95.35705:3274 97.73418:3144 103.10603:2927 104.09332:2832 113.68700:3250 127.46812:3022 163.14706:3001 168.60086:3374 183.17444:3456 189.58081:3099 237.87756:3567 319.47778:3861 363.06650:3340 382.69861:3047 407.93594:3753 467.40909:15021 495.43973:15460,1303622,1244000,1360705,1407179,1302277,957025,1279003,1455272,1253609,1152079,1370664,1169194,1204762,1108456,1282549,1370928,1140036,1205044,1428404,1210589,1194960,1274455,1249408,1273710,1334044,1543830,1291744,1412000,1666512,1411737,1258819,1357830,1235190,1560822,1379185,1293634,1190522,1250518,1273755,1314901,1169077,1564911,1437600,1238248,1377080,1475993,1193013,1269809,1220185,1428028,1167988,1477743,1380893,1327436,1378810,1310541.6,128325.5875,3.423864521
Pos,13554,Green,10.007,716.52441,PE 34:2|PE 16:1_18:1,PE 16:1_18:1,[M+H]+,null,0.95,TRUE,9.208,716.52252,C39H74NO8P,PE,RAMNOXDFBNFSFC-UHFFFAOYSA-N,O=C(OCC(OC(=O)CCCCCCCC=CCCCCCCCC)COP(=O)(O)OCCN)CCCCCCCC=CCCCCCC,410,FALSE,TRUE,TRUE,Normalized unit: Intensity; Annotation method: Msp20250218112233_NCDK_conventional_converted_dev_1,FALSE,FALSE,13554,0,0,0.99,0.49,0.62,0.71,4,2,2.32,7832.27,Y4_M,716.52417:10048060 717.52884:4185909 718.53351:991994,79.26044:3268 81.06990:74228 83.08553:55195 85.10120:5117 92.23117:6943 93.06994:23794 95.08550:80882 97.10130:50375 105.31169:3289 107.08558:17059 109.10128:49833 111.08044:3124 111.11698:29550 112.52038:3234 121.10116:73665 123.11680:34956 125.13280:5040 135.11694:62729 137.13257:21550 138.85898:3632 149.13243:32736 151.14798:4783 153.12729:7215 156.79649:3963 163.14847:7128 184.07365:16556 219.21111:22081 237.22133:59192 247.24243:16566 265.25238:51790 280.26404:7405 300.54630:3367 308.29514:16851 311.25842:20512 339.28885:24186 506.23975:3943 538.03589:3751 557.99414:4120 575.50433:744948 576.81592:3572,118423291,156972754,176301933,64737940,255428714,200142600,273212793,371356229,167102559,132334180,155025768,200291201,118365828,230513243,187359717,118605549,141565620,202621382,119978644,168488511,104026341,36086992,180590162,98575590,21405,0,0,194909014,196021179,207171968,197082598,246140339,304460295,251144145,111060915,306485774,170184213,183288461,219201376,321442952,97049466,224628823,173341904,287216629,292054971,197389676,213806449,309784428,209487152,166332024,180629277,187384313,167318093,192606858,171617928,181043093.9,79376643.39,2.637739844
Pos,13636,Green,9.218,718.53925,PC 31:1|PC 15:0_16:1,PC 15:0_16:1,[M+H]+,null,0.95,TRUE,8.753,718.53809,C39H76NO8P,PC,QFVHCMLUKNHDSH-UHFFFAOYSA-N,O=C(OCC(OC(=O)CCCCCCCC=CCCCCCC)COP(=O)([O-])OCC[N+](C)(C)C)CCCCCCCCCCCCCC,410,FALSE,TRUE,TRUE,Normalized unit: Intensity; Annotation method: Msp20250218112233_NCDK_conventional_converted_dev_1,FALSE,FALSE,13636,0,0,0.99,0.69,0.85,0.47,6,2,2.31,12253.64,QC_3,718.54004:31763512 719.54471:14693578 720.54937:3561617,75.11862:10368 78.58008:12696 82.35633:11854 84.29044:11784 86.09642:676175 92.22765:43162 92.65086:10522 97.20346:11160 98.98402:50367 104.10699:95991 106.19470:12267 124.99988:260598 127.34500:13609 140.05840:11773 151.22153:13985 184.07346:14390352 214.00645:12385 286.14371:13195 322.88467:12207 339.52014:11912 464.31253:19069 476.31277:19882 482.32373:18620 494.32590:15244 507.84543:14735 533.06927:14532 618.16034:15624 718.53748:62060,232224669,351160931,203632354,192507710,351583793,196473427,339802683,496496058,396078666,379948224,320015874,318085742,238782087,417807779,278618833,333766885,418815162,226509959,108644317,183986079,136717028,153095514,244649339,130905759,20319,9624,0,383165557,380316978,383195561,383129942,289845622,649793984,379257902,371256964,747864676,376797278,346581692,532161883,490202557,214911248,810066360,273006764,385166102,680938554,460493392,510017562,669631584,378324205,262533685,510425413,425233715,324906752,602740234,304311809,348665759.8,174957556.7,1.614389016
Pos,13638,Green,11.664,718.54102,PE 34:1|PE 16:0_18:1,PE 16:0_18:1,[M+H]+,null,0.95,TRUE,10.068,718.53809,C39H76NO8P,PE,FHQVHHIBKUMWTI-UHFFFAOYSA-N,O=C(OCC(OC(=O)CCCCCCCC=CCCCCCCCC)COP(=O)(O)OCCN)CCCCCCCCCCCCCCC,410,FALSE,TRUE,TRUE,Normalized unit: Intensity; Annotation method: Msp20250218112233_NCDK_conventional_converted_dev_1,FALSE,FALSE,13638,0,0,0.99,0.5,0.62,0.71,4,2,2.33,7642.58,O8_E,718.53973:15842863 719.54440:7016997 720.54907:1678774,79.05415:12214 81.06985:195035 83.08546:185014 85.06455:8131 85.10117:90398 88.93052:5176 93.06982:42766 95.08548:302974 97.10116:132953 107.08551:25487 109.10112:181000 111.11678:67066 112.29281:5850 121.10119:97115 123.11681:95730 125.13255:26701 127.11161:5698 131.96277:5969 133.84511:5525 135.11685:99618 137.13283:31399 139.14824:5689 141.28564:5176 146.48785:4905 149.13274:40573 151.14827:23649 153.12744:23886 155.34972:5303 163.14815:10886 165.16391:20814 167.14316:7087 184.07370:35777 220.74088:5043 221.22676:11361 239.23671:155343 239.24896:5348 247.24210:38891 265.25232:144030 282.27893:31346 308.29495:69161 313.27356:43752 339.28955:31884 520.48737:6485 577.51953:1960311 613.04700:5809,130890488,124282175,251718177,75046414,305090529,225779774,294533983,292853840,204114812,144975255,221475575,217362592,142249845,215419357,253754950,126767465,195444121,250086763,158615742,156988905,145089801,47277550,246502163,105683842,22279,0,21168,219110243,224002833,235427436,225057445,287564865,254602887,365885945,126355349,366786161,191969485,229632864,196385280,460103261,120249905,304985772,240129052,335802119,280523578,254387046,259068526,407355660,254266589,182864647,155082814,237056329,201871574,247253583,212166340,211054457.4,93854304.53,4.07772398
Pos,13642,Green,10.868,718.57697,PC O-32:1|PC O-16:0_16:1,PC O-16:0_16:1,[M+H]+,null,0.53,TRUE,9.493,718.57452,C40H80NO7P,EtherPC,HJVQHTGUAIETCQ-UHFFFAOYSA-N,O=C(OC(COCCCCCCCCCCCCCCCC)COP(=O)([O-])OCC[N+](C)(C)C)CCCCCCCC=CCCCCCC,410,FALSE,TRUE,TRUE,Normalized unit: Intensity; Annotation method: Msp20250218112233_NCDK_conventional_converted_dev_1,FALSE,FALSE,13642,0,0,0.99,0.76,0.84,0.57,4,2,2.37,1428.07,Y6_M,718.57684:3656928 719.58151:1670818 720.58618:0,76.88779:3238 80.05965:3080 86.09635:86142 92.23134:8033 98.11055:3331 98.98404:4845 104.10682:18788 124.99968:39199 131.81578:3785 138.33675:3608 154.88911:2924 173.09979:3644 184.07335:1811048 189.33931:3958 194.99435:3144 210.92270:4017 233.81326:3429 368.60184:3479 390.32782:3488 411.46906:3323 468.37683:3547 482.36551:3391 541.32825:4771 606.81714:3646 718.57312:6289,62810881,68943547,58822202,52295310,68925993,66179366,79961527,99255511,73057674,86437152,61978894,87085878,70664952,93899500,69909542,84241076,77618838,76908810,43374000,48937025,37260921,41733674,54397501,44549954,0,0,0,85209527,86834938,75654517,84278390,95948704,120189989,99500330,84043679,117303524,96036928,98577780,95476934,125752900,49555949,125593431,80253442,87521680,117485836,86433122,130464945,107055946,92651579,73567136,69365650,86080800,87336159,70582616,80548356,76700991.15,28640466.17,3.409528075
Pos,13706,Green,10.656,720.55579,PC 31:0|PC 15:0_16:0a,PC 15:0_16:0,[M+H]+,null,0.96,TRUE,9.157,720.55377,C39H78NO8P,PC,LLHISNQVRRYJGL-UHFFFAOYSA-N,O=C(OCC(OC(=O)CCCCCCCCCCCCCCC)COP(=O)([O-])OCC[N+](C)(C)C)CCCCCCCCCCCCCC,410,FALSE,TRUE,TRUE,Normalized unit: Intensity; Annotation method: Msp20250218112233_NCDK_conventional_converted_dev_1,FALSE,FALSE,13706,0,0,0.99,0.68,0.85,0.45,6,2,2.3,21658.2,QC_4,720.55591:171908656 721.56058:74413256 722.56524:18361242,76.33119:58725 76.40125:55246 78.30755:57623 86.09647:3538052 90.93190:61286 98.98401:144708 101.69859:66904 104.10693:344234 116.48714:60702 124.99988:1552925 129.98201:65476 138.55850:72505 139.36049:64377 184.07349:74753840 213.64880:69683 218.87967:58672 418.62317:63183 464.31262:84752 482.32526:80378 496.34048:116325 537.48895:105674 698.94830:78546 720.55231:260689,1069512470,1213232658,1351629281,1013468543,2004763465,1133072993,1938286318,1997648918,2069968268,1913334619,1864723069,1685073723,1216786093,1597542480,1706046462,1634695299,2128541691,1303313758,689740975,728712616,869128009,777019674,1507892866,719297541,1057592,153531,129813,1916324527,1988689667,1987102239,2005407155,1938589248,2418105265,2631459703,2061345034,4032880111,2015668480,1905883942,1820876391,2950467461,1286087567,3714994992,1475567591,2271327364,2426716771,2588800097,2929181699,3535326179,2003326411,1565700495,1854675860,2546035165,2158329834,3242212151,1697056672,1801871105,844027827.9,2.803399391
Pos,13907,Green,9.29,726.50836,PE 35:4|PE 15:0_20:4,PE 15:0_20:4,[M+H]+,null,0.69,TRUE,8.814,726.50677,C40H72NO8P,PE,RYGFUGWKZYMNBF-UHFFFAOYSA-N,O=C(OCC(OC(=O)CCCCCCCCCCCCCCCCC=CCC=CCC=CCC=CCC)COP(=O)(O)OCCN)CCCC,420,FALSE,TRUE,TRUE,Normalized unit: Intensity; Annotation method: Msp20250218112233_NCDK_conventional_converted_dev_1,FALSE,FALSE,13907,0,0,0.99,0.22,0.34,0.68,4,1,1.55,94.25,QC_3,726.50879:781570 727.51346:218083 728.51812:0,75.90321:2887 79.05426:3898 81.06994:3481 85.10114:6075 91.05405:4560 92.22755:7760 95.08547:6767 95.31110:3568 106.25279:2928 109.10114:3335 109.27234:3514 110.71823:2792 111.15324:3188 118.31487:3429 119.08549:7533 127.16162:3407 138.79692:3464 143.91145:3707 203.17973:6503 299.25787:48651 456.75839:3947 498.80887:3462 585.48920:50754 620.65564:3649 653.60901:3415 685.43604:5558,1925128,1768562,1974539,1352151,5500904,2589599,4879551,6193231,1840068,3516987,4249003,3492182,1662802,3740882,2051237,3009433,3830078,3521245,1740949,1604301,667138,648278,3938177,886995,0,0,0,4885930,4436316,4550578,4725476,4929688,6384540,4349474,3757873,10619444,3081694,2807227,3889734,5804932,2587985,8990975,3223383,6913473,7800390,3481154,8681887,11173808,5001989,3150440,4104843,2706335,5766932,7043004,3391247,3905893.981,2489026.092,2.188554967
Pos,13981,Green,9.567,728.52478,PE 35:3|PE 17:1_18:2,PE 17:1_18:2,[M+H]+,null,0.33,TRUE,9.055,728.52252,C40H74NO8P,PE,HAJJFLNUKSWRNU-UHFFFAOYSA-N,O=C(OCC(OC(=O)CCCCCCCC=CCC=CCCCCC)COP(=O)(O)OCCN)CCCCCCCC=CCCCCCCC,410,FALSE,TRUE,TRUE,Normalized unit: Intensity; Annotation method: Msp20250218112233_NCDK_conventional_converted_dev_1,FALSE,FALSE,13981,0,0,0.99,0.49,0.58,0.71,4,2,2.31,248.05,Y5_F,728.52490:1284637 729.52957:541455 730.53424:305097,81.06995:26022 83.08555:6101 93.06989:3835 95.08552:29725 97.10115:8064 107.08522:5260 108.09545:3262 109.10130:14263 109.14949:3472 111.08048:2923 111.11684:5588 121.10117:13607 123.11697:4822 135.11713:12767 149.13272:3169 177.16379:3349 251.23607:5842 263.23721:5304 273.86908:3346 306.27939:4116 322.26065:3231 337.27304:3332 358.49832:3653 427.34964:3468 472.90430:3464 544.37878:3525 587.50433:177910 615.63831:3712 703.71729:4182,1651416,2001824,8379347,1693779,3360580,3145731,3725941,4822701,6500557,2822565,2473851,2613130,1340244,2540217,7481817,2812005,2099632,2403265,1992867,2389650,4530329,854248,1973321,1166490,0,0,0,4214488,3931281,4720004,4150828,3611265,4313953,13584460,2393090,4237851,2265783,3354090,2793255,17532168,2574387,4610741,2141083,4206155,4463881,8642779,5597169,5383457,3139719,2218067,2076640,9449721,4117414,3358618,2395046,3822780.001,3066223.297,3.102169031
Pos,13984,Green,10.391,728.52539,PE 35:3|PE 16:0_19:3,PE 16:0_19:3,[M+H]+,null,0.44,TRUE,9.428,728.52252,C40H74NO8P,PE,RSVUVUOGTFKHLO-UHFFFAOYSA-N,O=C(OCC(OC(=O)CCCCCCCCCCCCC=CCC=CCC=CCCCCCCC)COP(=O)(O)OCCN)CCCCCC,420,FALSE,TRUE,TRUE,Normalized unit: Intensity; Annotation method: Msp20250218112233_NCDK_conventional_converted_dev_1,FALSE,FALSE,13984,0,0,0.99,0.14,0.18,0.7,4,1,1.51,223.67,Y6_M,728.52466:1052501 729.52933:505641 730.53399:171375,80.51041:3372 81.06967:4306 83.08540:3439 85.10109:3855 86.62273:3071 91.05435:3257 93.06971:13012 95.08546:19262 97.10117:3714 107.08534:5231 109.10113:13153 114.47082:3934 116.02721:3012 121.10112:4248 123.11675:3172 128.57852:3124 131.08574:4035 138.38889:3518 146.98169:21567 165.49719:2988 176.63669:3356 184.07289:3246 191.17987:6518 201.61877:3517 220.43321:3088 246.06549:3348 313.27396:60271 318.27841:4181 401.35699:3758 435.34259:4478 521.38007:3546 545.45245:4601 545.51190:5767 552.83075:3482 576.65765:3770 587.50531:52399 686.44135:4858 687.44165:63438 690.24792:3883 720.61078:4076,2919380,3442725,3334705,2268924,11116796,4954211,7900966,10631423,3528790,6315443,7492768,5483261,2931896,6800501,3816968,4568002,7336993,4982697,2268661,2729414,1084028,1164854,6573629,1395586,0,0,0,8905596,7333833,7815178,7511946,9553657,10495621,7560153,8114576,24035199,5943112,5604339,8038742,9487619,5187143,20940393,5093935,12346661,12738092,6996186,16576660,25274649,8462134,4836888,6224246,5902800,11348539,13687088,5917358,7217726.614,5314462.784,3.939480141
Pos,14133,Green,9.897,732.55511,PC 32:1|PC 16:0_16:1,PC 16:0_16:1,[M+H]+,null,0.96,TRUE,9.138,732.55377,C40H78NO8P,PC,QIBZFHLFHCIUOT-UHFFFAOYSA-N,O=C(OCC(OC(=O)CCCCCCCC=CCCCCCC)COP(=O)([O-])OCC[N+](C)(C)C)CCCCCCCCCCCCCCC,410,FALSE,TRUE,TRUE,Normalized unit: Intensity; Annotation method: Msp20250218112233_NCDK_conventional_converted_dev_1,FALSE,FALSE,14133,0,0,0.99,0.67,0.84,0.46,6,2,2.3,47744.82,Y4_A,732.55560:452522112 733.56027:199117216 734.56494:49788048,75.07143:152903 76.25639:159738 78.17109:165532 82.13239:176451 82.65441:184287 84.39372:140265 85.11653:155220 85.47038:158907 86.09639:12730091 94.25774:165563 98.98407:1016121 101.97800:194557 103.28070:155986 104.10699:2182886 110.72578:205755 115.75323:182133 123.10356:185889 124.99982:6674346 130.44092:160940 148.43372:179305 167.12677:178339 184.07341:251669408 196.05107:165913 199.40356:226086 281.90326:174830 322.57605:179523 331.35526:233976 417.43146:193204 476.31302:418960 494.32199:223609 496.33942:328614 528.47925:230180 549.48682:221002 732.55237:1053646,3790393313,4846304466,4447629430,3412699803,5640504853,4263704286,5551666793,6633697468,5458883715,5267584162,4289951680,4951036270,4060330382,5619451594,5380765684,5133761053,5059914799,4511348797,2941898821,3920573950,3293387779,3051912638,4622965786,3224383392,770124,278445,227569,5129574523,5117751934,5393834754,5259526503,4975102265,6817669326,5441402626,4745572271,6865259808,4978175051,5368505117,5743339145,6524738669,3912339418,6877527622,4414275521,5553896929,6335620225,5440728676,6145199818,6749657526,4814284950,4273773918,5321833586,5305526730,5130500671,5623449900,4281209500,4762114619,1501087514,1.82921726
Pos,14232,Green,11.575,734.57141,PC 32:0|PC 16:0_16:0,PC 16:0_16:0,[M+H]+,null,0.53,TRUE,9.788,734.5694,C40H80NO8P,PC,KILNVBDSWZSGLL-UHFFFAOYSA-N,O=C(OCC(OC(=O)CCCCCCCCCCCCCCC)COP(=O)([O-])OCC[N+](C)(C)C)CCCCCCCCCCCCCCC,410,FALSE,TRUE,TRUE,Normalized unit: Intensity; Annotation method: Msp20250218112233_NCDK_conventional_converted_dev_1,FALSE,FALSE,14232,0,0,0.99,0.73,0.84,0.52,4,2,2.34,28474.22,Y6_N,734.57172:341092256 735.57638:155036032 736.58105:40739016,76.79134:128423 81.42304:113025 86.09645:5914615 98.98413:522475 102.82370:147156 104.10690:820866 118.54201:125593 124.99562:233459 124.99996:3511327 135.99788:137579 150.02457:136160 182.33745:127425 184.07352:127468576 261.37878:135913 306.49307:128758 314.53033:142252 372.97647:157493 478.33215:181339 496.33997:559862 513.38672:156370 517.17505:149140 525.12659:140026 608.80853:160270 620.60345:164375 621.54535:155856 694.11017:180226 734.56952:790707,3041756158,2784819312,3632524627,3166069992,4374085133,3565803983,4443911040,4175225253,4641153385,4686064203,3578567612,4026821575,3408889670,3728311544,4720835783,4883179951,4265145714,3937894959,2681333051,2529714007,3178989597,3158435543,4140337701,2863486451,1903485,318873,183831,3941727813,4031659532,4344160619,4297695897,4191646513,4074265163,4827808612,4530883316,5517854034,4189514044,4287948100,3259821332,5234040179,3706353134,4640548344,3782232018,4431350025,3837827704,4307661556,5626529034,4754636186,3902356036,3402627657,3204046205,4502055130,5026019988,4237011449,3625355653,3806025413,1150086939,2.736296938
Pos,14294,Green,8.017,736.49359,PE 36:6|PE 16:1_20:5,PE 16:1_20:5,[M+H]+,null,0.95,TRUE,8.402,736.49121,C41H70NO8P,PE,WIHSZOXPODIZSW-UHFFFAOYSA-N,O=C(OCC(OC(=O)CCCCCCCC=CCC=CCC=CCC)COP(=O)(O)OCCN)CCCCCCCC=CCC=CCC=CCC,420,FALSE,TRUE,TRUE,Normalized unit: Intensity; Annotation method: Msp20250218112233_NCDK_conventional_converted_dev_1,FALSE,FALSE,14294,0,0,0.98,0.17,0.24,0.69,3,1,1.52,31.8,O3_E,736.49402:207442 737.49869:74745 738.50335:23300,79.42379:2918 118.36826:3292 121.10092:3255 181.98688:3232 184.07344:7728 185.28410:3503 193.57477:3821 202.69800:3088 216.77049:3668 244.22159:3762 311.25800:7524 328.26172:4040 430.28583:3641 461.15723:3590 569.73431:3818 595.47180:14596 602.09515:4057,943616,1428194,796083,861535,1460312,1244309,1836914,2899605,705376,1383912,937200,1490294,724633,1939781,626662,1071137,707189,1285309,958960,1825326,434276,376381,947764,746905,9416,0,11500,1194242,1043527,1122030,1088689,1115360,1695470,546000,719319,943042,606404,828614,1260137,625021,950752,747020,776033,1473607,1813059,452498,1636837,1131260,861212,861805,1028172,484130,1207577,666134,761884,1005316.779,517712.7231,3.231538907
Pos,14302,Green,9.877,736.52905,PE P-37:5|PE P-17:1_20:4,PE P-17:1_20:4,[M+H]+,null,0.95,TRUE,9.822,736.52759,C42H74NO7P,EtherPE,JRXVMTSOQFNTJS-UHFFFAOYSA-N,O=C(OC(COC=CCCCCCCC=CCCCCCCC)COP(=O)(O)OCCN)CCCCCCC=CCC=CCC=CCC=CCC,410,FALSE,TRUE,TRUE,Normalized unit: Intensity; Annotation method: Msp20250218112233_NCDK_conventional_converted_dev_1,FALSE,FALSE,14302,0,0,1,0.17,0.32,0.83,5,2,2.25,240.52,Y5_F,736.52838:3860772 737.53305:1747436 738.53772:0,79.05425:47195 81.06988:68041 83.08559:6833 85.06480:4666 85.10130:4601 86.09634:20507 87.09970:5451 91.05419:58029 93.06986:55895 95.08551:72946 97.06479:19215 97.10118:13402 105.06989:43277 105.63322:3312 107.08556:38705 109.06438:3611 109.10110:34040 111.07971:3248 117.06975:31395 119.08559:81833 121.06455:3506 121.10126:41704 123.08050:7879 123.11680:6954 129.05466:43317 129.06973:7569 131.08554:23564 133.10130:46958 135.08060:3632 135.11697:15639 143.08524:6632 145.10109:17946 147.11703:26748 147.90981:3947 149.09628:4442 149.13251:6009 157.10135:24034 159.11691:13303 160.82761:4091 161.09656:4713 161.13242:16862 163.14803:4950 171.11693:19700 175.11200:5431 175.14812:17254 184.07349:303396 185.07684:139936 185.13251:13024 186.07773:118055 187.08139:23938 188.08257:3793 189.16406:6405 191.17975:4160 197.11758:7350 199.14874:5591 201.16364:4544 203.17964:63369 269.22690:26496 278.28415:46959 296.29504:5642 330.27847:8453 361.27374:223853 376.26132:121956 450.30148:4094 460.84189:3882 506.92776:3519 595.51190:4056 698.85327:4353,9514565,11281562,25205015,6627783,31547019,13617661,21259098,21389052,24107035,15480057,25636182,13761411,6676122,15685743,24543062,8447752,18990283,13319167,10531471,13599325,15893175,3970590,30344521,7841678,0,0,0,23880290,24070601,27359377,22915382,23542160,20275951,48158825,17461786,52261803,16803351,20108530,17172214,42713414,13757756,36173523,15912064,26005481,21689787,28717964,29235629,50691197,17180662,14595534,13105568,27111610,24143212,29360165,13281421,20126447,11512903.42,1.98227469
Pos,14357,Green,8.71,738.50854,PE 36:5|PE 16:1_20:4b,PE 16:1_20:4,[M+H]+,null,0.95,TRUE,8.737,738.50677,C41H72NO8P,PE,CXGZFWPMXPAZEA-UHFFFAOYSA-N,O=C(OCC(OC(=O)CCCCCCC=CCC=CCC=CCC=CCC)COP(=O)(O)OCCN)CCCCCCCC=CCCCCCC,410,FALSE,TRUE,TRUE,Normalized unit: Intensity; Annotation method: Msp20250218112233_NCDK_conventional_converted_dev_1,FALSE,FALSE,14357,0,0,0.99,0.15,0.27,0.7,4,2,2.17,1668.35,O3_A,738.50891:4345500 739.51358:2005169 740.51825:502533,77.60105:3191 79.05412:18185 80.31828:2899 81.06993:32349 83.08546:16997 84.14724:3140 84.82598:2829 85.06488:3288 91.05421:22272 93.06979:20798 94.08089:3056 95.08548:30503 97.06472:3748 97.10120:8027 103.74123:3320 104.26545:3265 105.06979:17221 107.08537:15399 109.10119:12770 117.06963:4979 119.08559:20178 121.10113:22252 123.11686:3562 124.14349:3417 131.08556:7562 133.10104:18320 135.11688:22546 137.13292:3758 145.10114:5344 147.11684:5429 149.13284:13676 157.09369:3579 157.10088:4110 163.14842:3556 171.11678:4662 175.14841:4247 175.49211:3790 181.66780:3743 183.42889:3332 199.04846:3111 203.17941:22641 213.16354:4202 213.70941:3313 219.21082:3693 231.83876:3416 237.22159:13097 239.14078:3389 243.31897:3361 269.22543:4531 269.39133:3146 280.26285:4116 287.23584:3748 311.25803:141662 330.27835:7224 351.68045:3997 361.27261:4614 365.26843:4552 377.21674:3955 514.32672:3901 597.48840:100755 608.03119:3711 622.77856:4283,32176917,39924581,30310102,21144446,59525135,50836776,65884995,95855147,25408219,40445213,41820115,49315683,28690235,62369815,28835670,36611086,37114209,52585229,35420531,52483554,16882408,13488350,50418832,25712138,31675,51646,2237,45964678,47521136,48568863,46290575,56198704,75773279,37140461,31858430,64720762,36875724,38061664,55257694,42801781,36096552,53810555,45995829,65807913,78443423,24198132,74198163,70779674,49575303,37023513,46121189,26617208,55833087,46202323,41839031,43144010.75,19273337.59,2.396728198
Pos,14426,Green,9.994,740.5238,PE 36:4|PE 16:0_20:4,PE 16:0_20:4,[M+H]+,null,0.95,TRUE,9.243,740.52252,C41H74NO8P,PE,NQIMLWFRWGTTOZ-UHFFFAOYSA-N,O=C(OCC(OC(=O)CCCCCCC=CCC=CCC=CCC=CCC)COP(=O)(O)OCCN)CCCCCCCCCCCCCCC,410,FALSE,TRUE,TRUE,Normalized unit: Intensity; Annotation method: Msp20250218112233_NCDK_conventional_converted_dev_1,FALSE,FALSE,14426,0,0,0.99,0.16,0.29,0.72,4,2,2.19,15769.77,QC_4,740.52417:50803612 741.52884:21717682 742.53351:5352841,77.91551:3864 79.05435:87888 81.06992:177406 83.08559:108672 85.06464:7258 85.09879:3741 85.10122:109070 86.09625:22645 91.05428:138601 93.06995:95709 95.04900:7418 95.08559:250443 97.06477:25885 97.10126:63123 99.11644:5480 103.02528:3866 103.37961:3764 104.10696:8640 105.06664:3581 105.06994:106147 107.08562:59067 109.10124:117311 110.30122:4102 111.11665:17664 117.06991:59368 119.08563:148183 121.10120:60894 123.08031:18206 123.11683:61956 124.01567:3722 124.99979:3842 125.09595:5850 125.13226:7347 129.06970:19488 131.08571:55735 132.23058:3705 133.10127:104049 135.08095:3857 135.11679:26337 135.32841:3889 137.09613:4653 137.13248:40526 141.16315:3444 143.08583:28484 145.10104:38779 146.54648:4281 146.98187:9107 147.11702:51029 147.26985:3521 149.13242:17291 151.14844:8243 155.01038:6204 157.10121:35420 159.11679:18871 161.09644:7535 161.13235:27642 162.85435:3804 163.11176:4374 163.14792:7241 165.16360:5829 171.11707:27631 173.13255:9059 175.11192:5077 175.14867:25910 177.16408:5947 184.07353:327047 185.06989:3887 185.07715:78248 185.13290:20852 186.07741:28453 187.14830:22202 189.16415:6600 199.14786:8768 201.16406:19681 203.17970:196207 207.07669:3475 208.47354:3424 215.17990:5008 215.41476:3228 218.33731:4070 219.13824:4773 221.22604:7743 227.17972:5926 239.23705:112082 257.24728:21459 269.22672:48932 271.24118:4688 282.27921:25317 287.23712:8051 311.25806:22036 313.27386:1028368 330.27917:84470 343.26343:6544 361.27365:21885 367.28476:70354 393.23929:7197 435.34964:4419 538.40973:4081 557.45502:6083 599.50464:817460 740.52142:4001,223781424,219812406,319780577,173156137,525799824,375788650,445482590,472479243,255070222,304753268,336586279,323897828,217389222,332311825,320655197,312738139,327740456,369490906,233704824,251514260,200703642,128521949,458683730,207437919,10178,0,0,342620675,330974877,375327525,363798483,429055149,413231162,370318680,285908558,539068964,301996774,317190556,292030987,447972237,341260866,427097629,324529467,487275253,403173560,291337392,539972276,550070969,358480662,307817797,257022748,278000324,492738903,372651364,316110447,325351363.2,123842670.9,1.728509215
Pos,14440,Green,20.083,740.67914,TG 42:0|TG 12:0_14:0_16:0,TG 12:0_14:0_16:0,[M+NH4]+,null,1,TRUE,13.743,740.67627,C45H86O6,TG,PGZSAELMQZLYOA-UHFFFAOYSA-N,O=C(OCC(OC(=O)CCCCCCCCCCCCC)COC(=O)CCCCCCCCCCCCCCC)CCCCCCCCCCC,410,FALSE,TRUE,TRUE,Normalized unit: Intensity; Annotation method: Msp20250218112233_NCDK_conventional_converted_dev_1,FALSE,FALSE,14440,0,0,0.99,0.25,0.38,0.9,5,2,2.3,27205.79,Y4_P,740.67859:92518 741.68326:41238 742.68792:0,75.09338:3102 82.63207:2886 83.21622:2744 85.36736:3356 105.10625:3079 106.83971:3467 107.33369:2923 173.88133:3208 427.14877:3662 449.34140:3498 467.41098:5318 495.44165:4357 523.47272:4185 577.64392:3564 742.19946:3854,1157610,852152,885271,1130875,1418685,1008148,1065005,803396,1240495,1039743,1070421,1309997,1049078,1096231,1221309,1201167,1063747,1142343,1104752,1396909,1380120,1017828,1095747,882310,1159089,1121547,838353,1106711,1324531,1119300,1192719,1085741,1053745,1041445,948638,1384981,1232641,1246560,953803,950901,1046543,1263103,1241400,1104554,1225374,1099748,991273,1036200,1265324,1063992,990088,1499419,827228,1011423,1103105,1112051.256,155803.581,3.874837248
Pos,14480,Green,10.672,742.53882,PC 33:3|PC 16:0_17:3,PC 16:0_17:3,[M+H]+,null,0.95,TRUE,8.495,742.53809,C41H76NO8P,PC,JJKSGKWHHBPWKF-UHFFFAOYSA-N,O=C(OCC(OC(=O)CCCCCCC=CCC=CCC=CCC)COP(=O)([O-])OCC[N+](C)(C)C)CCCCCCCCCCCCCCC,410,FALSE,TRUE,TRUE,Normalized unit: Intensity; Annotation method: Msp20250218112233_NCDK_conventional_converted_dev_1,FALSE,FALSE,14480,0,0,1,0.09,0.1,0.78,6,2,2.16,363766.2,Y4_N,742.53833:31296614 743.54300:13118473 744.54767:3413080,79.06522:7721 81.06995:67426 82.02087:6011 82.65373:6156 83.08561:50988 85.10114:44213 86.09643:694481 88.97826:6433 92.22732:26414 93.07003:8557 95.08551:127736 96.45917:7122 96.77874:6762 97.10112:43713 109.10116:95669 116.71585:6382 120.04816:6351 120.33947:8232 121.10107:8032 123.11691:65937 124.99985:27545 137.13266:15215 146.98181:2723649 164.99258:31180 165.16414:7062 174.00777:7324 184.07343:484277 188.00771:8345 225.22069:71794 238.82898:7423 239.23676:56508 258.77655:8903 339.28857:11835 405.24124:10014 418.83301:7942 427.22253:94821 441.23816:55108 448.57925:7913 464.31476:13810 478.32703:12039 484.31729:8483 486.29559:13081 537.48846:753003 559.47052:1109660 601.51935:99701 610.20551:7553 683.46240:415600 742.53656:211785,213932009,232054570,273051523,209588418,357208843,266500640,386805369,388365798,333475084,353757814,326407142,313053995,234356419,301578977,305692243,319523535,338608469,277397798,173425752,179985226,190251478,167097170,309094383,159571131,33281,0,0,342509749,334925080,346814165,344222936,366561245,385319579,387281430,362251344,500644556,327882555,330537412,316576881,438146007,286813713,443473658,286769874,397603863,399676313,387766590,502026900,477252481,362595851,305986395,327942457,366668293,430350735,442300187,316152965,311415823.3,110028073.1,0.98311455
Pos,14482,Green,11.279,742.54034,PE 36:3|PE 17:0_19:3,PE 17:0_19:3,[M+H]+,null,0.47,TRUE,9.433,742.53809,C41H76NO8P,PE,AHFSNFLHRUEOHK-UHFFFAOYSA-N,O=C(OCC(OC(=O)CCCCCCCCC=CCC=CCC=CCC)COP(=O)(O)OCCN)CCCCCCCCCCCCCCCC,410,FALSE,TRUE,TRUE,Normalized unit: Intensity; Annotation method: Msp20250218112233_NCDK_conventional_converted_dev_1,FALSE,FALSE,14482,0,0,0.99,0.17,0.29,0.7,4,2,2.18,138914.4,Y5_N,742.54034:8837443 743.54501:4086378 744.54968:1055779,79.05415:38533 80.43578:2775 81.06985:104695 82.59533:3497 83.08554:63246 85.06479:5704 85.10110:63256 86.09635:23887 91.05412:22582 93.06985:115885 95.04893:6210 95.08546:146664 97.06475:18844 97.10112:60972 105.06987:25416 105.86205:3535 107.08544:67927 109.10112:86005 111.11664:19569 111.56509:3425 119.08558:27642 121.10123:86873 123.08051:8417 123.11672:42153 125.59553:3887 126.12682:3287 129.06985:4639 131.08556:23991 133.10086:8158 135.11685:37761 137.13239:28271 139.50151:3849 142.00449:3366 145.10106:13077 146.98163:92594 147.11673:4230 149.13266:15049 151.14807:4511 155.01060:5868 159.11714:29106 159.12334:2962 161.13245:4900 165.16396:3972 170.97122:3399 173.13255:17852 175.14827:4780 177.16379:3780 184.07330:129150 189.16316:4974 191.17920:37962 205.19536:29031 220.73637:3816 229.26172:3810 239.23672:23512 253.25282:25284 257.22641:36268 257.24652:5374 266.29156:3645 267.94415:3728 270.97330:3621 271.24179:16588 275.23654:4561 278.71967:3838 296.29514:5097 304.26529:3612 313.27353:293874 318.27954:27866 325.27274:4587 327.28925:357210 332.29492:18256 341.30493:23338 349.27298:6946 350.85776:4617 367.28345:13808 381.30011:16204 392.97198:4619 424.52960:4527 537.48657:29128 559.46893:40717 559.52411:7966 601.51947:518793 681.05780:4482 681.45337:4300 683.46088:7933 683.51544:6490 706.98065:4093,12851144,14009594,17414283,12426653,46307385,17905033,35786523,40515599,21174806,30413380,32245184,25363681,13431408,23640768,21974858,21844274,32806965,23203709,10350185,10378314,7973210,7859447,29749621,7070774,0,0,0,30436098,30640134,34809460,32707923,36024326,41658410,38643606,32496844,94906724,25730313,24957431,29192690,41730741,20256094,72433075,22359506,41934297,42552081,28544468,64176190,93636039,32677362,19837739,22661588,24842710,43641178,55194913,25336739,29467554.19,19398651.61,3.030147585
Pos,14492,Green,12.911,742.57581,PE O-37:3|PE O-18:2_19:1,PE O-18:2_19:1,[M+H]+,null,0.42,TRUE,11.364,742.57452,C42H80NO7P,EtherPE,CYMDTZVHHKKZRU-UHFFFAOYSA-N,O=C(OC(COCCCCCCCCC)COP(=O)(O)OCCN)CCCCCCCCCCCCC=CCC=CCC=CCCCCCCC,420,FALSE,TRUE,TRUE,Normalized unit: Intensity; Annotation method: Msp20250218112233_NCDK_conventional_converted_dev_1,FALSE,FALSE,14492,0,0,1,0.03,0.04,0.75,1,1,1.48,25010.57,Y5_N,742.57581:845328 743.58047:342813 744.58514:315795,81.91113:3257 84.98595:2775 85.10110:18319 86.09641:18165 99.66410:3159 102.19940:3310 102.49241:3819 112.89098:3500 128.43018:3059 136.30083:3896 146.98193:31762 173.07933:3216 242.57593:3673 270.68936:3346 291.66623:3264 431.93616:3490 537.52405:19788 601.55273:4898 683.49835:44877 742.56854:6847,7801603,7424900,7994123,8308959,8780049,8964617,11551309,10975779,9714471,11848216,7461967,10570031,8894924,9382381,9071457,11531932,9372924,10553227,7097541,6707525,6333539,7483060,8164261,7308481,0,0,0,11133155,10355948,10156242,10189644,10765362,10540052,12661186,10824989,14060491,10471560,12003858,9649158,16361714,9195478,15431996,10705598,11356021,11084706,9171706,16285801,14532655,10982614,8426478,8615287,11102541,13385287,9960431,10081065,9687060.014,3243783.075,1.737199386
Pos,14555,Green,9.222,744.55554,PC 33:2|PC 16:1_17:1,PC 16:1_17:1,[M+H]+,null,0.95,TRUE,8.851,744.55377,C41H78NO8P,PC,AEPBKRNQLLRJTA-UHFFFAOYSA-N,O=C(OCC(OC(=O)CCCCCCCC=CCCCCCCC)COP(=O)([O-])OCC[N+](C)(C)C)CCCCCCCC=CCCCCCC,410,FALSE,TRUE,TRUE,Normalized unit: Intensity; Annotation method: Msp20250218112233_NCDK_conventional_converted_dev_1,FALSE,FALSE,14555,0,0,1,0.66,0.84,0.43,6,2,2.29,7920.03,O7_N,744.55511:22952688 745.55978:10085372 746.56445:2866742,83.19170:5745 86.09640:334039 88.65744:4755 92.23134:11777 98.98406:23115 104.10692:37186 105.13809:5424 124.99975:149350 125.03928:5317 125.18264:5773 139.82512:5966 163.65273:5522 172.12852:5477 181.80424:5272 184.07341:5893098 212.37465:5325 345.13986:5645 373.59308:5628 428.59766:5947 476.31317:7670 496.67664:7648 508.33914:6633 744.55084:20491,178699290,282748350,126874693,134523899,240302414,145303220,227236555,372079714,357368656,234001604,198311069,224101289,160616478,310313419,254362330,211524068,252271786,158792672,87800555,170077965,94607630,108283518,170618403,105572924,0,0,0,268045350,271942503,271763026,268239266,204294641,490459238,343607766,222349557,456772901,252208914,228703175,381111607,409371879,62310518,427237646,174716169,254405700,477693171,375394449,294538256,381263143,237622184,166740725,355591519,373754404,117277860,337328218,199747372,238379702.9,118567402.7,2.377262827
Pos,14556,Green,9.781,744.55591,PC 33:2|PC 16:0_17:2,PC 16:0_17:2,[M+H]+,null,0.71,TRUE,8.998,744.55377,C41H78NO8P,PC,ZZNMZLGABPPOKH-UHFFFAOYSA-N,O=C(OCC(OC(=O)CCCCCCCC=CCC=CCCCC)COP(=O)([O-])OCC[N+](C)(C)C)CCCCCCCCCCCCCCC,410,FALSE,TRUE,TRUE,Normalized unit: Intensity; Annotation method: Msp20250218112233_NCDK_conventional_converted_dev_1,FALSE,FALSE,14556,0,0,0.99,0.66,0.85,0.42,6,2,2.28,1747.51,Y4_E,744.55609:13064522 745.56076:6277996 746.56543:1356440,86.09642:356717 98.98406:24041 104.10700:58338 114.60524:3943 124.99986:142598 141.85147:3713 162.49805:4353 175.82820:3915 184.07347:6391214 262.07141:3710 280.06955:3937 321.63702:4518 338.97476:4063 354.86224:4442 358.65469:4501 478.32758:5720 493.89804:4838 496.34128:6019 744.55231:17884,26291138,79605724,19987221,21695513,52639322,29735216,46285561,137434601,31767673,38811383,38425558,37377018,29100959,101520591,26984847,35029402,52400635,32080703,15884164,56220109,12965351,16618101,36258948,19165063,0,0,0,56276977,57565697,59836201,56679839,40695254,187032018,30672799,39541631,90563057,43709898,43189764,165999957,36594051,23215338,98008415,33970062,54448977,186068725,33943316,57526752,90871577,41971974,33270704,139735537,29676465,41547416,72127784,38327290,52315495.92,42258202.24,2.874204774
Pos,14650,Green,10.651,746.57062,PC 33:1|PC 16:0_17:1,PC 16:0_17:1,[M+H]+,null,0.49,TRUE,9.401,746.5694,C41H80NO8P,PC,ASFWPRURQHKRSL-UHFFFAOYSA-N,O=C(OCC(OC(=O)CCCCCCCC=CCCCCCCC)COP(=O)([O-])OCC[N+](C)(C)C)CCCCCCCCCCCCCCC,420,FALSE,TRUE,TRUE,Normalized unit: Intensity; Annotation method: Msp20250218112233_NCDK_conventional_converted_dev_1,FALSE,FALSE,14650,0,0,0.99,0.66,0.84,0.44,6,1,1.65,34247.45,O3_A,746.57092:166241664 747.57559:76991008 748.58026:20282652,78.14275:47513 83.60206:41921 86.09641:3094964 96.45798:48756 98.98399:214391 104.10679:280328 124.12452:47653 124.99982:1448063 172.90468:52564 176.21608:47861 184.07341:56434848 231.28664:45992 298.08136:47278 311.91397:47865 335.11258:48070 337.98373:46916 383.71066:58411 462.16574:52909 496.34000:73439 563.50323:56694 746.56750:307606,2135911350,2500734425,2814067383,1474899261,3907364319,2161803654,3541577967,3853267648,4153389610,2719390043,3259248149,3122325334,2263609583,3118587813,3450612765,2354615041,3738279063,2486389561,1367302064,1555488171,1859582625,1160847477,2859405071,1441553023,808092,149579,117012,3570561744,3575114892,3655526501,3676737175,3740819402,4980493252,5477239534,2947482659,7413495555,3851808852,3638600316,3556337308,6083732733,1715874264,6556973797,2751602047,4291521429,4693174926,5277411418,3987702602,6487241163,3686634434,2867288026,3578513531,5022937973,2834041368,5703421622,3038043083,3308393776,1581643695,1.634141448
Pos,14734,Green,12.572,748.58698,PC 33:0|PC 16:0_17:0b,PC 16:0_17:0,[M+H]+,null,0.47,TRUE,9.859,748.58508,C41H82NO8P,PC,CNHYMCCAIZQMPA-UHFFFAOYSA-N,O=C(OCC(OC(=O)CCCCCCCCCCCCCCCC)COP(=O)([O-])OCC[N+](C)(C)C)CCCCCCCCCCCCCCC,410,FALSE,TRUE,TRUE,Normalized unit: Intensity; Annotation method: Msp20250218112233_NCDK_conventional_converted_dev_1,FALSE,FALSE,14734,0,0,0.98,0.65,0.82,0.45,6,2,2.29,1193.32,Y4_P,748.58777:8406273 749.59244:4008287 750.59710:962791,86.09643:226170 88.63012:3478 92.23089:13797 98.98428:8293 104.10699:31048 110.77727:3461 124.99991:103104 128.80554:3630 141.28134:4783 143.89467:3910 173.43430:3446 174.94591:4106 184.07350:3990435 185.07022:8310 185.07709:92047 186.07776:30635 206.56662:4029 209.69499:4086 240.50203:4237 421.19498:4049 442.37238:4433 475.47482:3637 478.32925:4326 492.34647:6791 510.35556:4417 569.16583:4466 583.15497:4591 748.51416:7839 748.58716:15825,90220513,85670038,138330327,95920808,171345241,97818131,151500543,153057235,179751603,162902247,146670946,138792247,101703237,128760976,163234721,148065931,164386031,124468380,75221590,81904715,99217602,87645404,142916333,73583095,8379,0,0,160295156,161125615,155331496,156459702,150937169,176769406,269203121,165728073,325052891,144778468,133342648,126016644,289358815,110751073,262354624,119427961,159997951,173773942,206571270,239832852,296299744,154474605,114881506,121823520,214503778,172250497,242081425,126519017,147873440.8,66582776.8,2.538121652
Pos,14794,Green,10.541,750.54437,PE P-38:5|PE P-18:1_20:4,PE P-18:1_20:4,[M+H]+,null,0.27,TRUE,9.956,750.54321,C43H76NO7P,EtherPE,UIOPUEZHKHUYIV-UHFFFAOYSA-N,O=C(OC(COC=CCCCCCCC=CCCCCCCCC)COP(=O)(O)OCCN)CCCCCCC=CCC=CCC=CCC=CCC,410,FALSE,TRUE,TRUE,Normalized unit: Intensity; Annotation method: Msp20250218112233_NCDK_conventional_converted_dev_1,FALSE,FALSE,14794,0,0,1,0.19,0.44,0.87,5,2,2.29,101.97,Y6_M,750.54456:27291680 751.54922:12578630 752.55389:3589289,75.04420:6451 77.30857:5549 79.05415:154983 81.03351:14191 81.06983:247570 83.04900:6928 83.08537:62914 83.95485:6146 84.58562:5551 85.06470:36106 85.10115:92376 85.82109:5728 88.11203:1593910 91.05415:206978 93.06979:187284 95.04922:11612 95.08543:256155 97.06466:90983 97.10117:52190 100.30989:6408 105.06988:177320 107.08544:123759 109.06464:7612 109.10112:120293 111.08031:10956 111.11681:10452 113.88470:6579 117.06979:74017 119.08553:227822 121.10106:140793 123.08040:49020 123.11691:34887 125.09624:9413 129.05447:131165 129.06989:31011 131.08554:99762 133.10112:164085 135.08046:13146 135.11679:90364 135.31183:6545 136.44260:6279 137.09625:11337 137.13251:14996 143.08553:14949 145.10135:62976 145.23727:6360 147.11676:82466 147.50243:6132 149.13280:33517 151.14822:10622 157.10121:78255 159.11688:43923 161.09622:7985 161.13239:57246 163.11165:10262 163.14848:13153 169.08623:7745 171.10159:7899 171.11699:74928 173.13268:25640 175.14835:59975 177.16374:11447 184.07355:28768 184.35698:7316 185.13289:58372 187.14819:32422 189.12790:7414 189.16359:51138 191.18007:9685 197.11739:14864 199.14816:24902 201.16400:37498 203.17938:214093 213.16405:14065 219.72958:7459 227.17892:7606 241.19563:9201 269.22610:76845 287.23663:13831 292.29926:224760 292.31427:10636 305.28455:16329 310.31055:38936 330.27887:30628 338.43262:7302 340.37000:6270 361.27344:809792 390.27661:433175 446.30490:12023 452.36850:7110 464.31479:13872 563.65558:7875 583.26233:9472 609.52472:40326,105709331,70878848,301945863,69561201,414622189,174020254,254018656,233468057,269594199,168813553,299982433,187197479,100198620,158952311,299522973,152263109,272746667,209706600,140018784,116456040,155491430,39689122,391042533,71958014,0,0,0,222317788,232834607,255067915,249849835,258460037,200190698,444181095,167255723,461991433,159545603,212129190,125352288,497215786,166705455,379074263,183388300,277803144,176925820,289015723,357258551,494401633,203290386,139450868,103944768,264857461,285159421,287315117,165914476,216704648.2,119628490.9,1.545547258
Pos,14866,Green,9.286,752.5246,PE 37:5|PE 17:1_20:4,PE 17:1_20:4,[M+H]+,null,0.95,TRUE,9,752.52252,C42H74NO8P,PE,FTVHSCHLVOYFRH-UHFFFAOYSA-N,O=C(OCC(OC(=O)CCCCCCC=CCC=CCC=CCC=CCC)COP(=O)(O)OCCN)CCCCCCCC=CCCCCCCC,410,FALSE,TRUE,TRUE,Normalized unit: Intensity; Annotation method: Msp20250218112233_NCDK_conventional_converted_dev_1,FALSE,FALSE,14866,0,0,0.99,0.16,0.3,0.7,4,2,2.18,213.95,Y3_A,752.52417:12232630 753.52884:5927142 754.53351:1526704,78.78443:4593 79.05422:95632 81.06988:182797 83.04904:5422 83.08553:109465 85.06488:6305 85.10122:16880 87.41438:4074 88.11217:34730 91.05420:152931 92.23091:19128 93.06987:123852 95.04873:4199 95.08551:238970 97.06469:31016 97.10118:86996 102.25673:4805 105.06980:86218 107.08548:76989 109.10117:100248 111.08029:23705 111.11694:43205 115.70948:4425 117.06987:51521 117.42256:4273 117.80612:4709 119.08557:149543 121.10116:144037 121.82571:5145 123.08055:9813 123.11651:40559 125.09614:6186 129.06984:9981 130.82706:4636 131.08560:70568 133.10124:80918 135.11684:106394 137.13268:38007 139.11189:6810 143.08553:26336 145.10124:46906 146.98158:10086 147.11667:43218 149.09669:6215 149.13234:65041 150.88708:4627 151.14807:19368 153.12764:8564 155.01021:6939 157.10115:25049 159.11742:15647 161.13251:26385 163.14786:33987 166.61995:5501 167.14337:7085 171.11694:19856 173.13251:5114 175.14812:26897 177.16370:23713 184.80698:4724 185.13261:27793 189.16397:7573 191.17990:11519 199.14824:6970 201.16415:7233 203.17952:164030 213.16411:8816 230.13008:4662 233.22618:36367 241.19479:10473 251.23683:84391 269.22607:49180 287.23672:8680 294.27875:33043 300.18948:4825 323.25806:7195 325.27368:950898 330.27921:78673 337.32266:4833 351.79825:5039 361.27328:25599 379.28433:49389 387.60971:5016 429.27188:4894 447.34937:7301 496.28189:5579 554.88715:5489 569.45435:11324 611.50378:778666 664.35272:5573,42170440,48281358,50648508,27429385,92121572,57737939,90375164,116207118,56643440,59493434,70677574,66726586,38221200,75787646,56438258,51014629,62474479,66005808,36283964,46157622,29378973,18062904,63916699,27169956,62905,24397,31838,76823631,74962743,77400959,77480318,94900221,125085665,102540804,60830098,151540051,66033751,59555323,78210405,107286479,44796953,110737748,57980971,104435717,126025895,68591300,122269551,143173843,81343138,53797047,73502830,68318160,81553399,101113873,67771644,69229205.73,33536583.5,2.764036882
Pos,14873,Green,11.832,752.56183,PE P-38:4|PE P-18:1_20:3,PE P-18:1_20:3,[M+H]+,null,0.78,TRUE,10.628,752.5589,C43H78NO7P,EtherPE,LIWOWXVLSZURDI-UHFFFAOYSA-N,O=C(OC(COC=CCCCCCCC=CCCCCCCCC)COP(=O)(O)OCCN)CCCCCCCCCC=CCC=CCC=CCC,410,FALSE,TRUE,TRUE,Normalized unit: Intensity; Annotation method: Msp20250218112233_NCDK_conventional_converted_dev_1,FALSE,FALSE,14873,0,0,0.96,0.17,0.27,0.87,5,2,2.23,44.72,O8_N,752.56299:2540018 753.56766:1044050 754.57232:577380,78.51922:3394 79.05434:7260 81.07001:31779 83.08543:6655 88.11207:52705 89.11546:13265 91.05411:7532 93.07001:28372 95.08562:36372 97.06496:3957 97.10132:6673 100.25050:3289 101.62624:3385 105.06980:14169 107.08546:19575 109.10119:7539 117.07021:3170 119.08543:4432 121.10129:25923 123.11677:3735 129.05461:18061 131.08582:3828 135.11700:18006 136.72551:3628 145.10150:3742 146.31670:3341 146.98177:4182 149.13243:5632 150.01976:3417 157.43112:3744 159.11685:8331 171.11668:3566 171.22925:3499 205.19522:17201 228.68440:3497 266.28400:8092 271.24213:24788 279.26837:3765 292.29984:7477 308.26196:4052 343.70432:3750 348.66882:3973 363.28973:79126 364.26105:4343 389.30533:69310 390.27631:34651 439.35547:4054 443.80276:3926 505.51242:3735 510.48120:3575 596.70441:4765 611.53650:3808 628.15515:4656 671.32086:4071 693.48303:4446 752.58832:20858,18884862,15649802,35162318,16570071,45751693,19004019,27586923,24450470,35784541,27510534,40259852,24310242,18157534,22416334,36850137,20286072,36547861,21721928,16241017,14732464,20838934,12161512,33410827,12950729,7016130,1908698,4264405,32409498,32679200,29135736,29824745,25400388,21362071,55503182,23886201,75876641,20292934,26522126,21441790,75695459,21756446,65571930,23247474,29445896,26732363,41295791,40911556,79573071,26124342,20331637,14910916,38615091,30097563,46957926,23829279,29270202.96,16469313.35,3.893382963
Pos,15043,Green,9.861,758.5705,PC 34:2|PC 16:1_18:1,PC 16:1_18:1,[M+H]+,null,0.95,TRUE,9.205,758.5694,C42H80NO8P,PC,ZRCWDIULNHKQRD-UHFFFAOYSA-N,O=C(OCC(OC(=O)CCCCCCCC=CCCCCCCCC)COP(=O)([O-])OCC[N+](C)(C)C)CCCCCCCC=CCCCCCC,410,FALSE,TRUE,TRUE,Normalized unit: Intensity; Annotation method: Msp20250218112233_NCDK_conventional_converted_dev_1,FALSE,FALSE,15043,0,0,1,0.66,0.85,0.44,6,2,2.3,28865.64,QC_3,758.57086:259010288 759.57553:112077456 760.58020:33475486,86.09642:6089362 89.41396:99687 91.02248:92678 92.23108:292950 92.57901:94146 95.16199:130289 98.98379:388825 99.68596:102638 104.10699:791158 110.78789:102139 115.26203:91420 118.24111:101662 124.99989:2901841 144.09406:87669 147.45889:97531 165.36179:98228 179.96812:121114 184.07347:120138008 218.45650:97855 224.14098:104584 238.32166:116572 277.93857:107394 344.00568:104399 346.05630:106210 375.13556:107967 381.59961:114111 407.63297:118559 410.68900:113009 416.16901:144572 494.32584:130813 495.16714:111285 504.34518:147640 587.85999:112443 634.51587:102257 758.56531:553181,2682231305,3317070633,2567516396,1639990164,3701453988,2925728927,3581984809,4408365918,3067977224,2982720091,2585228074,3269510479,2610512576,3742945604,3010855803,3051473894,3116956242,2958398037,2083151979,2849772942,1913286304,1453855833,3065326365,2338927616,239024,32829,49699,3419621883,3386901203,3633550019,3507768477,3273025728,4582845406,3032634805,2733184188,4170673011,3292913732,3461244377,3649584763,3451413051,1618171087,3862385992,2882655046,3529842974,4051180669,2879263723,3462879900,3922283217,2980567790,2629091099,3273556447,2830258788,2915019716,3210944277,2681679104,2931830968,953613973.2,1.45009804
Pos,15136,Green,11.407,760.5863,PC 34:1|PC 16:0_18:1b,PC 16:0_18:1,[M+H]+,null,0.75,TRUE,9.682,760.58508,C42H82NO8P,PC,WTJKGGKOPKCXLL-UHFFFAOYSA-N,O=C(OCC(OC(=O)CCCCCCCC=CCCCCCCCC)COP(=O)([O-])OCC[N+](C)(C)C)CCCCCCCCCCCCCCC,410,FALSE,TRUE,TRUE,Normalized unit: Intensity; Annotation method: Msp20250218112233_NCDK_conventional_converted_dev_1,FALSE,FALSE,15136,0,0,1,0.68,0.85,0.45,6,2,2.31,124741,Y6_M,760.58545:964979392 761.59012:442833856 762.59478:118741632,86.09637:19010796 98.98413:1627223 104.10685:2112398 124.99979:9259495 151.16006:350446 184.07330:378351040 191.57037:371936 235.06854:355173 401.54236:400197 414.16428:397870 429.01456:366262 449.05548:357518 496.34134:538030 522.35248:441039 760.58221:2124122,12004356354,10553365076,14966341742,8386975803,18015193645,13486878615,17318208831,15061356152,18897748726,12158966975,14366452733,14803390991,13117265461,13181316014,18925020365,13025142440,17130367328,14890816652,9998285962,8708478183,12629653903,8072048649,15693762008,10533680446,3446423,301231,606854,15380687651,15732023720,16412353928,16681570834,17807101740,16576171365,21263842141,13312564167,24573401950,17958470969,19153168599,13254597594,24433869796,10017438107,21895714533,15648796360,18520591942,15435229287,20577058338,15899494213,21687406681,15687552582,14035614769,12540252702,19473341507,13523599327,19180330987,14461348857,14673691313,5143100047,1.604028309
Pos,15203,Green,8.398,762.50879,PE 38:7|PE 16:1_22:6,PE 16:1_22:6,[M+H]+,null,0.95,TRUE,8.621,762.50677,C43H72NO8P,PE,PMUXXFUNXMXIFC-UHFFFAOYSA-N,O=C(OCC(OC(=O)CCC=CCC=CCC=CCC=CCC=CCC=CCC)COP(=O)(O)OCCN)CCCCCCCC=CCCCCCC,410,FALSE,TRUE,TRUE,Normalized unit: Intensity; Annotation method: Msp20250218112233_NCDK_conventional_converted_dev_1,FALSE,FALSE,15203,0,0,0.99,0.36,0.52,0.71,4,2,2.27,186781.5,O5_P,762.50916:16529302 763.51382:7961642 764.51849:2413231,77.13021:3455 79.05424:7739 81.06997:5287 81.47504:2882 83.08546:5102 91.05400:5665 93.06967:7187 93.73623:3503 95.08555:7480 97.10123:5399 103.72976:3284 107.08554:3643 109.10114:4228 112.42469:3701 119.08578:3325 121.10123:8098 123.11653:3659 131.08559:4870 133.10123:4729 139.91760:3407 141.62230:3265 190.80460:3373 237.22081:6109 260.47726:3438 311.25827:3780 389.08435:3349 497.55334:4440 621.48981:63379 721.91461:4581,37820272,50353929,44281252,21075748,106879184,61557581,134611429,169492675,49364154,64780529,84774196,89102975,47284089,110710607,57629825,52225855,84110525,84679465,25105446,37460736,15546724,8634120,61343807,18767579,0,0,0,94831487,97301871,94307645,91798886,115169375,166996092,94640896,59413052,188419719,78912739,97523878,121464355,141402534,54032443,168671777,89941269,171754622,200648944,73145479,168115182,234684026,130402033,78489622,107897025,68080242,113811495,132403721,90982140,88051550,53841958.52,2.649156807
Pos,15219,Green,13.63,762.60321,PC 34:0|PC 17:0_17:0,PC 16:0_18:0,[M+H]+,null,0.47,TRUE,10.438,762.60071,C42H84NO8P,PC,RTWAYAIMWLNAJW-UHFFFAOYSA-N,O=C(OCC(OC(=O)CCCCCCCCCCCCCCCC)COP(=O)([O-])OCC[N+](C)(C)C)CCCCCCCCCCCCCCCC,410,FALSE,TRUE,TRUE,Normalized unit: Intensity; Annotation method: Msp20250218112233_NCDK_conventional_converted_dev_1,FALSE,FALSE,15219,0,0,0.99,0.63,0.8,0.37,4,2,2.24,378.75,O3_F,762.60321:2475784 763.60788:1170054 764.61255:279087,86.09644:63722 88.60695:3922 92.23096:10866 98.39066:3345 101.50501:3139 104.10692:7711 115.03635:3504 116.06975:3450 123.23851:3520 124.99992:24224 152.01840:3546 157.43994:3891 166.87793:3256 167.97955:3764 172.13159:3511 184.07346:1155639 185.07661:8367 191.97769:3257 193.41727:3853 228.61955:4408 252.05974:3559 291.15686:4000 492.35696:3663 762.52698:18501,33115412,30741827,41066156,36414648,39882533,35586882,40168839,41183143,50426213,46580539,34070821,41941375,35337046,40466720,51980757,52961715,39055194,40262375,35890593,32973544,42715240,42873654,44592611,36035756,0,0,0,43168047,45242392,45252623,41406840,37839906,42779185,57362823,43145642,50772006,39146599,41268006,36359043,57866208,42770064,46103442,37219600,33966944,37299865,41620538,49187124,45025867,35128984,30927486,31936931,47270647,47451503,40552815,34227083,39065851,11326383.72,3.278255537
Pos,15265,Green,9.572,764.52429,PE 38:6|PE 16:0_22:6,PE 16:0_22:6,[M+H]+,null,0.95,TRUE,9.113,764.52252,C43H74NO8P,PE,VHHWPJFJXPSEDR-UHFFFAOYSA-N,O=C(OCC(OC(=O)CCCCCC=CCC=CCC=CCC=CCC=CCC)COP(=O)(O)OCCN)CCCCCCCC=CCCCCCC,420,FALSE,TRUE,TRUE,Normalized unit: Intensity; Annotation method: Msp20250218112233_NCDK_conventional_converted_dev_1,FALSE,FALSE,15265,0,0,1,0.3,0.52,0.69,4,1,1.62,114833.1,O7_M,764.52338:2137850 765.52804:1110151 766.53271:643972,79.05420:6996 81.06995:23505 83.08541:16983 85.10108:7098 88.33413:2845 91.05420:22713 92.22764:12808 93.06985:19124 95.08546:29042 97.10119:7319 98.06669:2939 102.12773:81494 105.06999:13084 109.10120:5734 117.06983:6110 117.12988:3142 119.08561:19513 121.10114:4537 121.30025:3142 122.59918:3795 129.06984:5134 131.08553:12923 131.68188:3830 134.55960:3607 145.10089:6146 159.11717:4580 176.75418:3475 184.07324:7088 184.75771:3369 201.16396:3401 204.24258:3332 217.77467:3747 230.93925:3941 237.48016:3445 239.23688:6204 250.15448:3367 272.58817:3138 313.27362:15394 406.41702:3882 538.44269:4065 623.50372:178552 651.67102:3711,10600514,10191891,12528602,7021213,29437928,19121404,29470300,31706593,10059083,16433796,20443108,19981499,12367277,21603271,13720172,16131359,19988393,23693668,10010031,9804215,5101069,2999188,19807903,6684690,0,0,0,21928114,22538941,25251439,23477332,33668211,33428914,23020787,18669436,42989189,21452637,26233464,25765921,28932993,19240347,44256212,28641474,44512568,37818143,16532438,48488331,51888221,30689823,21103954,19970061,14643054,31367553,31157882,24636375,21658381.51,12063932.82,2.31517052
Pos,15267,Green,9.093,764.52466,PE 38:6|PE 18:1_20:5,PE 18:1_20:5,[M+H]+,null,0.93,TRUE,8.935,764.52252,C43H74NO8P,PE,AMKOUQLHUASJMB-UHFFFAOYSA-N,O=C(OCC(OC(=O)CCCC=CCC=CCC=CCC=CCC=CCC)COP(=O)(O)OCCN)CCCCCCCC=CCCCCCCCC,420,FALSE,TRUE,TRUE,Normalized unit: Intensity; Annotation method: Msp20250218112233_NCDK_conventional_converted_dev_1,FALSE,FALSE,15267,0,0,0.99,0.16,0.32,0.69,4,1,1.54,628069.6,QC_4,764.52515:1094201 765.52981:577634 766.53448:245093,79.05424:18922 79.51015:3155 81.06987:15100 83.08546:8036 91.05423:7464 93.06989:14554 95.08545:26632 97.10139:5345 100.38141:3117 102.12771:63480 104.10696:22164 104.46716:3498 105.06994:7526 107.08562:5914 109.10117:8098 117.06995:13429 119.08555:5411 121.10107:17735 122.91695:3326 123.11674:3265 131.08582:7375 133.10124:8095 135.11679:4588 155.12372:3522 159.11740:4775 161.13196:4013 163.14798:3718 184.07341:46800 185.13339:4175 201.16383:5784 224.51440:3454 247.24219:4671 265.25232:6328 337.27435:7696 339.28943:61566 345.91159:3684 393.29965:4574 517.91974:4177 623.50427:85529,12944066,11092596,8816337,10850679,22769312,18943030,24662626,27467609,9627450,19834643,16789073,19864389,11531893,18348057,10178612,16525160,13599274,18327526,12788793,14350603,5099721,7271338,18221595,9516118,0,0,0,18553449,17851120,18349614,17684992,20466522,19775401,12163641,15061100,25254208,12248980,15050082,14792318,13203496,15689839,13751973,14901509,24052051,21469957,6748262,29237816,25833496,16183607,13807950,11260223,6856848,23108036,10264177,15278626,15060359.91,6554912.448,2.799132719
Pos,15336,Green,9.221,766.53784,PC 35:5|PC 17:1_18:4,PC 17:1_18:4,[M+H]+,null,0.95,TRUE,9.152,766.53809,C43H76NO8P,PC,ZEEIBQVAOBNQRF-UHFFFAOYSA-N,O=C(OCC(OC(=O)CCCCC=CCC=CCC=CCC=CCC)COP(=O)([O-])OCC[N+](C)(C)C)CCCCCCCC=CCCCCCCC,410,FALSE,TRUE,TRUE,Normalized unit: Intensity; Annotation method: Msp20250218112233_NCDK_conventional_converted_dev_1,FALSE,FALSE,15336,0,0,1,0.21,0.16,0.73,6,2,2.18,465.88,O7_E,766.53735:5394806 767.54202:2444595 768.54669:5173314,75.54001:3208 81.06996:8744 83.08543:14404 86.09641:189180 87.60772:2926 95.08550:28558 97.10115:14971 98.98319:4035 101.13129:3499 102.12769:4882 104.10703:4977 108.22855:3809 109.10117:7870 111.11665:4865 118.49192:3192 118.57527:3016 119.08598:3761 119.79105:3534 121.10101:20394 121.64543:3235 124.99976:19628 128.13971:3612 135.11674:7851 137.07957:3349 137.13278:5763 146.98181:551966 152.81755:3681 162.48302:4285 175.86676:3702 178.53288:3427 184.07344:463356 185.61134:3381 194.07274:3465 194.55708:3855 217.64189:3953 221.57083:3902 226.02164:3719 237.22104:15008 251.23685:6905 406.82962:4174 425.49805:4426 439.22095:8486 439.25052:3599 453.23709:18210 490.32620:4669 498.29541:5091 536.33887:5032 561.48859:163980 583.47052:365183 707.46216:118071 766.53656:51200,46542125,71386370,23537965,35766665,62127928,39483406,62067315,99680248,88647282,65598468,51869916,60441275,44626894,81451789,63855721,54863819,62235970,42185946,12887691,38625199,17951411,29415228,43056013,27238617,205955,13020,60093,70654570,65731706,72360991,67854577,56688591,124835064,41634043,58177086,127173277,71482624,65598984,92911573,50073054,16577960,105673053,49138510,69402821,115883623,97821102,35889240,104925930,64913173,45741790,91250901,92416666,24879759,91667333,50906491,59056124.04,30534163.69,0.326141653
Pos,15337,Green,9.946,766.53979,PE 38:5|PE 18:1_20:4,PE 18:1_20:4,[M+H]+,null,0.95,TRUE,9.344,766.53809,C43H76NO8P,PE,ZYMZKMQPPJPQHY-UHFFFAOYSA-N,O=C(OCC(OC(=O)CCCCCCC=CCC=CCC=CCC=CCC)COP(=O)(O)OCCN)CCCCCCCC=CCCCCCCCC,410,FALSE,TRUE,TRUE,Normalized unit: Intensity; Annotation method: Msp20250218112233_NCDK_conventional_converted_dev_1,FALSE,FALSE,15337,0,0,1,0.18,0.32,0.7,4,2,2.19,13248.5,O7_P,766.53931:134496544 767.54397:64594196 768.54864:16671143,79.05427:303656 81.06988:634302 82.87476:24577 83.08549:386750 85.06483:33640 85.10094:87821 86.91568:25308 91.05424:471102 93.06989:491112 95.04920:38983 95.08549:861460 97.06474:67560 97.10123:296609 102.12782:93308 105.06984:413362 107.08549:236072 109.10110:459271 111.08035:48462 111.11673:138511 114.82590:27763 117.06969:138251 119.08559:521208 121.10109:578036 123.08025:37187 123.11685:125076 125.09592:30418 129.06981:31119 131.08546:201463 131.98051:30733 133.10114:397144 135.11687:319045 137.13251:65876 139.11183:32626 143.08578:48121 145.10120:61882 147.11684:116260 149.13255:176051 151.14810:47134 153.12750:36473 159.11710:38584 161.13277:41525 163.14804:65307 165.16374:42691 167.81696:30570 171.11694:133743 175.14809:141350 184.07352:49819 185.13271:42355 190.94809:34436 199.05888:26098 203.17946:558484 247.24182:164466 265.25226:399802 269.22583:174926 287.23541:30411 308.29443:114147 313.84082:30139 330.27917:281382 337.27383:36576 339.28937:2909268 350.91077:27902 355.46844:31520 361.27313:58625 368.82028:28770 393.29974:177949 429.68506:28511 525.72650:34616 586.86743:36176 625.51947:2801100 625.93945:31560 736.40955:39295,664068028,553320161,975098831,518605606,1296432868,1115350808,1368562717,1225450705,797093388,904524942,886803879,1000408467,644602820,841691781,973414403,874169818,785600155,1138303323,779166535,707551150,639343734,380875082,1149437488,640541254,93848,70061,40360,954665660,930881965,1039015492,991734445,1282379316,984106743,1165054906,819153044,1304097091,865368104,947159223,685713162,1281173645,884430217,998628964,943030988,1337701381,946214710,811351743,1458715193,1321095505,1023919730,868863618,603998470,795738615,1311312686,888035182,894066893,894513252.8,321302613.9,2.217763243
Pos,15422,Green,9.169,768.5556,PC 35:4|PC 15:0_20:4,PC 15:0_20:4,[M+H]+,null,0.95,TRUE,9.015,768.55377,C43H78NO8P,PC,JSXZJOMDSXRJMT-UHFFFAOYSA-N,O=C(OCC(OC(=O)CCCCCCC=CCC=CCC=CCC=CCC)COP(=O)([O-])OCC[N+](C)(C)C)CCCCCCCCCCCCCC,410,FALSE,TRUE,TRUE,Normalized unit: Intensity; Annotation method: Msp20250218112233_NCDK_conventional_converted_dev_1,FALSE,FALSE,15422,0,0,0.99,0.66,0.84,0.44,6,2,2.29,3188.27,Y6_M,768.55548:9626132 769.56015:4574030 770.56482:1283180,86.09637:226770 88.61314:3263 92.22761:9550 98.98404:16091 104.10684:24860 122.17606:3319 124.99981:104624 184.07333:3629276 207.54874:3754 288.12451:3754 405.16083:4113 414.83722:4489 464.31436:5393 526.32758:5021 612.81445:4377 639.15710:4858 768.55029:17581,68459136,73099474,31085747,72455606,89598168,55471596,89012927,100035088,60825950,119315317,93014829,83896584,67554090,90462086,48118073,122932018,116387414,67397764,39110003,46508695,28848649,69690859,80637954,47473850,0,0,0,93911485,91836786,100020457,97863245,77660894,126765218,59024488,128175850,178318870,104825818,94220554,110290041,72251591,94455650,204833445,80366898,95360426,132116755,72085232,153639571,158043599,101569915,78403100,113151451,61869725,113669390,153031367,82667456,87124021.03,40746537.2,2.3810956
Pos,15423,Green,8.878,768.55579,PC 35:4|PC 16:1_19:3,PC 16:1_19:3,[M+H]+,null,0.62,TRUE,8.956,768.55377,C43H78NO8P,PC,LEFPUVUUDGPPNJ-UHFFFAOYSA-N,O=C(OCC(OC(=O)CCCCCCCCCCCCCCCCC=CCC=CCC=CCC=CCC)COP(=O)([O-])OCC[N+](C)(C)C)CCCC,420,FALSE,TRUE,TRUE,Normalized unit: Intensity; Annotation method: Msp20250218112233_NCDK_conventional_converted_dev_1,FALSE,FALSE,15423,0,0,0.99,0.61,0.84,0.43,6,1,1.63,358.26,Y4_E,768.55609:1609715 769.56076:765985 770.56543:211503,86.09647:47128 92.59019:3646 98.98403:4328 102.44698:3353 104.10689:6085 114.44527:4291 115.15121:3592 124.99981:20104 134.37213:3428 166.37309:3055 183.60799:3170 184.07350:778135 224.07254:3242 289.12253:3440 306.32498:4147 313.04608:3647 340.35284:4092 348.63678:3353 369.42862:4193 382.22607:4356 479.18973:3785 522.90259:3596 768.55573:5352,3588643,13984363,1897583,4465161,8149872,4054254,7614530,20543256,2982718,10780201,5766062,5888317,3698085,14428430,2413687,7999204,7729844,4274432,2114776,9478820,699701,3643829,5064520,2235572,0,0,0,8984292,8605703,8577547,8792220,5896455,25154752,3739561,10221686,16774310,6593951,5066672,23416657,4151163,5875478,15191779,5501969,7484198,24691918,3383419,14959530,14782479,6987480,5044710,17086751,3615295,8870228,11187785,5780107,7998435.538,6111655.901,2.628313176
Pos,15424,Green,11.144,768.55615,PE 38:4|PE 18:1_20:3,PE 18:1_20:3,[M+H]+,null,0.44,TRUE,9.738,768.55377,C43H78NO8P,PE,FHPKJOCRZAXOEW-UHFFFAOYSA-N,O=C(OCC(OC(=O)CCCCCCCCCC=CCC=CCC=CCC)COP(=O)(O)OCCN)CCCCCCCC=CCCCCCCCC,410,FALSE,TRUE,TRUE,Normalized unit: Intensity; Annotation method: Msp20250218112233_NCDK_conventional_converted_dev_1,FALSE,FALSE,15424,0,0,0.99,0.16,0.26,0.74,4,2,2.19,1884.6,Y5_P,768.55627:5639326 769.56094:2795366 770.56561:662349,78.71336:3065 79.05238:2970 79.05430:32293 81.06995:66953 81.88609:3122 83.08550:50845 85.10130:8391 86.09640:41640 87.19464:3407 91.05426:22118 93.06989:62868 95.08555:75871 97.06483:14229 97.10127:42401 105.06985:19533 107.08534:45180 109.10120:55075 111.10533:3510 111.11691:22939 119.08562:18055 121.10120:71446 123.11677:21841 125.00034:3387 131.08565:14304 133.10109:8386 135.11684:69547 137.13260:8553 137.54301:3040 145.10127:15030 146.98183:175362 149.13274:30850 151.14819:5322 153.20845:3924 156.74719:3468 159.11710:12992 161.13255:4170 163.14845:8427 165.16415:4121 171.91878:3216 173.13234:8743 184.07344:137420 205.19516:40174 218.07727:3438 247.24239:16231 259.34937:4183 265.25226:42724 271.24179:20104 288.12723:4409 289.25348:5627 290.54898:4074 326.18372:4544 332.29474:28815 339.28949:341211 363.28906:4573 393.30081:13035 401.14658:4300 538.76874:4264 563.50592:40591 585.48602:87217 609.03564:4487 627.53540:302119 709.47821:27248 727.54498:4216 768.54816:16993,30132329,27019318,49511991,28015311,93829139,40372781,77928118,68853702,55915270,64905620,68800573,57994631,32204714,48941803,52742610,49169798,66333317,53458666,21887219,22158647,21872218,14922094,60322429,17892065,0,0,0,61696831,66561077,72696755,63894783,75348896,63560638,88681736,62254490,162607328,55847319,62785695,44380123,126374019,40964024,161493427,54217696,86901460,61342063,73599631,132114363,170261832,65686528,45036306,12172611,60403819,85491815,105938393,50959157,60699221.38,37535401.73,3.096725425
Pos,15435,Green,10.792,768.59161,PC O-36:4|PC O-16:0_20:4,PC O-16:0_20:4,[M+H]+,null,0.95,TRUE,9.783,768.59021,C44H82NO7P,EtherPC,SOUZQPFUXRVDGK-UHFFFAOYSA-N,O=C(OC(COCCCCCCCCCCCCCCCC)COP(=O)([O-])OCC[N+](C)(C)C)CCCCCCC=CCC=CCC=CCC=CCC,410,FALSE,TRUE,TRUE,Normalized unit: Intensity; Annotation method: Msp20250218112233_NCDK_conventional_converted_dev_1,FALSE,FALSE,15435,0,0,0.99,0.5,0.44,0.47,4,2,2.18,1750.59,O3_M,768.59180:4320907 769.59646:1996742 770.60113:471235,76.56969:2950 79.05436:2961 80.72407:3305 81.06987:3774 83.08554:4275 86.09641:126696 94.58448:3606 95.08550:7857 96.91527:3300 104.10703:8225 109.10104:4071 114.89243:3245 117.37167:3100 124.99983:31334 146.98181:248046 184.07347:1202248 251.23665:5036 310.80365:4207 312.41089:3569 327.56583:3651 347.03018:3505 374.39526:3570 383.89749:3574 385.48413:4243 441.23889:3667 453.23526:4481 482.36011:3698 563.50403:67433 585.44244:6179 585.48645:136937 709.47711:36437 768.55237:28339 771.12732:3970 771.24237:5055,53137303,44952273,39332245,48550334,57201256,58676106,69186917,60352470,44942032,66818348,45779703,65904960,52294111,62737252,49972258,75646621,56595285,65185060,46099869,38833120,35054752,45927745,54332246,47254175,316,21846,9644,64760048,68133818,69876506,64031382,81405163,75611864,63980157,74375240,80993489,77717413,75903329,62069491,63361626,60125176,79177298,71589338,78425585,66884289,49574896,101288652,69446643,71487952,59589505,53123152,52872861,79476792,64624001,69665055,58806708.54,19209905.6,1.821516826
Pos,15442,Green,20.916,768.71008,TG 44:0|TG 14:0_14:0_16:0,TG 14:0_14:0_16:0,[M+NH4]+,null,1,TRUE,14.024,768.70758,C47H90O6,TG,AMXRERGJDVUTMF-UHFFFAOYSA-N,O=C(OCC(OC(=O)CCCCCCCCCCCCC)COC(=O)CCCCCCCCCCCCCCC)CCCCCCCCCCCCC,410,FALSE,TRUE,TRUE,Normalized unit: Intensity; Annotation method: Msp20250218112233_NCDK_conventional_converted_dev_1,FALSE,FALSE,15442,0,0,0.99,0.3,0.43,0.84,4,2,2.3,46445.36,Y6_F,768.71008:225341 769.71475:77330 770.71942:46892,81.07023:2906 89.38211:3269 91.01057:2932 93.28168:3444 95.08551:6517 100.01830:3329 103.42860:3322 129.90631:3206 135.47252:3473 220.54794:3733 237.04245:4237 274.54343:3511 307.16104:3474 412.06177:4318 462.86179:3632 495.43982:17591 509.45572:5302 523.47357:14834 727.69983:4132 768.45367:3748,1645201,1316656,1368796,1168231,1338985,1188496,1298608,1447070,1321098,1140961,1244156,1241672,1217324,1322313,1281969,1147575,1131744,1217687,1244538,1304193,1311869,1230316,1216999,1278349,1055376,1082412,1330285,1634737,1665333,1317297,1173474,1308015,1353537,1524024,1289215,1379138,1288713,1372242,1498069,1568160,1058077,1800766,1351692,1314064,1407966,1556050,1500655,1680720,1350199,1072751,1227627,2457674,1027065,1439319,1480234,1348903.532,227944.4907,3.252211979
Pos,15498,Green,10.233,770.57111,PC 35:3|PC 16:0_19:3,PC 16:0_19:3,[M+H]+,null,0.91,TRUE,9.191,770.5694,C43H80NO8P,PC,FBYQLBWPFFJORL-UHFFFAOYSA-N,O=C(OCC(OC(=O)CCCCCCCCC=CCC=CCC=CCC)COP(=O)([O-])OCC[N+](C)(C)C)CCCCCCCCCCCCCCC,410,FALSE,TRUE,TRUE,Normalized unit: Intensity; Annotation method: Msp20250218112233_NCDK_conventional_converted_dev_1,FALSE,FALSE,15498,0,0,1,0.64,0.84,0.41,6,2,2.28,3221.67,Y5_N,770.57080:25847914 771.57547:11833813 772.58014:2953229,75.56770:7645 78.26983:9795 78.97710:7435 80.77187:8234 83.94747:8399 84.20100:7284 85.57681:7817 86.09639:573451 97.71996:9071 98.98405:41389 104.10700:79903 115.76775:8900 120.96587:14945 124.99989:260963 132.95789:9387 150.31824:9742 155.22887:8333 162.95544:15542 184.07336:9477677 275.04660:8726 348.39307:9340 386.32452:8617 410.68045:10527 442.11826:10995 478.32806:15317 496.34045:16912 506.86566:10946 547.86780:10421 549.30560:9496 727.46661:16119 770.56244:20416,44118069,62221291,23583716,50968575,113591217,45164094,85931106,110010939,40282350,121219220,89575582,73307521,48055144,82091630,36682618,98255722,101437210,52303524,22135115,30724539,11354127,36569949,64789229,22098092,0,0,0,98478153,94556556,105670123,102961848,95382930,154390954,69887624,158494087,312223859,100436898,83522759,122021694,83119431,73846785,314728331,75423926,115602886,148217070,59037389,213397951,280766343,101953088,69535400,95470711,57820463,140989409,196801962,79183495,92188958.26,68310372.91,2.219138211
Pos,15500,Green,9.421,770.57159,PC 35:3|PC 17:1_18:2a,PC 17:1_18:2,[M+H]+,null,0.6,TRUE,8.948,770.5694,C43H80NO8P,PC,UJXPBTXUYBVHBS-UHFFFAOYSA-N,O=C(OCC(OC(=O)CCCCCCCC=CCC=CCCCCC)COP(=O)([O-])OCC[N+](C)(C)C)CCCCCCCC=CCCCCCCC,410,FALSE,TRUE,TRUE,Normalized unit: Intensity; Annotation method: Msp20250218112233_NCDK_conventional_converted_dev_1,FALSE,FALSE,15500,0,0,0.99,0.64,0.84,0.41,6,2,2.28,1316.04,Y6_F,770.57153:11122663 771.57620:5200088 772.58087:1547947,75.92271:3639 80.03616:3965 81.36802:3971 86.09645:245771 91.47721:3910 92.23128:12059 98.98419:18286 104.10692:30849 105.84026:4041 124.99992:120359 126.12267:3951 142.57394:4941 144.46510:4619 160.54924:4161 174.81859:4581 179.28284:4319 180.60199:3762 181.59987:4134 184.07350:4303934 196.71056:4644 222.01361:5138 445.82751:5131 473.07858:5116 490.32956:8438 502.32944:6032 515.31158:4746 597.21246:4535 686.67938:5521 770.56842:9228,20071208,22802664,82367238,24404238,23288188,17384277,22516778,28847607,90576098,32555650,16997080,21054318,16051314,22262853,79947370,30111656,18864676,16461657,13670712,19987546,67578707,20493590,16565782,15037137,0,0,0,38271981,39770132,39884117,36426715,19748384,28140073,121771220,28712995,31280169,20861149,31506518,20997345,123948542,27052544,26652417,16992167,23336354,27958826,93827095,38880173,27559841,22290620,15676371,22135721,114156314,29953641,27284956,19002905,33708684.12,28592827.59,2.8420542
Pos,15594,Green,10.565,772.58667,PC 35:2|PC 17:1_18:1,PC 17:1_18:1,[M+H]+,null,0.95,TRUE,9.537,772.58508,C43H82NO8P,PC,CWDLNVPVXRALIK-UHFFFAOYSA-N,O=C(OCC(OC(=O)CCCCCCCC=CCCCCCCCC)COP(=O)([O-])OCC[N+](C)(C)C)CCCCCCCC=CCCCCCCC,410,FALSE,TRUE,TRUE,Normalized unit: Intensity; Annotation method: Msp20250218112233_NCDK_conventional_converted_dev_1,FALSE,FALSE,15594,0,0,0.99,0.66,0.84,0.46,6,2,2.3,8677.12,O7_E,772.58679:98328432 773.59146:47580016 774.59613:14207189,78.67200:15604 81.07000:21982 85.01609:15679 86.09646:1765135 89.52247:17584 92.23092:64173 94.14453:15058 95.08564:15947 97.71067:15974 98.64404:14875 98.98406:115206 102.57484:15348 102.85529:18936 104.10701:270018 106.76988:17551 111.11662:16450 114.91415:16761 120.54327:17582 120.96604:113182 121.06898:17966 124.99987:912635 164.00848:89697 179.62036:18645 184.07349:32325232 198.30849:16824 232.99796:19296 400.79031:23396 401.98077:23825 490.33170:28976 504.34290:28225 508.34006:64912 516.30176:18401 631.50458:115201 631.55548:17555 633.11700:19617 729.48077:115006 772.58917:157447,770519112,869779576,993793767,506622881,1335636829,775111256,1179810268,1352509360,1574505587,909084248,1013551935,1114117905,778082648,1101102703,1263470766,835581931,1204887247,895557765,505603405,587945870,687099423,417166798,1024247516,531879990,150099,35939,18688,1209985161,1206110955,1271076079,1248047281,1345590964,1830711844,2006907381,1009493020,2462197578,1398090002,1203138447,1182850805,2070412103,539072217,2058998882,933954152,1430303094,1547829734,1819965781,1346067692,2002912718,1188348736,931462307,1155504159,1681607182,915544521,1711383640,1017473351,1126416605,520174427.4,2.058025765
Pos,15688,Green,10.083,774.54449,PE P-40:7|PE P-18:1_22:6,PE P-18:1_22:6,[M+H]+,null,0.95,TRUE,9.874,774.54321,C45H76NO7P,EtherPE,UKPNUUDYLNCIOE-UHFFFAOYSA-N,O=C(OC(COC=CCCCCCCC=CCCCCCCCC)COP(=O)(O)OCCN)CCC=CCC=CCC=CCC=CCC=CCC=CCC,410,FALSE,TRUE,TRUE,Normalized unit: Intensity; Annotation method: Msp20250218112233_NCDK_conventional_converted_dev_1,FALSE,FALSE,15688,0,0,0.99,0.31,0.65,0.8,5,2,2.33,3425.14,O8_N,774.54498:22712172 775.54965:11761179 776.55432:3027981,79.05424:235229 81.03342:14620 81.06986:260795 81.51856:8082 83.08554:32579 86.62050:6411 89.43832:6720 91.05418:246010 93.06988:283444 95.04910:40683 95.08549:246089 97.06474:43065 97.10115:31068 104.19930:8052 105.06983:176807 106.34836:6804 107.08546:145267 109.06483:6937 109.10123:130515 111.09184:9806 113.05985:9649 117.06985:95204 119.08555:178343 121.06483:14721 121.10118:166067 123.11681:15590 129.05501:7828 129.06981:60044 131.08557:117099 133.10136:139468 135.08054:32736 135.11681:61657 137.09601:11284 137.13269:9856 141.06993:14867 143.08556:44711 145.10143:93655 147.08032:12989 147.11687:83454 149.09628:10930 149.13246:33771 155.01096:7171 155.08517:7322 157.10123:32895 159.11693:69135 161.09639:16070 161.13246:47267 169.10120:29881 170.45602:6255 171.11687:38633 173.13268:38456 175.11079:8247 175.14853:10401 178.25388:6584 181.10170:9996 183.11693:27068 184.07318:12946 185.13237:16297 187.14830:16821 192.15996:6913 192.69484:7294 194.91652:6994 197.13235:12681 199.11192:8138 199.14816:15250 201.12674:8045 201.16425:31912 211.14832:11019 223.14806:11113 224.87848:7159 259.49832:7313 269.26068:8326 280.92728:8430 292.29977:219384 305.28345:13618 310.31012:10827 347.88147:6599 354.27945:34058 364.07730:8367 385.27350:1425918 390.27661:465453 409.44733:10015 464.31314:17540 612.07135:9183 633.52478:9642 675.71051:9515,123239060,90211073,244181528,84003819,363742523,191181596,263884159,229098169,233718099,173309194,251256465,205888942,129095961,175188888,276908149,176184763,243132788,216120397,105108705,95806550,147999381,52434449,270148409,89130196,0,0,0,231968647,239894825,247600294,251714895,286463470,254475570,400932013,190288345,473845047,224407071,240625771,166988466,420824990,169247109,361132964,237405441,346386908,224626499,310565222,365096108,470073894,264966504,208368157,138050092,274671762,271108401,308803657,215107424,222302051.1,106915755.1,1.652586949
Pos,15757,Green,8.929,776.52435,PE 39:7|PE 17:1_22:6,PE 17:1_22:6,[M+H]+,null,0.93,TRUE,8.932,776.52252,C44H74NO8P,PE,XOUDAZVFABMKEQ-UHFFFAOYSA-N,O=C(OCC(OC(=O)CCC=CCC=CCC=CCC=CCC=CCC=CCC)COP(=O)(O)OCCN)CCCCCCCC=CCCCCCCC,420,FALSE,TRUE,TRUE,Normalized unit: Intensity; Annotation method: Msp20250218112233_NCDK_conventional_converted_dev_1,FALSE,FALSE,15757,0,0,0.99,0.38,0.56,0.69,4,1,1.63,201917.4,O7_A,776.52509:927330 777.52975:425110 778.53442:279435,81.06971:4072 83.08545:4568 85.38015:3060 91.05439:3696 93.06976:5580 95.08549:17903 96.62168:3503 101.48815:3023 105.06980:4111 109.10101:4953 115.26468:3341 119.08508:5402 131.08554:5038 133.10124:3757 137.31837:3026 169.10211:3464 184.07344:4843 188.84689:3910 208.46848:3518 226.85910:3632 245.36021:4176 251.23717:5213 297.66885:3321 306.54919:3728 444.85690:3466 635.50378:71120,6260651,8162517,8058667,4124300,14588803,11353288,17204717,22494521,7223274,10394505,10987006,11528871,6410879,13486312,8078036,8140135,9231428,12590594,5716233,7486712,3461796,2351667,9264370,3981453,0,0,0,13806225,13617376,13654324,12758132,19662635,26087173,17133373,11662912,26171920,13031211,12034375,16714712,17065776,8366860,18739206,13251944,23050620,26694947,11809885,25112610,27014567,17740432,11249757,14158172,10163455,17932138,17034182,13734835,12582445.31,6834400.12,2.356660564
Pos,15762,Green,10.335,776.55994,PE O-40:7|PE O-18:1_22:6,PE O-18:1_22:6,[M+H]+,null,0.13,TRUE,10.17,776.5589,C45H78NO7P,EtherPE,FXLRSAKQICBFFL-UHFFFAOYSA-N,O=C(OC(COCCCCCCCCCCCC)COP(=O)(O)OCCN)CCCCCC=CCC=CCC=CCC=CCC=CCC=CCC=CCC,420,FALSE,TRUE,TRUE,Normalized unit: Intensity; Annotation method: Msp20250218112233_NCDK_conventional_converted_dev_1,FALSE,FALSE,15762,0,0,1,0.08,0.23,0.75,1,1,1.53,290.32,O8_A,776.56006:1637939 777.56473:952998 778.56939:85452,77.21648:3094 79.05417:4153 79.31738:2630 83.08550:54829 85.10107:14501 85.60287:3277 95.08553:18121 97.10124:48118 100.77341:3592 102.12754:3532 109.10092:4613 111.11695:24733 114.12760:5066 121.10143:3404 126.44357:3830 126.53631:3484 183.31487:3899 183.69914:3592 310.22766:3746 354.27872:5997 366.67636:3777 459.53555:3706 635.53943:18471,14276084,8509537,13126106,8957469,17283197,21266645,27467864,18805204,10685820,17741830,13122923,20822205,14301207,13316638,12823674,18033995,13377267,26520894,15229915,8894263,8658757,7405646,15599211,11773996,0,0,0,18115427,20097005,18730026,17235723,30613886,16217111,16990628,18757507,20146704,20607732,26656660,14508611,24395690,17754523,19460728,26880191,28901932,18137514,11481523,34619334,20378841,24046926,20055099,9188446,12140819,26630868,14797236,21345221,16852586.52,7288579.243,1.339241621
Pos,15844,Green,7.904,778.53979,PC 36:6|PC 16:1_20:5,PC 16:1_20:5,[M+H]+,null,0.71,TRUE,8.631,778.53809,C44H76NO8P,PC,XXKFQTJOJZELMD-UHFFFAOYSA-N,O=C(OCC(OC(=O)CCCCCCCC=CCC=CCC=CCC)COP(=O)([O-])OCC[N+](C)(C)C)CCCCCCCC=CCC=CCC=CCC,420,FALSE,TRUE,TRUE,Normalized unit: Intensity; Annotation method: Msp20250218112233_NCDK_conventional_converted_dev_1,FALSE,FALSE,15844,0,0,0.99,0.6,0.74,0.35,4,1,1.57,83.7,Y3_M,778.54016:484367 779.54483:232308 780.54950:94131,77.11409:2901 77.36501:3006 86.09623:6376 92.23105:3624 97.18102:3578 103.75014:3732 124.99989:6413 184.07358:219052 308.53247:3554 455.83118:3639 552.89447:4000,6016862,8265234,2423214,7094468,5184680,5114506,7207949,9553410,3150986,7942420,5226576,5173595,4442965,7638299,2419730,7739728,4113022,4430589,4969805,8421184,1776131,7089262,5401778,4447132,0,0,0,4401621,4551931,4929542,4689410,3819312,5554842,1796915,4514472,2349851,2735775,3861734,5048354,1974801,7111124,2360072,2375181,4310355,5260243,1345506,5618684,2648816,2468521,3884760,4932073,1384193,5558435,2406197,2479141,4356643.357,2235885.476,2.18357974
Pos,15937,Green,9.858,780.55328,PC 36:5|PC 16:1_20:4a,PC 16:1_20:4,[M+H]+,null,0.95,TRUE,8.741,780.55377,C44H78NO8P,PC,NJKOHDXHBBUJBZ-UHFFFAOYSA-N,O=C(OCC(OC(=O)CCCCCCC=CCC=CCC=CCC=CCC)COP(=O)([O-])OCC[N+](C)(C)C)CCCCCCCC=CCCCCCC,410,FALSE,TRUE,TRUE,Normalized unit: Intensity; Annotation method: Msp20250218112233_NCDK_conventional_converted_dev_1,FALSE,FALSE,15937,0,0,1,0.18,0.14,0.75,6,2,2.18,6135.95,O7_M,780.55396:27603864 781.55862:12647434 782.56329:341833248,75.17272:8695 78.55523:7594 81.06983:54872 83.08546:66696 85.10114:8257 86.09646:906536 87.79440:8327 95.08559:88939 96.12572:9726 96.76253:8685 97.10112:50710 102.14108:7943 104.10674:13182 105.62231:7374 107.03201:8073 107.08543:12034 109.10132:58228 111.08060:11234 121.10129:64174 123.11688:17631 124.99982:55889 135.11687:50708 146.98184:3063404 149.13234:11012 157.57159:8442 164.99248:50365 184.07349:1800257 188.00816:8796 210.29393:8191 219.21075:10770 222.01369:68043 237.22133:59683 237.81505:8371 265.25247:67384 385.41281:9974 405.40842:8451 439.22263:55008 467.25363:121563 476.31445:17404 504.34537:18228 526.32837:15259 575.50427:846852 597.48615:1887104 682.76355:10251 721.47833:558304 780.48730:14983 780.55109:278088,455439067,534362620,434808426,277122949,645675286,572621773,639779344,724425421,439826647,528587895,449844699,544248919,454635074,615544843,450385525,507806759,487198428,562343881,445841752,548758024,362009826,253449763,566704854,412344920,0,0,0,445082008,418284402,613760312,602220301,607156589,708792748,494320947,487374325,614102866,540412448,608079963,565921732,489730840,410480830,574518823,509238357,604912961,625903162,415784910,373290436,690834046,517916278,463860475,539274587,397146258,351490064,482016903,461307877,482308766.2,153434700,0.627759443
Pos,15940,Green,8.566,780.55536,PC 36:5|PC 16:1_20:4b,PC 16:1_20:4,[M+H]+,null,0.95,TRUE,8.741,780.55377,C44H78NO8P,PC,NJKOHDXHBBUJBZ-UHFFFAOYSA-N,O=C(OCC(OC(=O)CCCCCCC=CCC=CCC=CCC=CCC)COP(=O)([O-])OCC[N+](C)(C)C)CCCCCCCC=CCCCCCC,410,FALSE,TRUE,TRUE,Normalized unit: Intensity; Annotation method: Msp20250218112233_NCDK_conventional_converted_dev_1,FALSE,FALSE,15940,0,0,0.99,0.66,0.84,0.42,6,2,2.28,2524.56,Y3_E,780.55579:13492216 781.56045:6443830 782.56512:1659370,76.25471:5388 76.41779:5378 79.39690:5608 83.41571:4879 86.09639:402050 93.90104:4817 94.18063:5340 98.98406:23238 103.36936:5125 104.10682:31108 117.47101:5989 120.42650:4827 124.99987:179390 130.06995:5596 155.85904:5461 168.54909:5266 183.79771:6081 184.07341:6695710 206.69017:4955 267.59509:6198 374.35355:5910 424.17883:5276 494.32413:7977 526.33032:7291 675.26886:6660 780.55182:23486,83356771,116149893,42736913,86337472,102098870,81338995,108278441,163321731,59457298,120398806,86176352,97183160,78082019,139581206,53637262,118566330,101720695,84643077,64508264,106635171,34271854,82709958,97392486,71031277,27692,0,0,95805218,98253558,94539234,96619191,77705921,146406398,48833860,94420755,110882724,78009651,82301625,137218322,62642238,98701833,122647784,75996624,88644157,146042020,47998615,142450356,109300879,79481320,73717521,115885745,51516489,109930098,97838375,78972881,88043734.29,34860646.01,2.037015336
Pos,15941,Green,8.968,780.55585,PC 36:5|PC 16:0_20:5,PC 16:0_20:5,[M+H]+,null,0.93,TRUE,8.937,780.55377,C44H78NO8P,PC,KLTHQSWIRFFBRI-UHFFFAOYSA-N,O=C(OCC(OC(=O)CCCC=CCC=CCC=CCC=CCC=CCC)COP(=O)([O-])OCC[N+](C)(C)C)CCCCCCCCCCCCCCC,410,FALSE,TRUE,TRUE,Normalized unit: Intensity; Annotation method: Msp20250218112233_NCDK_conventional_converted_dev_1,FALSE,FALSE,15941,0,0,0.99,0.62,0.84,0.35,6,2,2.24,1457.01,Y5_M,780.55615:8452337 781.56082:4123672 782.56549:1233062,75.14116:2956 77.72343:3498 86.09645:291038 90.02722:3944 92.23107:9297 96.15031:3563 98.98409:18468 99.23823:3903 104.10695:34397 112.77798:3832 120.33720:4379 124.99987:115809 133.24986:3648 136.77419:3661 146.98212:5109 152.59547:3529 175.80800:4045 183.86163:3945 184.07347:4579281 191.30710:3893 227.94209:4144 265.28851:4534 288.78043:3993 432.86560:5379 478.32889:4695 490.90012:4442 496.33957:5492 524.31482:5291 597.48022:5316,65556115,53934249,30664071,84264128,64361659,56579648,76213995,66109054,41245637,107627065,63431887,59380794,61717546,62231524,38091414,105318323,66248393,52844583,49077521,51079087,29944240,87173633,65089889,50489204,0,0,0,60935903,58521762,59595144,57447121,49302605,47198352,30777894,77378280,47866201,44594923,61586196,44292101,33382297,92588573,53683786,45353187,51930127,49978317,28676643,86224138,45150541,46661528,52197473,41221630,30911549,79348750,49518292,43359711,53788303.34,21986212.14,2.664774779
Pos,16050,Green,9.844,782.57092,PC 36:4|PC 16:0_20:4,PC 16:0_20:4,[M+H]+,null,0.96,TRUE,9.339,782.5694,C44H80NO8P,PC,JAVWFBAAZSHHAD-UHFFFAOYSA-N,O=C(OCC(OC(=O)CCCCCCC=CCC=CCC=CCC=CCC)COP(=O)([O-])OCC[N+](C)(C)C)CCCCCCCCCCCCCCC,410,FALSE,TRUE,TRUE,Normalized unit: Intensity; Annotation method: Msp20250218112233_NCDK_conventional_converted_dev_1,FALSE,FALSE,16050,0,0,1,0.66,0.84,0.43,6,2,2.29,41805.26,O3_P,782.57074:254990672 783.57541:122897760 784.58008:34963992,79.91432:31418 80.68768:35579 81.49873:25465 86.09643:2943992 98.98412:181122 104.10700:467184 124.99992:1420107 127.22545:30662 129.05424:29902 146.98178:318123 184.07346:51059988 200.77136:38252 218.57425:33282 221.06772:33704 243.31775:51442 353.49951:39067 478.32812:58760 495.81107:35724 496.34039:146841 499.61450:37909 560.98486:37158 599.49377:46138 687.94836:34444 723.48157:43414 782.56757:198781,1984146468,1696946214,1191874426,2352049078,2502961365,2136809851,2411101283,2134759560,1389681632,2937954320,2134731195,2245525763,2106050884,2088387676,1568853604,3396466981,2621263560,2229140038,1792531570,1553672557,1119635940,2578844803,2589731232,2007816093,92022,0,0,2295941998,2243161207,2356193214,2328074895,2260813892,2168834403,1423417878,3113829094,2614212519,2451563823,2501472932,1946962105,1642215814,3037690306,3052856325,2321653206,2318961774,2026105464,1403331647,3420231194,2490893032,2179510317,2201535493,1912645391,1389510574,3227295557,2513014440,2134525916,2104499682,727904135.8,1.942319748
Pos,16129,Green,10.059,784.58667,PC 36:3|PC 18:1_18:2,PC 18:1_18:2,[M+H]+,null,0.78,TRUE,9.261,784.58508,C44H82NO8P,PC,GDWULUGDXGHJIJ-UHFFFAOYSA-N,O=C(OCC(OC(=O)CCCCCCCC=CCC=CCCCCC)COP(=O)([O-])OCC[N+](C)(C)C)CCCCCCCC=CCCCCCCCC,410,FALSE,TRUE,TRUE,Normalized unit: Intensity; Annotation method: Msp20250218112233_NCDK_conventional_converted_dev_1,FALSE,FALSE,16129,0,0,1,0.64,0.84,0.42,6,2,2.28,13366.73,Y5_F,784.58636:96085480 785.59103:48641524 786.59570:13858914,86.09641:2444166 86.48831:31222 89.62520:34499 92.23100:119512 98.98400:140307 104.10694:434634 105.09715:32647 124.99981:1195801 133.35866:29988 139.24409:29656 140.81828:35345 148.16982:37320 151.13197:39782 152.87830:37538 184.07338:42235756 185.07671:193111 186.07767:71009 217.82823:34620 242.28201:35350 251.53357:36688 263.59372:39061 276.44098:36884 311.73236:44328 350.37265:34384 463.15054:41621 463.22220:44806 468.19312:36761 478.54678:44026 502.33252:47098 504.34341:44583 686.67505:36777 762.96216:41059 784.48682:239444 784.58148:155156,331420505,299552135,1509838824,366829762,351684696,329946489,369255337,344680564,1536105236,440518011,213921884,351898125,251149974,285179721,1495912896,471967735,264674801,288952769,247134797,276064177,1405834112,316988085,297104401,289823625,0,0,0,546453750,565020477,577623118,563160748,280320936,327309900,1668213724,343025343,365575279,285619033,502048744,254253278,1900547496,432482677,288453437,252695012,291806298,279563218,1400527133,510105667,312463722,249758366,217397965,217729981,1575606324,404621925,265105607,251362548,499368915.8,461614316.8,2.026548861
Pos,16131,Green,11.025,784.58734,PC 36:3|PC 16:0_20:3a,PC 16:0_20:3,[M+H]+,null,0.42,TRUE,9.575,784.58508,C44H82NO8P,PC,FHYXYDNOQOCPNC-UHFFFAOYSA-N,O=C(OCC(OC(=O)CCCCCCCCCC=CCC=CCC=CCC)COP(=O)([O-])OCC[N+](C)(C)C)CCCCCCCCCCCCCCC,410,FALSE,TRUE,TRUE,Normalized unit: Intensity; Annotation method: Msp20250218112233_NCDK_conventional_converted_dev_1,FALSE,FALSE,16131,0,0,0.99,0.64,0.84,0.4,6,2,2.27,161446.5,Y3_A,784.58734:7837703 785.59201:3894901 786.59668:1151574,86.09641:235217 89.10506:3475 90.90437:3586 91.95690:3544 92.22726:6944 95.72699:3679 96.18538:4001 98.98409:9319 104.10712:30344 119.60714:3800 120.96605:8060 124.99981:108296 135.56847:3881 162.95546:6250 164.00853:6552 180.23048:3918 184.07343:4008573 207.99814:4117 208.32941:4168 250.54205:4184 258.08725:3990 262.40799:3738 265.18948:3824 327.67584:3851 375.65240:4037 452.44644:3994 478.33118:4211 496.34064:5011 741.47797:16498 784.51764:6315 784.58539:9023,55623363,50242097,42430832,71367435,134117356,54921719,105068499,91200117,61564509,147392330,113173942,86466494,66209413,80714580,59517603,123668609,145193920,70504541,32534958,29397708,23073274,55468969,90491112,32961813,0,0,0,109393722,109483448,116060425,103521817,105468916,118823637,97720873,171347854,324241672,110057627,111237340,101310124,123285426,101119756,359843798,95940545,126958000,118581410,83219068,245964695,288229627,112435758,74761884,78416003,81418142,160898652,213668733,86340282,104600989.6,71293569,2.880503412
Pos,16262,Green,8.585,788.52423,PE 40:8|PE 18:2_22:6,PE 18:2_22:6,[M+H]+,null,0.47,TRUE,7.676,788.52252,C45H74NO8P,PE,AXKKDIYHTGSBKS-UHFFFAOYSA-N,O=C(OCC(OC(=O)CCCCCCC=CCC=CCC=CCC=CCC)COP(=O)(O)OCCN)CCCCCCC=CCC=CCC=CCC=CCC,420,FALSE,TRUE,TRUE,Normalized unit: Intensity; Annotation method: Msp20250218112233_NCDK_conventional_converted_dev_1,FALSE,FALSE,16262,0,0,0.98,0.33,0.55,0.69,3,1,1.62,68864.05,Y5_P,788.52527:420001 789.52994:179367 790.53460:66650,81.06973:7004 83.62721:3126 91.05428:5318 92.22701:4869 93.07015:3792 95.08549:7143 97.65291:2985 97.76204:3584 105.06968:4313 151.70886:4105 160.08815:3923 161.63269:3214 198.76120:3492 422.90912:4148 647.50208:34152,1788962,1932855,2635804,1132570,4172048,3043180,4489329,4430851,2409980,2467184,2465480,3174823,1743772,3328875,2995029,2375608,2416072,3553183,1808010,1425609,2161026,571516,2856973,1205118,0,0,0,3017621,3082936,3233302,3250041,4516955,4871298,4310203,2211351,5785558,2946389,3039888,1988835,5074392,2550814,4273085,3343280,5605019,5219367,3115261,6300874,6164381,3866917,2692974,1726701,2623634,4183693,3257473,3380334,3022116.947,1468207.175,2.168612762
Pos,16341,Green,9.525,790.54022,PE 40:7|PE 18:1_22:6,PE 18:1_22:6,[M+H]+,null,0.95,TRUE,9.239,790.53809,C45H76NO8P,PE,JZSZAGWWWKKXLO-UHFFFAOYSA-N,O=C(OCC(OC(=O)CCC=CCC=CCC=CCC=CCC=CCC=CCC)COP(=O)(O)OCCN)CCCCCCCC=CCCCCCCCC,410,FALSE,TRUE,TRUE,Normalized unit: Intensity; Annotation method: Msp20250218112233_NCDK_conventional_converted_dev_1,FALSE,FALSE,16341,0,0,0.99,0.24,0.47,0.7,4,2,2.23,1011786,Y3_F,790.54041:12943060 791.54507:6364618 792.54974:2729991,77.03862:4091 78.32784:3438 79.05424:109022 81.06988:158528 81.07994:4000 83.04907:5504 83.08551:90411 85.06476:7738 85.10106:5130 91.05422:149962 93.06987:148451 95.04914:9982 95.08554:193429 97.06478:23575 97.10115:79299 103.05438:3896 104.26231:3514 105.06982:87464 107.08552:77880 107.18138:3577 108.66993:3822 109.06520:4081 109.10114:111557 110.40730:3747 111.08031:6449 111.11680:34310 115.40131:4309 115.69650:3921 117.06989:89669 119.08555:91151 121.06506:6677 121.10119:120589 123.08011:5571 123.11693:27598 125.13242:4330 129.06999:39582 131.08562:103616 131.09039:4493 133.10129:64665 135.08058:6891 135.11685:98627 137.09619:5649 137.13295:14568 141.06998:15642 142.02687:3852 143.08553:40632 143.20894:4225 145.10132:79691 145.64807:3990 147.08035:7159 147.11705:25468 148.87292:3981 149.09660:4648 149.13268:42160 151.14822:21724 153.12743:8206 155.01060:5429 155.08588:19265 155.83783:4121 157.10120:29018 159.11699:48900 161.13268:30574 161.47470:4624 163.14854:26195 165.16406:10058 169.10149:20158 171.11691:22048 173.13278:26017 175.14835:8850 181.10143:6446 182.07549:4266 183.11708:9216 184.07338:61504 184.07944:4011 185.13293:17230 187.14796:7961 189.05913:3937 201.16415:32589 208.64336:4514 209.13278:5901 211.14824:8098 213.16449:8274 239.17917:5985 240.88863:3827 247.24223:19460 265.19598:5078 265.25238:101249 267.54620:4466 300.55164:4093 308.29486:21414 311.23785:8920 339.28946:82027 354.27930:38782 385.27347:35245 530.23853:4362 649.51947:901052,59445335,48545394,77697720,48946904,118216373,100691169,140313561,128292891,69131690,103253407,85653422,111199803,68988754,96930329,89012500,98525622,82354801,124625432,62986854,55890047,43001817,30549695,94464316,46439512,0,0,0,102417642,105067242,110878233,106930293,146200248,126784727,117889831,102684333,163075844,104041323,108304957,92827612,138275527,95950045,133725249,123624124,171910973,130306903,83591301,227484235,167538228,132298684,89217232,71970217,78640837,162505006,106947972,112678758,98162271.42,43444523.38,2.694367326
Pos,16346,Green,9.948,790.57562,PC O-38:7|PC O-16:1_22:6,PC O-16:1_22:6,[M+H]+,null,0.93,TRUE,9.358,790.57452,C46H80NO7P,EtherPC,LSUUYCOJTDXYNX-UHFFFAOYSA-N,O=C(OC(COCCCCCCCCC=CCCCCCC)COP(=O)([O-])OCC[N+](C)(C)C)CCC=CCC=CCC=CCC=CCC=CCC=CCC,410,FALSE,TRUE,TRUE,Normalized unit: Intensity; Annotation method: Msp20250218112233_NCDK_conventional_converted_dev_1,FALSE,FALSE,16346,0,0,1,0.74,0.83,0.56,4,2,2.36,552.43,Y6_N,790.57581:16962234 791.58047:9129546 792.58514:2284662,81.06991:8014 83.08567:5383 83.29908:3298 86.09644:275973 92.22713:7909 95.08560:3851 96.43449:3947 98.98405:19921 102.05515:5465 104.10695:35167 105.09556:3455 109.10130:4872 120.96606:15839 124.99985:138261 125.00415:7480 164.00848:23363 184.07346:4094580 222.01364:6873 270.33093:3567 290.25784:4320 343.94281:4266 356.40948:4346 391.57089:4843 480.34521:20201 550.33063:26363 591.52740:27747 624.55280:4367 632.79016:4203 649.50922:40268 747.48309:4371 790.57556:14991,8976402,9365809,73838987,8307725,128246992,10535909,16747023,12987543,82049299,13959576,100314146,11474116,10926122,12767132,102792694,17491805,131549571,12788566,7351934,9212909,57156906,8222260,105841049,7772019,0,0,0,48360546,43098640,49276381,46345983,11851948,12831621,92495180,11085056,153094751,11585979,21132233,14940994,95237514,13651457,150125833,15344908,16158102,17125314,97473935,19034312,152232090,14130019,11941585,13178174,94677218,18144249,136523108,13058254,42814761.41,46863755.91,1.391393186
Pos,16420,Green,11.117,792.55585,PE 40:6|PE 18:0_22:6,PE 18:0_22:6,[M+H]+,null,0.35,TRUE,10.149,792.55377,C45H78NO8P,PE,IUUCCVDIGJJMTR-UHFFFAOYSA-N,O=C(OCC(OC(=O)CCCCCCCC=CCC=CCC=CCC=CCC=CCC)COP(=O)(O)OCCN)CCCCCCCC=CCCCCCC,420,FALSE,TRUE,TRUE,Normalized unit: Intensity; Annotation method: Msp20250218112233_NCDK_conventional_converted_dev_1,FALSE,FALSE,16420,0,0,0.99,0.31,0.47,0.7,4,1,1.6,261.45,Y4_P,792.55627:1093013 793.56094:530840 794.56561:647218,76.57731:3101 79.05422:6846 80.12022:3018 81.06992:4858 86.09639:3256 87.62413:3321 91.05424:6816 93.06997:8146 95.08559:15057 97.10105:4881 105.06993:6539 109.10118:4688 118.14835:3557 130.15904:5098 130.41005:3468 131.08571:4278 131.41087:2840 136.91388:3185 159.11679:5835 167.28137:3856 184.07336:31072 237.75404:3310 242.85860:3365 248.38986:3797 266.67523:3473 341.30475:4175 427.54932:4616 473.63571:3747 519.92639:3765 651.53467:82483 670.75049:4907 683.97864:4342,4800590,4548622,5317189,4193104,8921893,7432159,10580978,11960502,4469196,9167280,7319268,9405483,6329832,10346661,7082515,8772776,7539527,10036422,6344889,5815027,4003678,3151388,8097747,4588026,0,0,0,8617233,9026724,9132103,7883216,10356849,10737694,7995983,8959058,12783667,8049978,8962876,9118822,8744737,9051324,11385892,9866432,11715487,11127484,6044272,17470071,12305832,10880442,8399896,7152514,5242655,12433244,9230267,8054960,8017353.887,3278158.739,2.624427615
Pos,16529,Green,10.606,794.60754,PC O-38:5|PC O-18:1_20:4,PC O-18:1_20:4,[M+H]+,null,0.51,TRUE,9.902,794.60577,C46H84NO7P,EtherPC,YPEVVVCDYBKGNI-UHFFFAOYSA-N,O=C(OC(COCCCCCCCCC=CCCCCCCCC)COP(=O)([O-])OCC[N+](C)(C)C)CCCCCCC=CCC=CCC=CCC=CCC,410,FALSE,TRUE,TRUE,Normalized unit: Intensity; Annotation method: Msp20250218112233_NCDK_conventional_converted_dev_1,FALSE,FALSE,16529,0,0,0.99,0.56,0.51,0.47,4,2,2.21,2955.15,Y3_M,794.60779:12194901 795.61246:7144124 796.61712:0,78.76616:5251 81.06999:8812 83.08569:9277 84.24873:5757 85.10125:8704 86.09648:437052 92.23101:19786 95.08549:13269 97.10120:11482 98.98406:14687 99.78895:6054 102.50935:5329 104.10699:50119 105.00050:5407 106.11738:5957 112.57195:6183 124.99990:153717 134.81468:5930 135.11723:8404 136.23198:6018 146.98190:631718 151.87180:6494 167.97995:22998 184.07358:5052354 192.81853:6419 196.38701:6752 240.07860:7998 251.23622:10172 265.25311:9611 269.84094:6617 288.71454:6166 306.27768:7155 358.65762:6781 400.66382:7480 453.23648:10161 467.25259:11013 468.94873:6980 508.37817:8573 570.55170:6672 578.52277:28168 589.52057:181099 611.50159:411318 611.55066:13045 735.49457:112452 751.46185:9043 794.50409:106328 794.56989:47349,114601370,88789738,78020206,110619991,105117693,115453374,141558230,107698699,109567086,151012689,82263612,136395780,106425359,102325283,97571310,155665361,92612800,121779934,85491740,69501431,71097980,106766074,100365543,97489503,0,0,0,115161039,118187560,121284369,120112059,135298829,121415908,103226687,149129721,125175869,148262877,134041879,87167257,109688866,108152020,103915689,121152739,134562551,97162003,90887464,166495857,91178150,123772086,106240405,83741276,87176043,149866329,87566892,114888221,105510935.1,33746001.97,2.227519692
Pos,16542,Green,20.882,794.72498,TG 46:1|TG 14:0_16:0_16:1,TG 14:0_16:0_16:1,[M+NH4]+,null,0.62,TRUE,14.056,794.72321,C49H92O6,TG,JYICXCHHKWVGEI-UHFFFAOYSA-N,O=C(OCC(OC(=O)CCCCCCCCCCCCCCC)COC(=O)CCCCCCCCCCCCC)CCCCCCCC=CCCCCCC,410,FALSE,TRUE,TRUE,Normalized unit: Intensity; Annotation method: Msp20250218112233_NCDK_conventional_converted_dev_1,FALSE,FALSE,16542,0,0,1,0.21,0.39,0.9,5,2,2.3,53430.45,Y4_F,794.72406:133569 795.72873:100058 796.73340:39983,81.06976:3185 92.22769:17241 93.07027:3988 95.08544:4398 95.21191:3542 101.04305:3124 129.26122:3609 158.82970:3596 175.78735:3874 221.48912:3622 353.70792:4355 368.60818:3896 422.63678:3801 521.45673:6056 523.47577:7126 549.48785:7379 651.92346:4113 776.62891:4416,1425821,1443735,1691183,1155981,2138997,1232584,1467967,1809180,1545337,1336433,1537069,1537529,1040993,1481239,1420605,1272473,1649026,1394212,990555,1226613,1035929,1033234,1204084,1059200,590707,804472,942765,1767499,1611621,1633153,1558435,1380079,2084541,2460994,1171845,2213437,1533567,1466577,1762038,2214439,1298844,2486294,1687477,1688510,2167689,1953363,1697457,2168926,1522122,1522505,1561500,1910420,1268221,2336936,1508085,1547354.547,416181.6511,2.227190521
Pos,16543,Green,20.82,794.72595,TG 46:1|TG 15:0_15:0_16:1,TG 15:0_15:0_16:1,[M+NH4]+,null,0.38,TRUE,14.046,794.72321,C49H92O6,TG,ZYJIDQCQEPMGDZ-UHFFFAOYSA-N,O=C(OCC(OC(=O)CCCCCCCCCCCCCC)COC(=O)CCCCCCCCCCCCCC)CCCCCCCC=CCCCCCC,410,FALSE,TRUE,TRUE,Normalized unit: Intensity; Annotation method: Msp20250218112233_NCDK_conventional_converted_dev_1,FALSE,FALSE,16543,0,0,0.99,0.15,0.24,0.85,4,2,2.23,44670.81,Y3_N,794.72595:144586 795.73062:62192 796.73529:29536,83.54900:3462 87.79266:3463 115.71645:3116 119.33781:3484 138.62265:3181 153.25569:3403 184.35738:3188 202.86929:4516 203.17860:3734 207.65346:3309 234.56487:3344 246.01405:3407 253.01012:3615 256.07733:4068 280.59058:3391 392.11819:3893 432.76089:3793 513.92902:4000 521.45911:5855 523.47156:8077 535.47296:7557 672.38098:4537 737.52130:3959,1425821,1443735,1691183,1155981,2138997,1232584,1467967,1809180,1545337,1336433,1537069,1537529,1040993,1481239,1420605,1272473,1649026,1394212,990555,1226613,1035929,1033234,1204084,1059200,590707,804472,942765,1767499,464082,1633153,1558435,1380079,2084541,2460994,1171845,2213437,1533567,1466577,1762038,2214439,1298844,2486294,1687477,1688510,2167689,1953363,1697457,2168926,1522122,1522505,1561500,1910420,1268221,2336936,1508085,1526490.209,440929.0049,3.447741258
Pos,16634,Green,10.593,796.58624,PC 37:4|PC 17:0_20:4,PC 17:0_20:4,[M+H]+,null,0.95,TRUE,9.482,796.58508,C45H82NO8P,PC,HTEFXTFZCGTMAC-UHFFFAOYSA-N,O=C(OCC(OC(=O)CCCCCCC=CCC=CCC=CCC=CCC)COP(=O)([O-])OCC[N+](C)(C)C)CCCCCCCCCCCCCCCC,410,FALSE,TRUE,TRUE,Normalized unit: Intensity; Annotation method: Msp20250218112233_NCDK_conventional_converted_dev_1,FALSE,FALSE,16634,0,0,1,0.63,0.82,0.45,6,2,2.29,2473.6,QC_4,796.58612:16799370 797.59079:7808747 798.59546:1818190,75.50311:6187 84.82417:5559 86.09642:394544 86.54031:6979 88.97873:6763 91.71809:6105 92.22736:14551 95.02760:6206 98.98399:33003 104.10696:38898 104.62046:6798 124.99986:173984 130.30132:7377 130.30627:7121 137.46855:7862 142.04315:7202 146.98183:101520 147.36813:6369 147.98553:11605 184.07346:6015462 185.07724:72358 186.07768:35821 188.25682:7723 193.57883:6479 210.80728:7139 220.34319:6769 239.94489:6918 335.70111:7149 362.43365:7466 425.95233:7675 492.34305:8685 510.35464:10365 521.14911:6865 591.52570:8238 612.50452:8749 613.51062:49499 735.18658:7555 737.49713:13006 796.57947:33853,115439087,120858618,75678315,116747988,184755592,115976644,178798098,179052972,117691694,199521573,166431548,157895089,126452360,160850432,111521267,190410045,189065457,135721217,83446168,79414048,63048483,110594784,162713969,86596839,0,0,0,175489787,167915144,173043978,177158624,195558037,230415475,142057257,237682952,313353324,202676556,167995870,161833168,147810390,157105375,290910485,144905201,209689863,213322446,143725192,295980277,271276929,180375777,151771646,164586395,122851249,226868194,256593463,148295864,158180567.3,66632635.95,1.456216077
Pos,16635,Green,10.144,796.58655,PC 37:4|PC 18:1_19:3,PC 18:1_19:3,[M+H]+,null,0.93,TRUE,9.475,796.58508,C45H82NO8P,PC,MBSJLUCMBIWKEX-UHFFFAOYSA-N,O=C(OCC(OC(=O)CCCCCCCCCCCCCCC=CCC=CCC=CCC=CCC)COP(=O)([O-])OCC[N+](C)(C)C)CCCCCCCC,420,FALSE,TRUE,TRUE,Normalized unit: Intensity; Annotation method: Msp20250218112233_NCDK_conventional_converted_dev_1,FALSE,FALSE,16635,0,0,1,0.61,0.8,0.38,6,1,1.6,121212.1,Y3_N,796.58655:17671518 797.59122:10369836 798.59588:2681605,80.10397:7250 81.06985:10168 86.09647:360289 91.40224:6522 91.47438:6529 95.08545:16970 98.63002:8305 98.98403:12155 104.10707:27804 115.80478:7607 117.16869:8880 120.96622:71651 124.99991:180584 141.74097:7072 164.00832:56890 176.99167:8910 178.97682:8707 184.07353:6376548 348.53674:9289 398.22644:8427 411.30676:8524 415.52798:11631 430.04706:8892 487.22110:33550 545.45874:7778 652.40381:8731 655.50629:91098 673.51520:11004 677.72406:8707 753.48218:41533 796.58350:11099,33505949,34872159,22544225,42820103,89145023,37398742,79164085,77377494,43928030,93459394,63272216,60439579,40034534,51339343,36921523,78778075,78642656,50556013,21328397,19841857,14317103,28373054,56639191,24393703,0,0,0,73813996,74806130,77453368,72267869,67456039,96955281,67138030,113761732,217841322,81179380,63343260,69077896,72914784,62872394,188459120,60096334,85147916,83280518,58208578,160847125,187105716,75310176,45495508,55472193,49332832,111124400,125380051,58592307,67887758.19,44186322.6,1.84537727
Pos,16648,Green,21.604,796.74109,TG 46:0|TG 14:0_16:0_16:0,TG 14:0_16:0_16:0,[M+NH4]+,null,1,TRUE,14.399,796.73889,C49H94O6,TG,JWVXCFSNEOMSHH-UHFFFAOYSA-N,O=C(OCC(OC(=O)CCCCCCCCCCCCCCC)COC(=O)CCCCCCCCCCCCCCC)CCCCCCCCCCCCC,410,FALSE,TRUE,TRUE,Normalized unit: Intensity; Annotation method: Msp20250218112233_NCDK_conventional_converted_dev_1,FALSE,FALSE,16648,0,0,0.99,0.56,0.75,0.82,4,2,2.41,38438.95,O8_N,796.74139:336387 797.74606:158482 798.75073:45359,75.63011:2892 81.07000:5513 94.36539:3241 95.08543:5589 106.89217:3660 129.35605:3330 149.92108:3473 195.93866:3612 261.58871:3879 523.47357:43294 551.50299:20988 599.51550:4372,4492899,3750333,4329585,3129344,5272218,3890009,3856149,3680345,3838659,3782286,4534330,3876539,3852896,4511238,3919073,3544118,4728233,4358347,3768070,2923862,3968414,2953896,3777845,3400769,2901079,3151988,3273896,5148714,5015426,3788290,4440782,4382986,4532370,6209230,3395938,5249584,3862899,4093838,4743574,6192109,3623261,6427224,4689236,4232989,4888281,4796107,3957596,5751133,3803772,3448122,3663727,8752944,3005861,6236285,4187106,4290650.987,1056869.019,2.761255949
Pos,16725,Green,11.315,798.60205,PC 37:3|PC 16:0_21:3,PC 16:0_21:3,[M+H]+,null,0.56,TRUE,10.03,798.60071,C45H84NO8P,PC,DREOPYYXQVYDGS-UHFFFAOYSA-N,O=C(OCC(OC(=O)CCCCCCCC=CCC=CCC=CCCCCC)COP(=O)([O-])OCC[N+](C)(C)C)CCCCCCCCCCCCCCC,410,FALSE,TRUE,TRUE,Normalized unit: Intensity; Annotation method: Msp20250218112233_NCDK_conventional_converted_dev_1,FALSE,FALSE,16725,0,0,1,0.63,0.83,0.39,6,2,2.26,1413,Y3_N,798.60205:14858736 799.60672:5621955 800.61139:2244850,75.00853:5610 81.87341:5897 86.09643:393526 89.06395:5024 98.98407:23695 102.96539:6148 104.10698:43636 111.77513:5108 119.39835:5983 124.99986:163345 137.42430:5838 150.86432:6790 152.77953:4973 162.95584:91613 172.59995:6607 181.96362:5475 184.07346:6425743 207.99867:42850 247.78238:6236 268.43082:5637 273.90201:6783 277.54095:5570 296.83777:6607 314.47180:6096 436.40497:7433 445.86328:6427 470.58548:6514 478.33139:6802 542.36151:7655 577.51917:8529 686.84711:6441 739.46790:11522 798.60089:10616,38153644,24858548,32204657,35875690,72435129,39133081,69107095,45832087,57005306,71623076,66335275,60928991,41434905,34259427,47935102,65722270,70161458,53635979,26925538,15573648,25233602,34517745,58071946,26726460,635,0,0,64241907,67714525,68343179,69467003,74362135,51787643,70549492,86086062,189395999,83973537,72691192,36531378,85026473,51622707,155022309,63839449,82273703,52724792,74796189,112143222,157988601,76487473,49603663,35805773,67090626,78040793,118774050,57101980,61221402.72,35791141.02,1.677934897
Pos,16727,Green,11.978,798.60254,PC 37:3|PC 17:0_20:3,PC 17:0_20:3,[M+H]+,null,0.44,TRUE,9.686,798.60071,C45H84NO8P,PC,DZWJWFWVLSXOCQ-UHFFFAOYSA-N,O=C(OCC(OC(=O)CCCCCCCCCCCCCCCCC=CCC=CCC=CCCCCCCC)COP(=O)([O-])OCC[N+](C)(C)C)CCCC,420,FALSE,TRUE,TRUE,Normalized unit: Intensity; Annotation method: Msp20250218112233_NCDK_conventional_converted_dev_1,FALSE,FALSE,16727,0,0,0.99,0.61,0.81,0.41,6,1,1.62,833.65,Y6_N,798.60315:6164656 799.60782:3173320 800.61248:798133,86.09640:169493 87.18729:3282 98.98399:8212 104.10702:21066 106.21254:4603 107.08526:3926 112.80804:3959 120.96597:18574 122.60243:3602 124.99986:64172 145.99815:4053 146.98201:13650 153.01120:4051 162.95583:15792 164.00844:19842 170.66078:3631 176.23997:3579 182.92676:3650 184.07349:2638722 207.99817:6179 295.38266:3866 307.30087:4419 317.77728:4229 329.19351:3798 657.52429:29403 755.49554:19220 776.25415:4548 798.53137:8878 798.59827:12926,15906086,18939649,13595631,16133214,41450931,18651470,38233435,38546810,21792181,38383149,36788263,28019190,19678828,28691471,21144090,31625204,44662708,23237348,9382332,9407794,6305065,11754891,27608483,8277396,0,0,0,38670143,37463422,38370867,38130398,42226571,52571235,40983110,52404083,133716249,44362723,33953423,37832348,46045479,21017532,111123671,30156546,44613237,48621699,32600502,67890449,113755950,39827275,25031273,30866589,30402780,44801158,79281496,30639303,35555911.51,25941657.5,2.291508105
Pos,16807,Green,12.198,800.61877,PC 37:2|PC 18:1_19:1,PC 18:1_19:1,[M+H]+,null,0.95,TRUE,10.437,800.61639,C45H86NO8P,PC,GEUWKMFIZLQRRK-UHFFFAOYSA-N,O=C(OCC(OC(=O)CCCCCCCC=CCCCCCCCCC)COP(=O)([O-])OCC[N+](C)(C)C)CCCCCCCC=CCCCCCCCC,410,FALSE,TRUE,TRUE,Normalized unit: Intensity; Annotation method: Msp20250218112233_NCDK_conventional_converted_dev_1,FALSE,FALSE,16807,0,0,0.98,0.63,0.81,0.4,6,2,2.26,2494946,Y6_F,800.61920:7535484 801.62387:3849096 802.62854:1042158,86.09641:220757 89.46566:3507 92.23099:11593 93.74912:4181 98.18755:3383 98.98412:16208 104.10694:40701 104.56959:3198 113.33165:4389 119.64790:4209 124.99987:113296 133.65450:4319 140.74541:3631 155.90143:4823 169.52176:3783 170.63950:4046 172.48283:4095 184.07346:4124686 315.22937:3840 318.86804:3943 337.20816:3774 341.19095:4154 354.35681:4232 354.75540:3764 380.34042:4157 455.00037:3746 488.51297:4185 518.36200:4534 536.37476:5164 757.51855:7379 800.51569:46854 800.61401:8266,48142446,28531043,85921406,38989919,84213457,51799443,70945085,44237553,117739072,64850532,62439264,65643740,50998405,40317500,111954695,64992715,76227975,63164134,40974708,25932049,73273923,37908221,72511585,40690096,0,0,0,79427614,77092632,79028441,75273093,86963140,57470044,192123471,79792488,167895492,83768422,78053278,34900098,206231896,45649713,131983017,67040607,82635391,51327611,137997528,98448451,137816987,72036366,55299303,32884267,141249640,69591923,104779583,62741298,73670922.98,42384370.23,2.972709564
Pos,16982,Green,8.38,804.55548,PC 38:7|PC 16:1_22:6,PC 16:1_22:6,[M+H]+,null,0.95,TRUE,8.563,804.55377,C46H78NO8P,PC,DLRNZUPJXRVWRW-UHFFFAOYSA-N,O=C(OCC(OC(=O)CCC=CCC=CCC=CCC=CCC=CCC=CCC)COP(=O)([O-])OCC[N+](C)(C)C)CCCCCCCC=CCCCCCC,410,FALSE,TRUE,TRUE,Normalized unit: Intensity; Annotation method: Msp20250218112233_NCDK_conventional_converted_dev_1,FALSE,FALSE,16982,0,0,0.99,0.67,0.84,0.44,6,2,2.29,638.9,Y6_A,804.55585:11654384 805.56051:6274962 806.56518:1943025,77.23211:3455 86.09643:338126 98.98405:22891 99.11652:4336 104.10696:44729 124.99982:157363 143.01053:4087 151.52444:3687 166.33017:4202 172.44830:4292 175.69885:4472 184.07346:5580302 198.08862:4498 234.88329:4722 330.85361:4664 414.26990:4748 426.40002:4423 476.31137:7117 494.32434:5333 550.32928:14679 804.55292:19459,80563197,99689256,56060099,66361203,146376570,86859584,140465915,171264107,74606220,125212112,129782477,128475794,91720390,160199303,74525485,119677367,178291505,114133607,47846172,70239792,34700957,47631252,105364294,54037506,1318409,544278,1785534,130695114,134869425,128917164,120389089,125093713,210665462,90654180,118357197,209399224,131907062,122931607,162365557,105529172,96201800,225612922,125743852,160159388,228053899,75984209,206389487,238268519,151738197,101699070,160360177,89947076,145051567,220663783,129614018,119181714.8,56736622.02,2.125401762
Pos,17078,Green,9.419,806.57117,PC 38:6|PC 16:0_22:6,PC 16:0_22:6,[M+H]+,null,0.95,TRUE,9.175,806.5694,C46H80NO8P,PC,IESVDEZGAHUQJU-UHFFFAOYSA-N,O=C(OCC(OC(=O)CCC=CCC=CCC=CCC=CCC=CCC=CCC)COP(=O)([O-])OCC[N+](C)(C)C)CCCCCCCCCCCCCCC,410,FALSE,TRUE,TRUE,Normalized unit: Intensity; Annotation method: Msp20250218112233_NCDK_conventional_converted_dev_1,FALSE,FALSE,17078,0,0,1,0.67,0.84,0.43,6,2,2.29,7217.52,Y6_M,806.57092:59142876 807.57559:30218468 808.58026:8962414,77.42820:3457 86.09638:477948 98.98404:35563 104.10691:51238 124.99983:212391 128.11812:4331 153.22969:4342 159.10249:3908 168.62907:4542 184.07336:8136441 208.76329:4302 265.17160:3893 322.54132:4566 347.14679:3992 431.90717:5185 456.55447:4348 478.32864:7565 496.33923:17005 550.32910:8113 605.96484:5366 623.50055:6092 629.75287:4864 639.53564:5044 655.35046:5365 688.35126:4708 806.56738:24220,311945713,256076548,183241036,277915520,441273448,312744807,421838477,381475889,228958330,437690128,371782078,412051624,369190304,413650342,256039454,500037493,539224334,409633270,199818840,182860866,131550725,238885998,368845202,222914944,0,0,0,442102754,443511577,448309180,421639669,479190742,571678351,311196254,541302204,703805462,553513834,474947010,441682643,302151866,408390563,729071485,492441227,557071423,564488008,265951526,767917305,621259826,561264072,389844349,407824798,293331961,545665370,667445956,504793801,396026156.1,171874971,2.194479483
Pos,17150,Green,9.822,808.58612,PC 38:5|PC 18:1_20:4,PC 18:1_20:4,[M+H]+,null,0.95,TRUE,9.185,808.58508,C46H82NO8P,PC,SWOKEJBWARJLGN-UHFFFAOYSA-N,O=C(OCC(OC(=O)CCCCCCC=CCC=CCC=CCC=CCC)COP(=O)([O-])OCC[N+](C)(C)C)CCCCCCCC=CCCCCCCCC,410,FALSE,TRUE,TRUE,Normalized unit: Intensity; Annotation method: Msp20250218112233_NCDK_conventional_converted_dev_1,FALSE,FALSE,17150,0,0,1,0.66,0.84,0.43,6,2,2.29,14221750,O3_E,808.58575:67215704 809.59042:32156290 810.59509:10429169,80.06492:13036 81.35213:13940 86.09641:1108208 86.54227:16987 96.97964:13084 98.98404:92651 102.05485:153196 102.13431:12912 104.10686:162033 124.99979:490564 131.36578:13714 146.28362:14144 149.93568:14329 173.38466:16746 184.07336:18826096 218.44710:16417 252.13286:13427 522.35468:24953 526.33301:22247 566.86200:17010 718.85449:15708 808.58368:77219,792486983,627625138,589410473,925687666,1006176051,874505509,958642341,814422151,716674115,1196550798,801184128,937189616,803538780,754047923,758137557,1320712833,936951417,911469021,695296770,609894255,570121317,1009702046,1003787456,836300496,0,0,0,853843312,863102130,887156527,888628354,849491755,805163951,692110317,1141440917,983390190,926170447,867728048,622625915,733520856,1048836557,958620960,809850411,821472514,692965613,584974457,1236640273,859428614,741290713,724852119,590815919,616034131,1136508290,824073236,771747047,799690880.2,256154216.4,1.286197366
Pos,17151,Green,10.367,808.58673,PC 38:5|PC 16:0_22:5,PC 16:0_22:5,[M+H]+,null,0.67,TRUE,9.639,808.58508,C46H82NO8P,PC,CANZVNSRAPPYKG-UHFFFAOYSA-N,O=C(OCC(OC(=O)CCCCCCCCCCCCCCCC=CCC=CCC=CCC=CCC=CCC)COP(=O)([O-])OCC[N+](C)(C)C)CCCCC,420,FALSE,TRUE,TRUE,Normalized unit: Intensity; Annotation method: Msp20250218112233_NCDK_conventional_converted_dev_1,FALSE,FALSE,17151,0,0,0.99,0.6,0.84,0.42,6,1,1.63,779435.4,O3_A,808.58704:2748512 809.59170:1360225 810.59637:3816225,76.04990:3057 76.22017:3588 79.03870:2941 80.50572:3170 86.09641:57707 92.22720:7438 104.10735:4984 112.85680:3478 124.99973:23222 142.75111:4057 146.98170:5315 149.11278:3693 184.07344:867230 191.44630:3587 194.87172:4164 227.37645:3843 306.26404:3698 387.17221:4136 401.73965:4009 404.19550:4166 450.02859:4010 541.58209:3738 625.50641:5486 698.37744:3767 783.62897:4085 801.17688:4420 808.58051:5653,31808019,22437544,19891517,32607456,48074986,33469372,43656684,33495869,28043664,50950207,38911055,41909248,33936504,34534592,28037350,55971107,55197819,43886699,24336073,19643089,15935749,31958671,42679178,28909678,0,0,0,47238311,45102429,48080956,45731218,47106657,46480384,30570069,64393527,94270983,57282219,51683011,40477273,38158360,54078779,117331729,58247439,52398524,46264391,26185287,83900198,91655932,54781528,40316121,36020241,30046281,65610177,80850346,51558085,43383683.3,22027044.31,2.04060159
Pos,17163,Green,21.201,808.74103,TG 47:1|TG 15:0_16:0_16:1,TG 15:0_16:0_16:1,[M+NH4]+,null,1,TRUE,14.265,808.73889,C50H94O6,TG,RCYIETYFTUBXFK-UHFFFAOYSA-N,O=C(OCC(OC(=O)CCCCCCCCCCCCCCC)COC(=O)CCCCCCCCCCCCCC)CCCCCCCC=CCCCCCC,410,FALSE,TRUE,TRUE,Normalized unit: Intensity; Annotation method: Msp20250218112233_NCDK_conventional_converted_dev_1,FALSE,FALSE,17163,0,0,1,0.45,0.59,0.9,5,2,2.39,147772.7,Y3_E,808.74011:369998 809.74478:208273 810.74945:81083,77.88791:3206 88.57684:2985 123.11629:4664 161.88554:4042 170.84566:3927 190.16034:3256 219.66063:3612 219.68640:3621 292.10367:3900 330.42410:3506 361.25961:4111 379.84827:4466 465.57211:3982 523.46967:5504 535.47113:17624 537.48840:17406 549.48700:21279 629.37830:3974 651.20087:3851,1694838,1891410,2065119,1219044,2902968,1561251,2387469,3027133,2264917,1855882,2578024,1887323,1497592,2250672,2017137,1637586,2761245,1519068,1032854,1258923,1159937,1013833,1586088,1104745,449546,375941,495029,2662798,2594478,2442537,2386006,2160469,4063751,4897179,1469036,5638751,2304026,2300707,3388259,5009991,1526691,5218632,2006503,2850420,4451553,3929449,2659561,5365740,2462863,1816304,2557722,3941956,1857464,4758309,2087230,2441890.2,1280970.581,2.646095083
Pos,17238,Green,10.887,810.60303,PC 38:4|PC 18:1_20:3b,PC 18:1_20:3,[M+H]+,null,0.87,TRUE,9.564,810.60071,C46H84NO8P,PC,TWXNOZDNXVHOLP-UHFFFAOYSA-N,O=C(OCC(OC(=O)CCCCCCCC=CCC=CCCCCCC)COP(=O)([O-])OCC[N+](C)(C)C)CCCCCCCC=CCC=CCCCCCC,420,FALSE,TRUE,TRUE,Normalized unit: Intensity; Annotation method: Msp20250218112233_NCDK_conventional_converted_dev_1,FALSE,FALSE,17238,0,0,0.99,0.67,0.83,0.47,4,1,1.66,939.09,Y5_P,810.60297:7642346 811.60763:3564300 812.61230:1095306,78.93410:3322 86.09643:147340 91.45821:3612 98.98396:5605 104.10692:24419 124.99976:73683 134.06181:3505 136.38585:3507 136.84383:3859 146.98184:35199 162.95546:4547 184.07344:2559636 189.08125:3666 198.59532:4195 200.83606:3951 216.03108:3359 219.16185:3942 223.91844:3480 282.97632:4229 358.88843:4080 459.22412:4376 536.50732:3657 537.48730:7352 559.46869:19379 574.15051:4105 683.46216:15913 742.53247:9037 810.59943:16097,55799980,33646543,58891080,61707091,109360533,62771933,93803764,61132500,87467527,116121926,84305766,84351747,61730406,54593829,78972457,112558357,108582702,76785230,43690031,25749136,43430875,55649572,84028678,46081436,0,0,0,91281379,92565077,92887135,90686237,89222708,69532395,110814471,126144371,211141541,92963331,85367324,55142697,137233433,77539818,202707415,88302503,98632921,65958307,90273070,185662521,180673231,90276145,60203856,43418539,88732605,123350395,128229710,74395660,84446398.05,43740496.96,2.862074967
Pos,17246,Green,21.918,810.75708,TG 47:0|TG 15:0_16:0_16:0,TG 15:0_16:0_16:0,[M+NH4]+,null,1,TRUE,14.502,810.75452,C50H96O6,TG,BLIGKERFCBUUQF-UHFFFAOYSA-N,O=C(OCC(OC(=O)CCCCCCCCCCCCCCC)COC(=O)CCCCCCCCCCCCCCC)CCCCCCCCCCCCCC,410,FALSE,TRUE,TRUE,Normalized unit: Intensity; Annotation method: Msp20250218112233_NCDK_conventional_converted_dev_1,FALSE,FALSE,17246,0,0,0.99,0.56,0.77,0.82,4,2,2.42,24432.64,Y4_P,810.75665:343763 811.76132:190395 812.76599:44690,75.72972:3205 111.91643:3188 135.23701:3414 136.56487:3802 170.96069:3676 212.78497:3500 223.27950:3533 227.24028:3876 537.48981:30373 551.50275:15717,4460550,3895529,4148609,3813059,5063588,3835513,4172928,4478556,4376288,4214685,4680518,4318071,3772586,4359173,4422268,3670496,5222114,4096141,3690520,3716343,3584739,3350617,4123127,3638043,2713350,2712042,2922791,5249839,4610438,4795522,4264414,4655723,4952150,6897446,3859358,7111460,4338052,4637956,4528845,6890509,3458473,7563415,4556073,4799411,5505599,5880237,4870312,7296486,4338552,3758957,3906663,7676119,3830494,7041605,4447487,4603160.7,1182976.169,3.157552547
Pos,17319,Green,12.896,812.61969,PC 38:3|PC 18:0_20:3b,PC 18:0_20:3,[M+H]+,null,0.93,TRUE,10.314,812.61639,C46H86NO8P,PC,RSFPKBHSGZGCAF-UHFFFAOYSA-N,O=C(OCC(OC(=O)CCCCCCCCCCCCCCCCC=CCC=CCC=CCCCCCCC)COP(=O)([O-])OCC[N+](C)(C)C)CCCCC,420,FALSE,TRUE,TRUE,Normalized unit: Intensity; Annotation method: Msp20250218112233_NCDK_conventional_converted_dev_1,FALSE,FALSE,17319,0,0,0.98,0.6,0.84,0.43,6,1,1.63,149038.9,Y4_P,812.61945:1435786 813.62411:751765 814.62878:317905,80.05979:3689 80.98841:3603 81.59443:3468 86.09653:32224 92.22729:7015 98.24776:4009 115.10029:3626 124.99981:14793 163.03918:3485 184.07353:670310 190.56348:3183 195.10815:3501 200.13689:3476 200.95169:4230 222.61447:3514 240.96706:4952 243.14760:3890 244.86339:3911 294.62848:4158 303.20581:4436 452.50714:3844 632.08167:3865 638.43774:3891 649.55084:5003 650.93481:4465 812.61456:4804,12495787,10616135,12123305,14484975,26139484,13641899,22534868,17872253,16756417,26128150,20940597,19232304,15757173,15556982,17067866,23850178,27123040,17961174,7693235,6533618,6533528,10607346,19718643,7769103,0,0,0,22622001,21955517,23186752,20827738,24451368,22047017,25976201,31081812,55839828,23871335,23561777,18262241,29967207,18396914,51013337,21047598,23787627,19427262,18694439,38847302,46218133,20912234,15411716,13710351,18971211,30994753,33007292,17575202,20378258.66,10918229.27,4.060956733
Pos,17560,Green,8.79,818.57135,PC 39:7|PC 17:1_22:6,PC 17:1_22:6,[M+H]+,null,0.95,TRUE,8.733,818.5694,C47H80NO8P,PC,MOMHDJKNXVDZCL-UHFFFAOYSA-N,O=C(OCC(OC(=O)CCCCCCCCC=CCC=CCC=CCC=CCC=CCC=CCC)COP(=O)([O-])OCC[N+](C)(C)C)CCCCCC=CCCC,420,FALSE,TRUE,TRUE,Normalized unit: Intensity; Annotation method: Msp20250218112233_NCDK_conventional_converted_dev_1,FALSE,FALSE,17560,0,0,1,0.61,0.83,0.38,6,1,1.61,642021,Y5_E,818.57080:7531528 819.57547:4137431 820.58014:1248771,77.95734:3682 78.10905:3545 86.09643:126989 98.98425:6953 102.34171:3496 104.10690:22491 124.99982:64665 127.88985:3843 160.04300:3582 171.37151:4013 184.07343:1933628 187.59212:4088 262.38995:4675 284.22354:3794 288.02609:5105 315.83865:4117 338.13889:4105 350.62341:3802 361.42047:3894 381.05545:3945 392.70508:4144 396.51901:4918 400.13297:3882 647.90686:4428 748.47101:4178 818.56757:4808,23633794,29649467,16232592,20729908,38385473,26915354,37161376,48076455,21710262,33969857,30884723,34940170,24448061,41296903,21329506,35072491,35978856,31078288,15075395,20796984,10621325,16601086,28824049,15847680,0,0,0,36115536,38748766,38272323,35819674,41827395,70306334,27786569,41640799,63514538,47029755,31569497,48948619,23700173,26977360,49989002,33543365,44177463,65880498,24725263,58526266,53393416,45046251,31634275,49138667,24704452,41938042,53501976,38251199,33563045.94,15435803.17,2.382204857
Pos,17568,Green,10.151,818.60736,PC O-40:7|PC O-18:1_22:6,PC O-18:1_22:6,[M+H]+,null,0.95,TRUE,9.522,818.60577,C48H84NO7P,EtherPC,MWJZGUPJPKCTCF-UHFFFAOYSA-N,O=C(OC(COCCCCCCCCC=CCCCCCCCC)COP(=O)([O-])OCC[N+](C)(C)C)CCC=CCC=CCC=CCC=CCC=CCC=CCC,410,FALSE,TRUE,TRUE,Normalized unit: Intensity; Annotation method: Msp20250218112233_NCDK_conventional_converted_dev_1,FALSE,FALSE,17568,0,0,1,0.69,0.68,0.52,4,2,2.3,1011067,O7_M,818.60657:9612988 819.61124:5386858 820.61590:838453,80.66944:4151 83.08557:5152 85.03100:3530 86.09642:275341 93.06966:4617 94.52868:4132 95.08531:4890 96.14465:3600 98.98407:9720 104.10696:61256 111.23146:4254 124.99986:100140 146.98180:66763 156.11327:20928 156.13838:3832 156.14973:6100 167.97974:23327 184.07343:4248898 185.98952:4742 208.59744:3793 214.08357:3959 222.01309:4534 275.08521:4480 304.72198:3712 472.12839:4774 477.24133:4258 508.37653:9178 613.52020:19328 635.50134:124370 676.43982:5467 759.49243:16891 775.46204:8225 788.54126:4507 818.50702:125124 818.58344:7876,73738477,48499645,59671298,60718774,78957729,78137342,91489375,71276080,73212348,90196079,57523264,91355514,71296959,72722535,73513098,107954072,70771959,90684469,50231914,38754692,48478956,57283155,66200734,61354236,0,0,0,82344050,82607186,82823780,87718758,101607646,96733363,85029829,102340529,100776560,117875096,92993992,60445569,79967962,69731456,86364889,96098074,97528107,75492629,66472235,128025724,83894019,100362333,73235980,56655891,70765290,104533937,71791798,88449448,75030706.06,25559976.54,1.942326891
Pos,17667,Green,20.789,820.74078,TG 48:2|TG 16:0_16:1_16:1,TG 16:0_16:1_16:1,[M+NH4]+,null,0.65,TRUE,14.102,820.73889,C51H94O6,TG,RUOVJPPUXXFZPC-UHFFFAOYSA-N,O=C(OCC(OC(=O)CCCCCCCC=CCCCCCC)COC(=O)CCCCCCCCCCCCCCC)CCCCCCCC=CCCCCCC,410,FALSE,TRUE,TRUE,Normalized unit: Intensity; Annotation method: Msp20250218112233_NCDK_conventional_converted_dev_1,FALSE,FALSE,17667,0,0,0.98,0.38,0.61,0.75,4,2,2.31,107770.3,Y3_N,820.74188:261050 821.74655:152121 822.75122:33085,77.10258:3216 78.60850:3427 121.10109:6053 154.97682:3992 185.14716:3861 283.72168:3819 293.19391:3724 547.47174:4295 549.48694:19794,3709618,4090742,4035448,2829874,4534968,3153691,2992735,5269800,3172972,2573416,2781176,3293713,2484034,4370406,2792879,2490537,4033299,2679562,1759893,3069040,1744167,1433059,2436798,2342014,540892,178486,198216,4314761,3510556,3795964,3776597,2975351,6471295,5350426,2092638,4404580,3063391,3329072,5335560,5243357,2146871,5533043,2987820,3320353,6181194,4422412,3475758,5354102,3688900,3018731,3831033,4298987,2498934,4237843,2587935,3386161.846,1350117.903,2.302803027
Pos,17746,Green,21.52,822.75708,TG 48:1|TG 14:0_16:0_18:1,TG 14:0_16:0_18:1,[M+NH4]+,null,1,TRUE,14.3,822.75452,C51H96O6,TG,GPXZOHHIWJNYTJ-UHFFFAOYSA-N,O=C(OCC(OC(=O)CCCCCCCCCCCCCCC)COC(=O)CCCCCCCCCCCCC)CCCCCCCC=CCCCCCCCC,410,FALSE,TRUE,TRUE,Normalized unit: Intensity; Annotation method: Msp20250218112233_NCDK_conventional_converted_dev_1,FALSE,FALSE,17746,0,0,0.99,0.42,0.63,0.89,5,2,2.39,319462.4,Y5_F,822.75702:1543670 823.76169:906837 824.76635:346595,76.12602:3366 79.65150:3196 81.07001:7347 83.08556:8385 85.10115:4334 95.08562:28268 97.10105:4984 103.79268:4104 109.10096:14842 111.11695:5588 111.39532:4008 131.26167:3430 132.98543:3298 134.05740:3779 153.33824:3631 186.61115:3572 211.20557:5516 264.51288:4186 265.25211:7708 310.54227:5166 401.81134:3672 449.87897:3710 523.47253:52283 537.48560:5876 549.48871:54234 563.50372:27140 577.52002:31735,8398498,8076594,10279971,6397339,14048782,8691367,9821229,10628631,11433996,6953459,9728551,8431965,6394169,8739446,10517695,6757947,11611029,7602980,4336327,6021180,5669049,4234138,7733452,4934167,1200819,1527928,1495658,10007378,10752228,10807974,10473105,9457861,13667627,18278908,6629818,20149524,9261002,10975023,11531946,22261747,6022978,19648049,9010920,11361612,13775830,15812827,11157869,17980173,9573618,7337827,9076233,15508705,6913211,16705230,8614640,9898549.635,4531939.479,3.111499163
Pos,17828,Green,22.227,824.77283,TG 48:0|TG 16:0_16:0_16:0,TG 16:0_16:0_16:0,[M+NH4]+,null,1,TRUE,14.64,824.7702,C51H98O6,TG,PVNIQBQSYATKKL-UHFFFAOYSA-N,O=C(OCC(OC(=O)CCCCCCCCCCCCCCC)COC(=O)CCCCCCCCCCCCCCC)CCCCCCCCCCCCCCC,410,FALSE,TRUE,TRUE,Normalized unit: Intensity; Annotation method: Msp20250218112233_NCDK_conventional_converted_dev_1,FALSE,FALSE,17828,0,0,0.99,0.47,0.69,0.72,3,2,2.34,280.55,O5_A,824.77277:812544 825.77743:467709 826.78210:138851,81.06992:6466 83.08549:7298 85.10105:5118 88.55827:2942 89.84811:3182 90.28555:3647 95.08550:14699 95.14230:3075 97.70274:3957 98.04023:4911 109.10125:8386 123.11682:4726 141.49138:4547 146.12613:3481 208.43599:4614 239.23711:6663 395.26175:3666 540.43005:3926 551.50458:114871 769.74591:4252,11866331,10142893,11419640,9317560,13396566,10200445,11638975,11056197,10371912,10155162,10637304,10313517,9733322,10330532,11814869,10145269,12150787,9861943,9502337,9118302,10023315,9505759,11233005,10030455,7829032,8530786,8400714,12719799,12358239,11093097,11294382,11645107,11177712,14763795,9457563,15288575,10955866,11203777,12469078,16167906,10069462,14801075,10620997,12120553,11852041,13091662,11899691,13978555,11191609,10695820,9980351,18232403,10808709,13582187,10583050,11324181.67,1958830.02,3.188767004
Pos,18023,Green,8.433,830.57123,PC 40:8|PC 18:2_22:6,PC 18:2_22:6,[M+H]+,null,0.95,TRUE,8.814,830.5694,C48H80NO8P,PC,BFCSBEFTXQRIOJ-UHFFFAOYSA-N,O=C(OCC(OC(=O)CCCCCCC=CCC=CCC=CCC=CCC)COP(=O)([O-])OCC[N+](C)(C)C)CCCCCCC=CCC=CCC=CCC=CCC,420,FALSE,TRUE,TRUE,Normalized unit: Intensity; Annotation method: Msp20250218112233_NCDK_conventional_converted_dev_1,FALSE,FALSE,18023,0,0,0.99,0.64,0.82,0.43,4,1,1.63,5245866,Y5_P,830.57141:8764925 831.57608:4724232 832.58075:1402626,83.08678:3438 83.57558:3512 86.09643:154164 92.23125:9464 94.25646:3304 94.25953:3290 96.08465:3400 96.23174:3471 98.08675:3792 99.69292:3248 103.26476:3475 104.10697:17753 104.67278:3468 110.78387:3969 117.60133:4091 117.71915:4177 120.96584:14915 124.03702:7233 124.99986:63677 127.21664:3939 136.51230:3744 141.55992:4167 142.39384:3307 153.43579:3552 166.40990:3911 184.07349:2233137 184.89088:3942 222.01378:49269 224.80533:4283 231.09688:3406 255.67940:3920 257.20251:3574 273.49149:4463 277.92697:4058 579.34161:3970 625.76776:4082 631.46918:6013 830.56720:7159,37810299,33759785,68179214,41184463,60978617,36579693,61892530,52744929,79274538,73688977,57268126,50937862,38768620,49627564,75912528,67400824,67061377,42341092,19863440,22648493,39970587,29109860,44001013,22633347,0,0,0,68738152,66966483,62879948,57525968,45876637,59455088,101514076,64214063,68619633,50009936,68678898,46207058,130881906,63944577,82301529,44177302,58049281,66350756,80333217,103542571,78008777,56756007,43149640,49867446,114341517,77112693,80510246,51705794,56642854.08,25602227.3,2.203307755
Pos,18121,Green,9.36,832.58667,PC 40:7|PC 18:1_22:6,PC 18:1_22:6,[M+H]+,null,0.96,TRUE,9.103,832.58508,C48H82NO8P,PC,FPEVDFOXMCHLKL-UHFFFAOYSA-N,O=C(OCC(OC(=O)CCC=CCC=CCC=CCC=CCC=CCC=CCC)COP(=O)([O-])OCC[N+](C)(C)C)CCCCCCCC=CCCCCCCCC,410,FALSE,TRUE,TRUE,Normalized unit: Intensity; Annotation method: Msp20250218112233_NCDK_conventional_converted_dev_1,FALSE,FALSE,18121,0,0,1,0.66,0.83,0.44,6,2,2.29,215723.7,Y6_P,832.58624:21471974 833.59091:11208113 834.59558:3310690,78.85329:6760 81.05665:6774 84.87397:8071 86.09637:657923 91.05407:9712 95.71214:8176 98.65699:7687 98.98400:40340 102.05482:41929 104.10680:74332 122.38702:6559 123.61972:6740 124.12849:7188 124.99976:277690 127.81068:8512 157.19200:7271 160.24182:7814 177.22629:6989 182.15894:7637 182.83083:8484 184.07335:9038619 284.65298:7756 322.09232:7806 504.34323:10108 522.35394:28822 550.33038:9959 774.75745:8013 832.58295:36235,154739273,120436173,104157940,151269465,219047339,155540452,197094183,167686775,150533008,239364931,164681770,206896140,171460838,181218337,146894926,271289362,239469826,206104088,97500324,87532405,82832412,131391518,186149246,118194156,52210,9272,0,212445162,206700473,209661077,196269850,208567826,245473643,163554252,278474817,312143844,271042390,203321846,175056402,151389632,187242562,283440867,214572679,226376368,222018351,146194783,345185993,245502542,237764915,167899220,158557948,153960686,254452010,266330332,227242263,184043438.2,71135138.97,1.909714741
Pos,18222,Green,9.831,834.60211,PC 40:6|PC 18:1_22:5a,PC 18:1_22:5,[M+H]+,null,0.95,TRUE,9.287,834.60071,C48H84NO8P,PC,SUSAZHLUBGMSDJ-UHFFFAOYSA-N,O=C(OCC(OC(=O)CCCCCCCCCC=CCC=CCC=CCC)COP(=O)([O-])OCC[N+](C)(C)C)CCCCCCCCCC=CCC=CCC=CCC,420,FALSE,TRUE,TRUE,Normalized unit: Intensity; Annotation method: Msp20250218112233_NCDK_conventional_converted_dev_1,FALSE,FALSE,18222,0,0,1,0.66,0.84,0.43,4,1,1.65,1389639,O8_N,834.60205:4084140 835.60672:2640522 836.61139:0,79.99455:3796 83.84370:3855 84.69254:3434 85.08868:3222 86.09644:97656 91.64015:3631 94.39519:4186 98.98403:4844 99.86789:3626 104.10688:16452 108.30190:4378 120.67326:3591 124.99997:40036 144.25742:3745 172.95190:3836 174.23869:3572 184.07350:1656364 365.61624:4016 469.73856:4132 476.49478:3785 522.35321:4040 528.80444:5261 536.26917:4266 693.78217:4719 745.13037:4563 834.59589:5549,57439923,35641699,64384746,71236824,63417314,66365835,72490807,50780033,81028425,88902734,50231970,72544708,51788923,44831461,73201196,94436514,56246249,65914737,52402209,39479223,57864531,77316521,63694211,71112140,0,0,0,58893326,57749990,61274081,57057934,47287604,42263887,63214336,71757378,56786634,58725784,48600334,25802376,55636313,59933782,45386912,48260575,47122688,35293688,47915277,74388057,45485576,46860520,41075718,30356353,49666988,69806134,43073475,46329071,53795594.93,19065066.24,1.677448849
Pos,18223,Green,10.891,834.60217,PC 40:6|PC 18:0_22:6,PC 18:0_22:6,[M+H]+,null,0.36,TRUE,9.287,834.60071,C48H84NO8P,PC,SUSAZHLUBGMSDJ-UHFFFAOYSA-N,O=C(OCC(OC(=O)CCCCCCCCCC=CCC=CCC=CCC)COP(=O)([O-])OCC[N+](C)(C)C)CCCCCCCCCC=CCC=CCC=CCC,420,FALSE,TRUE,TRUE,Normalized unit: Intensity; Annotation method: Msp20250218112233_NCDK_conventional_converted_dev_1,FALSE,FALSE,18223,0,0,0.99,0.61,0.8,0.33,4,1,1.58,734054.3,Y6_E,834.60248:1254330 835.60715:676990 836.61181:265325,84.23409:3264 86.09633:18747 87.88293:4266 92.23108:10850 101.16514:3806 104.10667:4666 124.99969:4366 184.07336:444377 219.05530:3673 219.65253:4221 294.11807:4489 389.44196:4072 454.22791:3976 633.79346:5606,13431922,11225857,10516911,12983128,18674474,14691966,19670866,16208043,12479317,21493268,14908510,19174717,15887820,18075121,15211145,23615936,20660912,19620469,10771418,9592870,8645478,12794392,17871223,12255898,0,0,0,19174775,19809021,20914541,19081936,22360559,24972316,19061951,26667965,34062137,25185133,21114059,18528325,19633444,17493127,30450681,22584310,23407570,21405433,14482349,37637581,27730303,24018135,16611656,15553390,15010908,26467810,24733776,20666776,18168756.85,7304142.478,1.749339513
Pos,18225,Green,10.258,834.60254,PC 40:6|PC 18:1_22:5b,PC 18:1_22:5,[M+H]+,null,0.62,TRUE,9.287,834.60071,C48H84NO8P,PC,SUSAZHLUBGMSDJ-UHFFFAOYSA-N,O=C(OCC(OC(=O)CCCCCCCCCC=CCC=CCC=CCC)COP(=O)([O-])OCC[N+](C)(C)C)CCCCCCCCCC=CCC=CCC=CCC,420,FALSE,TRUE,TRUE,Normalized unit: Intensity; Annotation method: Msp20250218112233_NCDK_conventional_converted_dev_1,FALSE,FALSE,18225,0,0,1,0.61,0.84,0.33,4,1,1.59,613036.3,Y6_P,834.60205:2276712 835.60672:876224 836.61139:352338,77.82143:2992 82.67905:3490 83.13552:3657 85.69462:3275 86.09640:34306 88.08811:3350 93.90496:3142 96.43551:3218 97.67490:3196 98.74041:3516 104.10708:6197 123.12440:3667 125.00001:14433 184.07344:584850 577.70532:4055 637.10242:3897 686.43628:5648,15251032,10313227,8095295,15292859,23583600,15379554,19542731,14999528,10791186,25081625,16448275,19985213,15759750,14177898,12603405,25708996,24296503,20139338,11344659,9095248,7006527,14945369,20319540,14349483,0,0,0,22155526,19276081,21774005,21377536,20520089,21210885,13463203,27902614,41926268,26531535,25856565,18159040,19192602,27586921,48871069,26772974,25699621,19463826,12265872,41242824,42139693,25418970,20756725,15020028,12190842,30617968,33066228,23830415,19796377.52,9909095.259,2.192665281
Pos,18237,Green,21.121,834.75586,TG 49:2|TG 15:0_16:1_18:1,TG 15:0_16:1_18:1,[M+NH4]+,null,0.95,TRUE,14.121,834.75452,C52H96O6,TG,ZSHVDBVWHRXKEV-UHFFFAOYSA-N,O=C(OCC(OC(=O)CCCCCCCC=CCCCCCC)COC(=O)CCCCCCCCCCCCCC)CCCCCCCC=CCCCCCCCC,410,FALSE,TRUE,TRUE,Normalized unit: Intensity; Annotation method: Msp20250218112233_NCDK_conventional_converted_dev_1,FALSE,FALSE,18237,0,0,0.99,0.38,0.57,0.9,5,2,2.37,124256.3,Y4_F,834.75726:626869 835.76193:413889 836.76660:133682,80.46247:3518 83.08546:7538 85.02933:3442 85.10130:4362 88.41257:3319 92.23124:9272 95.08559:12769 96.48083:3509 137.16348:3438 146.01128:3420 172.84763:4465 190.71988:4021 535.47296:24801 549.48682:12740 563.50391:18665 575.50348:17045 714.82031:3994 758.68524:4387 763.36963:4875,2471472,2877261,3041764,1720382,4185300,2203681,3528352,4977174,4299900,3004687,3435649,2733740,2138949,3653527,3201953,2330283,3789495,2540496,1372117,2006158,1692095,1190527,2597477,1526235,77319,354395,42702,3852867,3861276,3791567,3696538,3399762,6530704,7009891,2469222,7221265,3526551,3577031,5098649,6940929,1995928,7041121,2964142,4288348,6677026,5810106,3991255,6966090,3732547,2744755,4005632,5910104,2294580,6332477,3248880,3563133.345,1821751.582,1.605262347
Pos,18308,Green,21.817,836.77228,TG 49:1|TG 15:0_16:0_18:1,TG 15:0_16:0_18:1,[M+NH4]+,null,0.95,TRUE,14.51,836.7702,C52H98O6,TG,IVRUJYRTYXTTIH-UHFFFAOYSA-N,O=C(OCC(OC(=O)CCCCCCCCCCCCCCC)COC(=O)CCCCCCCCCCCCCC)CCCCCCCC=CCCCCCCCC,410,FALSE,TRUE,TRUE,Normalized unit: Intensity; Annotation method: Msp20250218112233_NCDK_conventional_converted_dev_1,FALSE,FALSE,18308,0,0,1,0.59,0.83,0.89,5,2,2.47,488.87,O8_F,836.77173:424692 837.77640:240111 838.78106:90929,78.53389:3065 86.34851:3532 91.51582:3391 95.08551:7085 103.12862:3163 109.10102:4138 110.94386:3971 129.10178:3485 131.03671:3509 427.23773:4095 537.48633:24593 563.50635:27520 577.51807:15212,5816448,5340294,7748991,3654869,10406357,6583410,8381529,8856580,9775436,6267551,8708771,7214840,4750314,6105152,7752515,5390876,9718539,5855837,3138385,3611925,4081492,2772538,6765940,3114236,617525,605379,640562,9135523,9532037,9584908,8891499,8363668,10401945,17223946,5900280,19267575,8869602,9001049,7791611,18757964,4729025,17828250,6894206,11522380,10087930,15393504,9749221,17833314,9036747,6022755,6193286,14872412,6861545,15444063,6929928,8287208.431,4482349.854,2.485748178
Pos,18390,Green,22.475,838.78784,TG 49:0|TG 16:0_16:0_17:0,TG 16:0_16:0_17:0,[M+NH4]+,null,1,TRUE,14.841,838.78583,C52H100O6,TG,TTWJTJMWHOYBPQ-UHFFFAOYSA-N,O=C(OCC(OC(=O)CCCCCCCCCCCCCCC)COC(=O)CCCCCCCCCCCCCCCC)CCCCCCCCCCCCCCC,410,FALSE,TRUE,TRUE,Normalized unit: Intensity; Annotation method: Msp20250218112233_NCDK_conventional_converted_dev_1,FALSE,FALSE,18390,0,0,0.99,0.34,0.61,0.83,4,2,2.34,35.62,Y6_N,838.78815:418356 839.79281:264932 840.79748:93435,88.57716:3328 90.51234:3602 95.08555:8093 111.23154:3451 118.65434:3440 127.21394:3502 130.12987:3779 151.59109:3598 158.86383:4140 165.80725:4608 176.07707:4159 192.58382:3477 209.74982:3655 222.02481:4082 226.36505:3942 537.48639:4129 551.50336:13848 565.52020:25403,3431201,3140143,3466338,2955922,3846444,3017613,3677748,3521515,3511714,3268400,3518562,3298803,3087604,3513532,3602019,3094241,3488934,3557633,3005590,2974627,2698132,2872510,3364151,2828524,2349797,2451774,2244907,4397157,4048000,3614765,3801841,3577898,3850847,5346051,3069817,5505860,3435310,3561465,3952036,5333372,3017965,5423706,3680293,3417754,4086169,4441145,4431727,4969818,3832690,3216428,3552818,5795905,3270552,5055510,3400717,3652290.748,801772.9438,2.396320882
Pos,18772,Green,21.446,848.77118,TG 50:2|TG 16:0_16:1_18:1,TG 16:0_16:1_18:1,[M+NH4]+,null,0.84,TRUE,14.446,848.7702,C53H98O6,TG,TWJCMQZMAPGUSG-UHFFFAOYSA-N,O=C(OCC(OC(=O)CCCCCCCC=CCCCCCC)COC(=O)CCCCCCCCCCCCCCC)CCCCCCCC=CCCCCCCCC,410,FALSE,TRUE,TRUE,Normalized unit: Intensity; Annotation method: Msp20250218112233_NCDK_conventional_converted_dev_1,FALSE,FALSE,18772,0,0,1,0.5,0.75,0.89,5,2,2.43,1176.57,Y6_P,848.77161:1505939 849.77627:931882 850.78094:257358,81.06989:14057 83.08546:22640 85.10121:5970 85.57360:3731 95.08553:33056 97.10116:6847 100.94297:3246 120.24490:3522 121.10101:7940 123.11704:4942 143.85576:3693 189.74522:4153 210.60674:3811 215.01497:3969 219.21158:3935 239.23701:6753 265.25284:4339 290.16962:3765 439.00879:4096 549.48883:60460 575.50311:41331 577.52032:70295 686.65198:5040 847.86835:4409,19867705,19789764,23960748,15582082,32577642,20793444,21675970,24239112,24536142,18253460,20827061,19342228,15510724,21678638,23449194,16925606,27358768,18397137,10191723,12848702,11850824,9602061,19016995,11288691,1841078,270199,379781,23771668,22881805,22821478,22019791,22431809,28780145,35641438,15949730,37707753,23698645,23696889,24649222,39218718,12891862,38154437,20536658,23913648,29726192,29691182,23508324,35687249,22568083,16302177,18818922,30291318,16665737,31383689,17306675,21323104.09,8580497.22,1.154611696
Pos,18850,Green,22.107,850.78796,TG 50:1|TG 16:0_16:0_18:1,TG 16:0_16:0_18:1,[M+NH4]+,null,1,TRUE,14.656,850.78583,C53H100O6,TG,YHMDGPZOSGBQRH-UHFFFAOYSA-N,O=C(OCC(OC(=O)CCCCCCCCCCCCCCC)COC(=O)CCCCCCCCCCCCCCC)CCCCCCCC=CCCCCCCCC,410,FALSE,TRUE,TRUE,Normalized unit: Intensity; Annotation method: Msp20250218112233_NCDK_conventional_converted_dev_1,FALSE,FALSE,18850,0,0,0.99,0.5,0.72,0.84,4,2,2.4,1179.39,Y6_P,850.78796:1818774 851.79263:1048856 852.79730:337752,78.52869:3436 81.06988:9271 83.08537:7554 92.23136:8470 95.08543:21180 97.10122:7184 98.49641:3559 109.10113:15992 119.25177:3379 129.77165:3545 135.11679:4718 137.13229:3430 179.93166:4245 227.84894:3838 236.05806:3828 239.23682:7975 246.91739:3781 265.25174:4585 272.50699:3718 426.12048:3665 426.23956:4480 539.11877:5379 551.50391:67388 577.52014:103289 604.03943:4152 762.23596:4177,15815166,13596618,23110573,13223242,26124829,16886951,20437544,17092131,24078606,15813457,17197189,14456928,12973940,13856516,22740782,15552948,23112360,16104127,10042089,9666931,14103698,10025317,17467294,10676505,1449726,1718589,2070456,20792868,20117936,20556364,20581476,19379328,19013591,35596659,14093655,31245450,19255672,21731378,16408358,40837916,13710492,31632565,17873281,22548827,17682358,29480294,21691304,29688778,18281909,15566085,13106665,29815079,16856473,26493429,16283583,18540296.05,7657271.398,2.50356779
Pos,18915,Green,22.736,852.80365,TG 50:0|TG 16:0_16:0_18:0,TG 16:0_16:0_18:0,[M+NH4]+,null,1,TRUE,15.001,852.80151,C53H102O6,TG,DQKMNCLZNGAXNX-UHFFFAOYSA-N,O=C(OCC(OC(=O)CCCCCCCCCCCCCCC)COC(=O)CCCCCCCCCCCCCCCCC)CCCCCCCCCCCCCCC,410,FALSE,TRUE,TRUE,Normalized unit: Intensity; Annotation method: Msp20250218112233_NCDK_conventional_converted_dev_1,FALSE,FALSE,18915,0,0,0.99,0.49,0.7,0.84,4,2,2.39,85.31,QC_4,852.80402:691600 853.80868:510913 854.81335:135399,84.86864:3444 89.32366:3303 95.08547:9104 96.14925:3465 106.70351:3285 111.50491:3402 124.45467:3421 152.24286:3367 156.77705:3370 194.62019:3552 255.76079:3698 271.55176:3774 287.88800:4162 300.22873:3839 401.02402:4251 551.50214:28519 579.53595:43475 682.31573:4364,9382221,8271671,9462270,8340013,10074637,8130720,9036548,9276593,8836984,9340819,8523050,8928670,8607053,9265756,8777709,8481460,9353538,9298843,8945269,8189797,8271055,8391860,8922729,9158983,7919721,8009113,7777579,11272585,9096315,8900307,8408621,9427274,9285888,10260509,8490030,9429370,8813248,8749759,9916171,10579775,8882206,11327203,8569029,9425383,9131785,8896319,9917663,9586726,9451902,7668324,8232046,13350153,9031037,9784093,9530199,9134337.866,955997.1964,2.50937642
Pos,19314,Green,21.715,862.78809,TG 51:2|TG 16:0_17:1_18:1,TG 16:0_17:1_18:1,[M+NH4]+,null,0.85,TRUE,14.598,862.78583,C54H100O6,TG,QLIUVBJPQMDRHV-UHFFFAOYSA-N,O=C(OCC(OC(=O)CCCCCCCC=CCCCCCCC)COC(=O)CCCCCCCCCCCCCCC)CCCCCCCC=CCCCCCCCC,410,FALSE,TRUE,TRUE,Normalized unit: Intensity; Annotation method: Msp20250218112233_NCDK_conventional_converted_dev_1,FALSE,FALSE,19314,0,0,1,0.44,0.67,0.9,5,2,2.41,615.58,Y3_E,862.78741:1480981 863.79208:835627 864.79675:240170,81.06983:14459 83.08546:5738 85.10113:4145 95.08549:8846 95.88526:3379 97.10108:9040 99.53870:4206 106.92612:3808 109.10094:4989 114.88286:3668 120.36003:3826 122.96454:3995 135.11693:4484 147.43288:3689 150.06209:3650 161.58781:3844 210.97523:3555 215.23541:5211 333.16296:4290 337.12021:4371 355.97861:4343 438.86887:4100 521.32373:4057 563.50439:46946 577.51984:35902 589.51904:30447 591.53278:8047 859.81512:5201,7211189,6815252,10680667,5764113,14074084,7953251,10750180,11092884,13978046,9072784,10323704,8308340,7196468,8424030,11948190,8143670,12641517,7971982,4355976,5003125,5969753,4498055,9021819,4880727,62341,151703,232984,11777991,12274198,12008275,11293288,12224542,13702020,23284717,8755551,25700532,12450142,12340657,10123937,24901579,6157402,23046518,9060710,12766966,13490099,19855525,13220368,22902767,11642109,8202229,8758667,19113341,9528995,20055027,9224955,10988908.03,5834074.794,2.619421786
Pos,19396,Green,22.37,864.80383,TG 51:1|TG 16:0_17:0_18:1,TG 16:0_17:0_18:1,[M+NH4]+,null,0.96,TRUE,14.838,864.80151,C54H102O6,TG,RHDRMOUSDQDVCE-UHFFFAOYSA-N,O=C(OCC(OC(=O)CCCCCCCCCCCCCCCC)COC(=O)CCCCCCCCCCCCCCC)CCCCCCCC=CCCCCCCCC,410,FALSE,TRUE,TRUE,Normalized unit: Intensity; Annotation method: Msp20250218112233_NCDK_conventional_converted_dev_1,FALSE,FALSE,19396,0,0,0.99,0.41,0.66,0.89,5,2,2.39,280.8,Y3_F,864.80389:1150385 865.80856:654392 866.81323:205697,75.12951:3532 77.80226:3180 81.06980:7119 83.08547:8489 84.10252:3533 84.67951:3376 85.10110:4414 85.79675:3402 92.23100:11704 95.08537:20713 97.10114:8403 109.10110:17886 110.06631:3575 123.11684:6378 125.21590:3363 425.13300:4445 446.52225:4297 551.50146:4949 563.50098:5253 565.51947:41380 577.51837:27135 591.53552:44134 605.55066:5331 675.16797:5362 759.03217:4473,3723160,3194938,5621888,3060896,6087186,3882838,5646660,5099150,6654737,4572819,4874192,3884842,3379755,3812865,5890278,4252127,6494428,4357204,2337111,2423030,3595689,2585266,4661543,2911700,207117,300831,268676,6024333,5836469,5686188,5774519,5658070,5770238,11072260,4405207,11236091,5630613,6059196,4926546,12217709,4020960,9657656,4565845,6423369,5886270,9245835,6739846,9957545,5542564,4142695,3867718,9142174,5327177,9331003,4663099,5319856.724,2564866.407,2.682696518
Pos,19462,Green,22.916,866.81903,TG 51:0|TG 17:0_17:0_17:0,TG 17:0_17:0_17:0,[M+NH4]+,null,1,TRUE,15.257,866.81708,C54H104O6,TG,FBFWDBGUSMGXPI-UHFFFAOYSA-N,O=C(OCC(OC(=O)CCCCCCCCCCCCCCCC)COC(=O)CCCCCCCCCCCCCCCC)CCCCCCCCCCCCCCCC,410,FALSE,TRUE,TRUE,Normalized unit: Intensity; Annotation method: Msp20250218112233_NCDK_conventional_converted_dev_1,FALSE,FALSE,19462,0,0,0.99,0.08,0.16,0.72,3,2,2.14,18.22,O8_F,866.81885:139788 867.82352:45340 868.82818:0,77.28044:3994 79.38159:3842 86.44612:3785 91.74848:4063 96.45248:3570 126.44173:3487 145.41626:4035 182.42896:3723 296.10239:4186 379.38232:3549 539.13379:4050 579.53693:5351 649.34259:4154 718.26971:4334,1229544,1208637,1490403,1180300,1741158,1090637,1500278,1397592,1206144,1490620,1339093,1490095,1387018,1479225,1382439,1348178,1700910,1371109,1552638,1253154,1197010,1338590,1421475,1230112,823639,1122086,1253496,1873477,1531711,1469810,1458994,1326086,1449206,1944606,1240047,1631024,1266270,1401204,1860173,1864696,1326971,1809334,1515159,1228357,1590777,1429653,1718839,1632133,1542173,1052122,1364643,2349067,1255136,1991899,1339433,1448883.331,266210.7557,2.249609572
Pos,19699,Green,20.902,872.77173,TG 52:4|TG 16:0_18:2_18:2,TG 16:0_18:2_18:2,[M+NH4]+,null,1,TRUE,14.192,872.7702,C55H98O6,TG,LXAWUIOWWNQCQA-UHFFFAOYSA-N,O=C(OCC(OC(=O)CCCCCCCC=CCC=CCCCCC)COC(=O)CCCCCCCCCCCCCCC)CCCCCCCC=CCC=CCCCCC,410,FALSE,TRUE,TRUE,Normalized unit: Intensity; Annotation method: Msp20250218112233_NCDK_conventional_converted_dev_1,FALSE,FALSE,19699,0,0,1,0.24,0.41,0.82,4,2,2.28,49.46,Y4_N,872.77173:306832 873.77640:185174 874.78106:70474,92.23074:4128 95.08548:6693 103.76822:3557 104.57661:3604 123.11678:4085 124.93915:4664 127.04205:3272 130.55301:4822 140.30362:4098 206.05141:3947 250.23526:3752 324.54404:4076 407.12125:4162 407.77234:3641 426.40436:4075 575.50226:17152 599.50433:8712 603.64124:4724 738.71106:4602,2016340,2108505,2142641,1423703,2103213,1467072,2636636,3656323,2528910,2257952,2911056,1674998,1421691,3152317,2277725,1470871,3001616,2292669,1561204,2198168,1714852,1469687,2161521,1633205,909947,1062787,1038606,3585095,2881379,2506598,1915771,1938360,2314700,3231661,2037393,2344625,2197330,2397305,2331781,2632693,1420376,3558710,1662766,1933277,2962397,2528128,2833890,2327065,2356117,2062587,1736570,2804142,2102310,2522113,2135081,2210080.635,631812.5678,1.753038772
Pos,19757,Green,21.461,874.78717,TG 52:3|TG 16:0_18:1_18:2,TG 16:0_18:1_18:2,[M+NH4]+,null,1,TRUE,14.49,874.78583,C55H100O6,TG,KGLAHZTWGPHKFF-UHFFFAOYSA-N,O=C(OCC(OC(=O)CCCCCCCC=CCCCCCCCC)COC(=O)CCCCCCCCCCCCCCC)CCCCCCCC=CCC=CCCCCC,410,FALSE,TRUE,TRUE,Normalized unit: Intensity; Annotation method: Msp20250218112233_NCDK_conventional_converted_dev_1,FALSE,FALSE,19757,0,0,1,0.36,0.6,0.86,5,2,2.36,423.24,O8_E,874.78735:337151 875.79202:220970 876.79669:61863,81.06987:7358 83.08544:5348 95.08549:8945 108.43987:3756 108.71009:4198 109.10144:3882 121.10134:6135 143.12401:4511 149.09979:4102 154.59602:3706 174.45171:3851 207.84225:3643 213.46365:4390 286.50464:4276 331.59744:5496 346.88416:4318 575.50311:24958 577.51929:19979 601.51788:8562 841.53351:4999,14238244,12070391,16491261,11541958,21260797,13329571,12996326,12204276,15651748,11901219,13340532,12562354,10713515,11678949,15076074,12030512,16199248,10969307,7434450,7350044,9313729,7767551,11672148,7332101,1535740,1911343,1758999,14708295,14676548,15002441,13821985,12768202,15083288,21567207,10814838,21434626,13652662,13703287,13013128,23695478,8352792,24005651,11783285,14659648,15087639,17712807,14910265,20357324,14412953,10009554,9799846,18277709,10581835,18318268,10997177,13155293.14,4784070.237,1.531803504
Pos,19833,Green,22.003,876.80389,TG 52:2|TG 16:0_18:1_18:1,TG 16:0_18:1_18:1,[M+NH4]+,null,1,TRUE,14.813,876.80151,C55H102O6,TG,JFISYPWOVQNHLS-UHFFFAOYSA-N,O=C(OCC(OC(=O)CCCCCCCC=CCCCCCCCC)COC(=O)CCCCCCCCCCCCCCC)CCCCCCCC=CCCCCCCCC,410,FALSE,TRUE,TRUE,Normalized unit: Intensity; Annotation method: Msp20250218112233_NCDK_conventional_converted_dev_1,FALSE,FALSE,19833,0,0,0.99,0.47,0.75,0.82,4,2,2.39,747.66,Y5_M,876.80371:4150656 877.80838:2530326 878.81305:782262,76.35880:3590 81.06996:20646 83.08558:20846 85.10130:7418 86.67023:3356 92.22764:14072 93.27291:3518 95.08549:19352 97.10123:5823 107.27156:3573 109.10123:9274 123.11653:5276 133.79280:3345 135.11711:5226 216.16042:3595 235.03548:3715 265.25226:22411 519.19550:4963 577.52008:120286 603.53680:54638,29133672,21183483,41118024,24149090,47697707,30307477,33919283,24288576,43183078,29195254,30027297,26106248,23498878,21124757,41933137,28348017,40070589,28550098,16573505,13990760,24830567,18376446,30946026,19140906,2038862,1556381,2201157,34446038,32303663,33884239,31997376,33071848,26420850,56722781,25804431,49704598,33917155,37139132,22048628,66861379,22751429,50624018,29030136,36559239,24720826,49177734,35223153,46793160,31842780,25209729,17543303,48346233,28457853,40569228,25848521,30736522.48,12735781.67,2.714411384
Pos,19906,Green,22.625,878.81952,TG 52:1|TG 16:0_18:0_18:1,TG 16:0_18:0_18:1,[M+NH4]+,null,1,TRUE,15.047,878.81708,C55H104O6,TG,NPCZZYKITFKRQZ-UHFFFAOYSA-N,O=C(OCC(OC(=O)CCCCCCCCCCCCCCCCC)COC(=O)CCCCCCCCCCCCCCC)CCCCCCCC=CCCCCCCCC,410,FALSE,TRUE,TRUE,Normalized unit: Intensity; Annotation method: Msp20250218112233_NCDK_conventional_converted_dev_1,FALSE,FALSE,19906,0,0,1,0.58,0.82,0.89,5,2,2.46,246.75,QC_2,878.81866:799374 879.82333:493570 880.82800:161582,81.06985:5351 95.08537:7353 95.21909:3501 101.50568:3575 149.13206:3821 163.73700:3724 239.23695:4428 259.95728:4063 331.03815:3803 577.51740:16699 579.53564:18460 605.55402:26969,5337930,4659874,7196097,4921273,7644808,5529649,6210102,5141014,7362969,5413035,5393695,5244333,4114821,4561172,7279462,5301275,6346860,5652072,3810213,3290776,5224408,3940316,5769486,4558834,1219091,1241411,1210995,6621238,6138047,6455978,6129410,5665835,5123325,10323790,4801359,8400848,5793448,6270991,5046563,10937437,5500208,8204230,5501940,6650147,5352147,7891526,7264133,7609316,5276854,4772600,3896627,8526726,5852956,7180672,4940421,5740086.21,1854166.203,2.776459465
Pos,19967,Green,23.124,880.83472,TG 52:0|TG 16:0_18:0_18:0,TG 16:0_18:0_18:0,[M+NH4]+,null,1,TRUE,15.412,880.83282,C55H106O6,TG,SDNYRTVJOFMYIW-UHFFFAOYSA-N,O=C(OCC(OC(=O)CCCCCCCCCCCCCCCCC)COC(=O)CCCCCCCCCCCCCCCCC)CCCCCCCCCCCCCCC,410,FALSE,TRUE,TRUE,Normalized unit: Intensity; Annotation method: Msp20250218112233_NCDK_conventional_converted_dev_1,FALSE,FALSE,19967,0,0,0.99,0.51,0.75,0.84,4,2,2.41,133.72,O5_E,880.83484:662187 881.83951:406587 882.84417:161114,75.40508:3375 81.06976:5420 81.56863:4298 103.38033:3691 109.10102:4175 111.26691:3682 119.99212:4124 141.89894:4061 147.91624:3329 157.46196:3634 173.89021:3437 297.97134:3968 428.19299:4002 565.87103:4416 579.53687:39950 607.56543:29829,8258483,7862844,7983377,7269055,8941413,7174654,7556477,6760964,7210024,7650967,6996048,8019820,7808525,8678347,7309968,7667885,7795632,7507926,8539594,7065961,7185652,7321943,7693851,7467422,7487665,7564226,6811308,9014025,8378931,7988479,7141754,7917299,6940857,7760211,6108798,7736214,6957878,7035091,8141301,8100554,8196693,8398432,8049396,7595030,7756266,7329571,8903651,8077457,7656123,7271657,7049689,12505970,7593640,8314558,7359043,7761247.267,876112.1081,2.157049507
Pos,20244,Green,21.637,888.80389,TG 53:3|TG 17:1_18:1_18:1,TG 17:1_18:1_18:1,[M+NH4]+,null,0.95,TRUE,14.621,888.80151,C56H102O6,TG,ZNQBEJJYVJSZLM-UHFFFAOYSA-N,O=C(OCC(OC(=O)CCCCCCCC=CCCCCCCCC)COC(=O)CCCCCCCC=CCCCCCCCC)CCCCCCCC=CCCCCCCC,410,FALSE,TRUE,TRUE,Normalized unit: Intensity; Annotation method: Msp20250218112233_NCDK_conventional_converted_dev_1,FALSE,FALSE,20244,0,0,1,0.46,0.6,0.83,4,2,2.37,109.31,QC_2,888.80310:346838 889.80777:205109 890.81244:73297,83.08554:3972 92.23100:5414 98.24364:4432 98.54230:3659 149.79060:3560 162.14851:3998 181.91733:4397 204.09123:4180 416.43393:4306 560.06610:4133 582.45807:4991 589.51843:35394 603.53473:21564 651.47211:5396 725.09302:4538,3377426,2178970,4463654,2173661,5526651,3066901,4477422,3640090,5498958,3789439,3757391,3725636,2726376,3092570,4451979,3162773,5162712,3426147,1604822,1582106,2289763,1910115,4033394,1741237,0,0,18374,4435607,4542993,4459051,4172848,4846488,4585486,8271267,3505011,9352825,4894526,4918552,3440197,9080842,2361842,8186391,3912825,4814309,4549294,7403148,5084710,9259936,4357231,3387806,2504614,7217383,3603414,6511295,3307938,4142661.692,2140098.23,2.677763227
Pos,20315,Green,22.263,890.81982,TG 53:2|TG 16:0_18:1_19:1,TG 16:0_18:1_19:1,[M+NH4]+,null,0.95,TRUE,14.888,890.81708,C56H104O6,TG,IDUAWMUEKRFTEE-UHFFFAOYSA-N,O=C(OCC(OC(=O)CCCCCCCC=CCCCCCCCC)COC(=O)CCCCCCCCCCCCCCC)CCCCCCCC=CCCCCCCCCC,410,FALSE,TRUE,TRUE,Normalized unit: Intensity; Annotation method: Msp20250218112233_NCDK_conventional_converted_dev_1,FALSE,FALSE,20315,0,0,0.99,0.44,0.71,0.88,5,2,2.4,154.81,Y4_F,890.81982:1897946 891.82449:1206918 892.82916:356530,81.06976:7013 83.08560:7608 89.71550:3938 91.14994:4018 92.23154:8066 95.08551:22540 97.10103:5616 109.10110:15307 119.90052:3907 121.10124:6026 123.11710:5564 279.26794:5662 324.63577:3865 373.27713:4056 415.30762:3980 482.63049:4384 577.51984:38562 591.53528:46512 603.53259:5667 617.54932:20450,4025244,2624658,7306620,3402275,7554073,4710456,6605550,4124350,8823980,5558692,5691246,4813922,3864278,3275435,8156010,5397693,6648509,4887260,2945012,2102446,4475070,3234650,6076370,3047127,0,16320,61612,6769484,6487366,6704138,6515480,7039965,4732350,14762296,5572045,11609651,6577524,6681839,3640189,15389385,3943547,10152819,5319943,7370387,4505996,11606535,7939563,10430661,6337237,4905635,2952999,11550840,5648680,9217928,5243642,5982490.535,3193971.62,3.075827868
Pos,20489,Green,21.059,896.77209,TG 54:6|TG 16:0_16:0_22:6,TG 16:0_16:0_22:6,[M+NH4]+,null,0.85,TRUE,14.282,896.7702,C57H98O6,TG,GNADFLWMYUNMMR-UHFFFAOYSA-N,O=C(OCC(OC(=O)CCCCCCCCCCCCCCC)COC(=O)CCCCCCCCCCCCCCC)CCC=CCC=CCC=CCC=CCC=CCC=CCC,410,FALSE,TRUE,TRUE,Normalized unit: Intensity; Annotation method: Msp20250218112233_NCDK_conventional_converted_dev_1,FALSE,FALSE,20489,0,0,0.99,0.39,0.59,0.77,4,2,2.32,54.73,O7_N,896.77203:241265 897.77670:138214 898.78137:104454,83.87978:3470 84.59373:3619 87.43021:3688 123.09410:3558 132.85440:4067 180.15775:3949 183.07582:3492 444.76376:4363 551.50250:22551 572.26312:4105 623.50421:6419,751199,498340,620216,484137,1407397,664219,970308,858614,626576,615464,1086717,629426,827729,721080,588551,683867,1647834,752721,420621,290843,221184,297280,1023643,428277,0,0,0,1079611,1003643,972238,1043348,1419269,1094805,878300,652427,1695663,1081007,1649762,1137225,797944,760346,2072131,1184014,1533292,1233331,921335,1169374,1696344,1205629,1284566,734931,800396,824861,1875386,977729,907184.5205,462235.6199,2.107563342
Pos,20490,Green,20.157,896.77228,TG 54:6|TG 18:2_18:2_18:2,TG 18:2_18:2_18:2,[M+NH4]+,null,0.65,TRUE,14.013,896.7702,C57H98O6,TG,HBOQXIRUPVQLKX-UHFFFAOYSA-N,O=C(OCC(OC(=O)CCCCCCCC=CCC=CCCCCC)COC(=O)CCCCCCCC=CCC=CCCCCC)CCCCCCCC=CCC=CCCCCC,410,FALSE,TRUE,TRUE,Normalized unit: Intensity; Annotation method: Msp20250218112233_NCDK_conventional_converted_dev_1,FALSE,FALSE,20490,0,0,0.99,0.2,0.35,0.72,3,2,2.21,21.06,Y4_N,896.77228:114421 897.77695:79238 898.78161:30271,76.01558:3579 81.06962:4102 92.23156:8488 95.08575:6003 101.53619:3555 140.08199:3814 199.23149:4310 392.56506:4111 498.95163:4232 544.24072:4229 548.76605:4250 599.50195:16051 658.29492:4113,676214,466949,461961,538818,617968,405942,567388,563288,522904,465576,556925,615558,507353,643688,564184,574320,674934,540921,464377,528731,459247,274143,332580,323530,427760,376036,395985,726522,675591,589785,492441,471456,686899,640156,510629,731887,626648,606544,651318,480336,549131,1281542,645816,737123,795436,455376,590964,707353,576816,628317,533168,574674,528102,902781,658346,574589.704,154277.1516,2.319434789
Pos,20688,Green,21.934,902.81958,TG 54:3|TG 18:1_18:1_18:1,TG 18:1_18:1_18:1,[M+NH4]+,null,1,TRUE,14.708,902.81708,C57H104O6,TG,PHYFQTYBJUILEZ-UHFFFAOYSA-N,O=C(OCC(OC(=O)CCCCCCCC=CCCCCCCCC)COC(=O)CCCCCCCC=CCCCCCCCC)CCCCCCCC=CCCCCCCCC,410,FALSE,TRUE,TRUE,Normalized unit: Intensity; Annotation method: Msp20250218112233_NCDK_conventional_converted_dev_1,FALSE,FALSE,20688,0,0,0.99,0.43,0.68,0.72,3,2,2.33,270.83,Y5_A,902.81940:1089862 903.82406:693975 904.82873:244944,76.25298:3279 76.84344:3570 78.77153:3697 81.06985:19885 83.08555:18964 83.26637:3450 95.08548:23756 97.10118:20035 103.39441:3703 107.08499:3980 109.10100:9095 110.63434:3596 111.11669:6282 120.45309:3796 121.10116:15648 123.11697:5683 135.11682:9179 164.06233:4226 176.66772:5034 194.81949:4321 224.76184:3992 265.25244:16561 410.32990:4172 464.12665:4350 589.52100:5768 603.53540:210305 767.43628:4676 891.37292:4625,12036689,8865036,15036524,10611121,17702044,11804710,11231946,7853090,13794538,10598450,10288180,10207319,8775078,8307335,13523283,9628943,13268001,9512247,6529610,5512342,8527415,7122590,10261335,7429002,1969648,2230371,2475321,11782469,10999365,11280028,10960869,10565856,8478499,18016263,8973488,15586764,10908307,12619930,7660877,19675383,8708561,18322623,10887278,13331089,8422462,15590738,11731230,16266454,10537252,8914275,6184949,15123336,9447542,13433918,8845797,10697414.05,3785526.277,2.769110217
Pos,20758,Green,22.515,904.83533,TG 54:2|TG 16:0_18:1_20:1,TG 16:0_18:1_20:1,[M+NH4]+,null,0.78,TRUE,15.021,904.83282,C57H106O6,TG,FPUBLSPUCGHELU-UHFFFAOYSA-N,O=C(OCC(OC(=O)CCCCCCCC=CCCCCCCCC)COC(=O)CCCCCCCCCCCCCCC)CCCCCCCCCC=CCCCCCCCC,410,FALSE,TRUE,TRUE,Normalized unit: Intensity; Annotation method: Msp20250218112233_NCDK_conventional_converted_dev_1,FALSE,FALSE,20758,0,0,0.99,0.56,0.82,0.9,5,2,2.46,91.52,Y4_A,904.83514:595895 905.83981:324479 906.84448:117122,80.33966:3640 81.06988:4451 83.29900:3422 83.73522:4452 85.10081:3904 92.22696:10705 92.96693:3850 99.14168:4196 118.17759:3488 123.11670:3583 125.21786:3902 273.01587:4448 577.51880:22745 605.54913:31658 631.56635:28342 668.63672:4407,5253273,3866039,7742296,5273042,7459325,5529791,5472006,3755695,8238967,5318011,4586215,4265960,4061193,3324389,7586031,5349411,5594848,5127018,3236814,2624013,5575165,4200747,5586399,3840467,608628,615439,698748,5917206,5321226,5754069,5468701,5020577,3626361,9789535,4603932,6953166,5344662,5716675,3443740,10818797,4334225,6783554,4948685,6026840,3243258,8144138,5865485,6077325,5165896,4147570,2641641,8334158,4917684,5481762,4176229,5142854.933,1980794.861,2.773993101
Pos,20831,Green,23.026,906.84991,TG 54:1|TG 18:0_18:0_18:1,TG 18:0_18:0_18:1,[M+NH4]+,null,1,TRUE,15.455,906.84839,C57H108O6,TG,YFFIQXNTTVSKJC-UHFFFAOYSA-N,O=C(OCC(OC(=O)CCCCCCCCCCCCCCCCC)COC(=O)CCCCCCCCCCCCCCCCC)CCCCCCCC=CCCCCCCCC,410,FALSE,TRUE,TRUE,Normalized unit: Intensity; Annotation method: Msp20250218112233_NCDK_conventional_converted_dev_1,FALSE,FALSE,20831,0,0,0.99,0.3,0.6,0.84,4,2,2.33,21.74,Y5_M,906.85120:142631 907.85586:70856 908.86053:31700,92.23074:7003 117.35909:4187 146.77686:3708 157.86781:3936 164.96318:3979 200.43542:4739 287.39545:4167 605.55060:9046 607.56287:6191,1158828,950275,1394518,960550,1301869,1096420,1149131,1027326,1160596,1060501,1106110,954676,833913,919713,1216560,1001151,900638,972765,1028520,853569,1058676,908619,1125816,960796,467700,451039,402693,1393688,1076140,1013884,1055268,861678,1062031,1635548,717382,1045499,862804,1105199,888595,1518311,1053329,1259966,1090970,1134110,1122219,1181442,1256442,1130526,1014413,800731,777825,1515761,896878,1228728,859502,1036033.429,236222.19,1.67613464
Pos,20887,Green,23.412,908.86664,TG 54:0|TG 18:0_18:0_18:0,TG 18:0_18:0_18:0,[M+NH4]+,null,1,TRUE,15.88,908.86407,C57H110O6,TG,DCXXMTOCNZCJGO-UHFFFAOYSA-N,O=C(OCC(OC(=O)CCCCCCCCCCCCCCCCC)COC(=O)CCCCCCCCCCCCCCCCC)CCCCCCCCCCCCCCCCC,410,FALSE,TRUE,TRUE,Normalized unit: Intensity; Annotation method: Msp20250218112233_NCDK_conventional_converted_dev_1,FALSE,FALSE,20887,0,0,0.99,0.38,0.63,0.72,3,2,2.3,82.01,O8_M,908.86682:398373 909.87149:306181 910.87616:74923,83.08548:5514 85.10091:4898 95.08546:4257 98.85673:3609 101.15734:3646 103.94247:3525 108.77786:4183 113.45555:4443 113.91470:3782 116.39842:3383 141.82126:4015 171.64348:3865 180.37222:4173 212.64690:3812 242.23856:3694 607.56818:50356 835.21826:4971,4688471,4143806,4129990,4534075,4732843,3992712,4585158,4350303,4309436,4664205,4784433,4237305,4063756,4395271,4897702,4043944,4258718,4156314,4425104,3735026,3927478,4457202,4180839,4449828,3829709,3895846,3980928,5205147,4473748,4806529,4205930,4371072,3852477,5172960,3982746,4474201,4085976,4096600,4222003,4281695,4919610,4554513,4762568,3925241,4395051,4378486,4487436,5036863,4089527,4480338,4452986,8978678,3859467,4754251,4422827,4446896.85,712968.7478,2.827705578
Pos,21128,Green,22.171,916.83527,TG 55:3|TG 18:1_18:1_19:1,TG 18:1_18:1_19:1,[M+NH4]+,null,0.91,TRUE,15.036,916.83282,C58H106O6,TG,ASJJOPLGTKDUEX-UHFFFAOYSA-N,O=C(OCC(OC(=O)CCCCCCCC=CCCCCCCCC)COC(=O)CCCCCCCC=CCCCCCCCCC)CCCCCCCC=CCCCCCCCC,410,FALSE,TRUE,TRUE,Normalized unit: Intensity; Annotation method: Msp20250218112233_NCDK_conventional_converted_dev_1,FALSE,FALSE,21128,0,0,1,0.1,0.21,0.84,4,2,2.21,20.58,Y3_F,916.83398:317179 917.83865:167589 918.84332:69830,79.30933:3731 79.48038:3573 83.08554:4139 86.61819:3377 89.63604:3404 92.22766:7322 110.93087:4171 115.06722:3682 126.89969:3869 134.86871:3685 193.26357:3969 201.84921:4165 202.32965:4036 214.58221:4288 218.53009:4199 225.78777:3671 247.73996:3746 261.93744:3982 265.25259:4451 309.27884:9473 315.09671:3545 332.74490:4308 384.53339:4331 573.34406:4680 603.53259:7992 617.55249:6341 758.11157:4210 868.59973:4700,925440,450484,1489017,821063,2096246,866421,1533208,751929,2135013,1222671,1163639,1037325,712141,448322,1988996,1507943,1569053,976965,610120,240739,1068735,655269,1239277,566796,0,22626,0,1322236,1419603,1221597,1110934,1522180,1020976,3355089,1314146,2533759,1485093,1477215,633878,3715962,877221,2355693,1113871,1629274,663037,2919289,1874677,2389785,1323765,918725,546716,2631437,1351649,1997269,939383,1304798.079,791646.4918,2.672242907
Pos,21195,Green,22.752,918.85046,TG 55:2|TG 16:0_19:1_20:1,TG 16:0_19:1_20:1,[M+NH4]+,null,0.25,TRUE,15.312,918.84839,C58H108O6,TG,QYDSENWDVFCMBL-UHFFFAOYSA-N,O=C(OCC(OC(=O)CCCCCCCC=CCCCCCCCCC)COC(=O)CCCCCCCCCCCCCCC)CCCCCCCCCC=CCCCCCCCC,410,FALSE,TRUE,TRUE,Normalized unit: Intensity; Annotation method: Msp20250218112233_NCDK_conventional_converted_dev_1,FALSE,FALSE,21195,0,0,0.99,0.22,0.36,0.9,5,2,2.29,14.19,Y3_F,918.85046:207520 919.85513:112941 920.85980:45334,75.98097:3507 77.98836:3455 83.24836:3406 87.20349:3563 93.74725:3965 96.20644:3777 164.08943:3809 165.19234:4324 392.41714:4305 407.42563:6040 431.98828:4402 569.88849:4344 591.53479:6791 605.55103:4792 615.06689:4360 645.57996:6004 902.00897:4454,574191,229156,938044,396616,757028,605560,653358,409222,1305567,568454,641779,556896,479743,384843,1099033,718198,596718,553448,426922,301569,717536,469482,681241,410807,35567,0,0,785890,758944,928810,681525,844818,452197,1705083,563699,1070285,739155,726208,340140,1729072,507667,898432,557420,806040,421211,1198093,976878,880208,588203,589758,274113,1488397,720380,849155,536678,675080.7207,357795.9744,2.252819967
Pos,21325,Green,20.958,922.78833,TG 56:7|TG 16:0_18:1_22:6,TG 16:0_18:1_22:6,[M+NH4]+,null,0.95,TRUE,14.315,922.78583,C59H100O6,TG,YGOKCUTVSFRDFI-UHFFFAOYSA-N,O=C(OCC(OC(=O)CCCCCCCC=CCCCCCCCC)COC(=O)CCCCCCCCCCCCCCC)CCC=CCC=CCC=CCC=CCC=CCC=CCC,410,FALSE,TRUE,TRUE,Normalized unit: Intensity; Annotation method: Msp20250218112233_NCDK_conventional_converted_dev_1,FALSE,FALSE,21325,0,0,0.99,0.21,0.42,0.84,5,2,2.28,147.7,O3_N,922.78796:593937 923.79263:382524 924.79730:126760,76.70085:3842 76.78378:3392 79.07752:3499 81.06990:5210 85.10116:6128 86.96770:3845 91.61368:4563 95.08549:5923 102.18330:3584 114.37022:4118 123.48695:4410 124.42708:3974 125.80083:3861 144.86363:4444 192.02330:3933 340.67163:5396 349.27701:3926 508.32574:4613 577.51733:16251 614.68506:4316 623.50201:4557 649.52039:6197 685.09174:4928,2944222,1643059,1965387,1901192,4967220,2632978,3938972,2619145,2060117,2629384,4099673,2525743,3360460,2447562,2284537,2944611,5936643,3137224,1903519,1332122,1098717,1518112,3737611,1533673,0,0,0,3853139,3493016,3620432,3456054,4614952,3654924,2907329,2902118,5540749,4276327,5598731,3055146,3159256,2683792,7382903,3860658,5732144,3817411,3160064,4476220,5621844,4392651,4235046,2450417,2710118,3368421,6410264,3787372,3261516.057,1551062.297,2.709187678
Pos,21694,Green,23.597,936.89746,TG 56:0|TG 16:0_16:0_24:0,TG 16:0_16:0_24:0,[M+NH4]+,null,1,TRUE,16.611,936.89539,C59H114O6,TG,MGQHTRNJHGXXET-UHFFFAOYSA-N,O=C(OCC(OC(=O)CCCCCCCCCCCCCCC)COC(=O)CCCCCCCCCCCCCCCCCCCCCCC)CCCCCCCCCCCCCCC,410,FALSE,TRUE,TRUE,Normalized unit: Intensity; Annotation method: Msp20250218112233_NCDK_conventional_converted_dev_1,FALSE,FALSE,21694,0,0,0.99,0.19,0.32,0.83,4,2,2.25,8129.87,Y6_F,936.89746:341196 937.90213:191985 938.90680:80937,79.48789:3669 103.97111:3811 110.19076:3927 111.02953:3742 135.24988:3649 156.29282:4304 166.16382:4297 229.02193:4197 292.37897:4071 361.34851:4566 551.50409:5243 632.27802:4479 663.62823:8938 745.95172:4459 787.74615:4408,2425312,1538642,1941021,1700109,1738313,1596798,1791203,1445074,1355771,1792970,1873816,2017329,1752502,1791586,1777390,1702042,1879489,1889671,1878308,1666270,1623950,1607917,1753444,1581859,1294941,1520523,1313812,2261973,1897823,1688377,1513722,1511802,1624835,2229770,1497201,1509975,1592280,1493222,1848214,1927322,1671381,1927190,1969177,1497339,1739984,1594506,2298214,2057207,2039743,1664194,1722284,3474140,1433480,1967006,1907667,1778365.307,337249.1813,2.209424896
Pos,21976,Green,20.892,948.80322,TG 58:8|TG 18:1_18:1_22:6,TG 18:1_18:1_22:6,[M+NH4]+,null,0.42,TRUE,14.308,948.80151,C61H102O6,TG,QFVBKJOYLFHVKV-UHFFFAOYSA-N,O=C(OCC(OC(=O)CCCCCCCC=CCCCCCCCC)COC(=O)CCCCCCCC=CCCCCCCCC)CCC=CCC=CCC=CCC=CCC=CCC=CCC,410,FALSE,TRUE,TRUE,Normalized unit: Intensity; Annotation method: Msp20250218112233_NCDK_conventional_converted_dev_1,FALSE,FALSE,21976,0,0,1,0.12,0.23,0.84,4,2,2.22,43.6,O5_N,948.80334:215769 949.80801:144116 950.81268:42142,77.57590:3426 80.99957:4220 81.06982:5588 86.78011:3612 90.31885:4690 103.77419:4101 105.67676:3833 112.13171:3615 142.91431:3816 223.61382:4993 258.53970:4003 457.79852:4349 516.93610:5137 528.67889:4798 536.30688:4371 578.03510:4536 603.53058:6504 637.84320:4729 649.51324:4746,1576631,837152,1583737,1584234,2645089,1544766,2127400,1217469,1432148,1888777,1980367,1444158,1551703,1033118,1442618,2109763,2858846,1803718,922168,581485,896139,1026175,2145121,916435,0,0,31073,1796654,1650592,1799755,1724978,1880140,1353559,1637398,1697775,2504728,2070397,2217204,1153217,1741415,1580927,2798108,1862446,2264298,1327807,1701843,2395192,2284160,2155942,1832047,935629,1384379,2096106,2505522,1746732,1623258.902,641353.743,1.802273692